smiles,sascore,sa_sec,scscore,sc_sec
CN(C)CCNc1c2c(nc3ccccc13)CCCC2O,2.9033,0.263995,3.7422,0.989773
C#CCN(Cc1cc2c(=O)n(C)c(CN3CCN(CC)CC3)nc2cc1Cl)c1ccc(C(=O)NCc2cccnc2)cc1,2.9057,0.000381,5.0,0.049639
CCC(=O)NCC1(O)CCC(C(C)(C)C)CC1,2.5304,0.000166,2.6874,0.08581
CN(C)C(=O)NCc1ccccc1-c1ccc(CN2C(=O)[C@H](NC(=O)C(C)(C)N)CCc3ccccc32)cc1,3.0506,0.000297,4.7749,0.082207
O=C(c1ccc(NC2=NC3CS(=O)(=O)CC3S2)cc1)N1CCN(C(=O)c2ccco2)CC1,3.3847,0.000285,4.924,0.057956
CCOC(=O)Cc1oc2c(c1/C=C/c1ccccc1)C(=O)c1ccccc1C2=O,2.608,0.000253,3.6537,0.043365
CCSc1cc(C2C(C#N)=C(N)Oc3[nH]nc(C)c32)c(C)o1,4.1437,0.000206,3.4511,0.004891
CCCCNC(=O)[C@H](C)C[C@H](O)[C@@H](N)C[C@H](Cc1ccc(OC)c(OCCCOC)c1)C(C)C,3.64,0.000247,4.5848,0.016103
O=C(O)c1cn(CCO)c2ccc(I)cc2c1=O,2.3054,0.000156,3.1062,0.011198
CC(C)(C(=O)Nc1nccs1)[C@H](c1ccccc1)c1ccc2c(cnn2-c2ccc(F)cc2)c1,3.0565,0.000247,4.5945,0.015363
CCCOc1ccccc1-c1noc([C@@H]2CCN2C(=O)c2cc(C)ccc2-n2nccn2)n1,3.1378,0.000258,4.6456,0.026123
C=C1CC[C@H](O)C/C1=C/C=C1\CCC[C@]2(C)[C@@H](C(C)(C)O)CC[C@@H]12,4.3781,0.000205,4.0964,0.00853
C=CCc1ccc(OC)c(-c2ccc(O)c(CC=C)c2)c1,2.3201,0.000168,2.7158,0.013712
CC(C)c1nc(CN(C)C(=O)N[C@@H](CC(=O)O)C(=O)N[C@H](CC[C@H](Cc2ccccc2)NC(=O)OCc2cncs2)Cc2ccccc2)cs1,4.0679,0.000323,4.8375,0.04166
CCCC[N+](CCCC)(CCCC)CCCC,2.3577,0.000129,1.0002,0.012225
Cc1cc(CCC(=O)O)ccc1-c1nnc(-c2ccc(-c3cccs3)c(C#N)c2)s1,2.5798,0.00022,4.6948,0.015022
CN1CC2c3ccccc3Oc3ccc(Cl)cc3C2C1,3.0165,0.000175,3.5938,0.00703
CCCCCOc1cc(O)c2c(c1CC=C(C)C)OC(c1ccc(O)cc1)CC2=O,3.2056,0.000213,3.9738,0.013697
CN1c2nc(-c3ccccc3)cnc2C(NCCN)=NS1(=O)=O,2.9577,0.000183,4.0992,0.03833
Cn1c(=O)c2c(cc(N3CCC[C@@](C)(N)C3)n2Cc2cc(F)ccc2Cl)n(CCCO)c1=O,3.4767,0.000246,4.9855,0.045325
CC(C)(C)CN1CCC2(CC1)CN(c1ccccc1Nc1nnc(-c3cc(Cl)cc(Cl)c3)s1)c1c(O)ccc(Cl)c12,3.6153,0.000285,4.9998,0.046512
CCC(=O)N[C@H]1[C@H](O)[C@@H](O)[C@@H](O[C@@H]([C@H](N)[C@H](O)CO)[C@@H](O)CN)O[C@@H]1CO,4.8104,0.000209,4.076,0.021625
CCCN1C[C@@H](c2ccccc2)N(C2CCN(C(C)CCNC(=O)c3c(C)cc(Cl)nc3C)CC2)C1=O,3.5797,0.000262,5.0,0.071173
O=C([C@@H]1Cc2ccccc2CN1C(=O)CCCCc1ccccc1)N1CCCC1,2.5513,0.000229,3.894,0.03761
Cc1nc(-c2noc3c(F)c4c(cc23)CC2(C(=O)NC(=O)NC2=O)[C@H]2[C@H](C)O[C@H](C)CN42)co1,4.8435,0.000267,5.0,0.034016
c1ccc(COc2ncccc2-c2nnc(Nc3ccc4c(c3)OCCO4)o2)nc1,2.5566,0.000236,4.0865,0.03842
CN1CCN(CCCCNc2cc3cccc4ccc5cccc2c5c43)CC1,2.2511,0.000222,4.086,0.023519
COC(=O)[C@@H]1c2ccoc2C[C@H]2[C@H]1[C@@H](OC(C)=O)[C@H](O)[C@H]1[C@](C)(COC(C)=O)CCC[C@]21C,4.9127,0.000269,3.2265,0.04925
Cc1cncc(-c2cc3c(cn2)cnn3-c2ccc(=O)n([C@H]3CCCNC3)n2)n1,3.5689,0.000235,4.5675,0.054629
Cc1noc(C)c1COc1ccc(S(=O)(=O)N(CC(C)C)c2ccc(Cl)cc2)cc1,2.2898,0.000228,3.8577,0.062095
O=c1ccc2c3c(cc[n+]2Cc2c(F)cccc2F)c2ccccc2n13,2.82,0.000213,3.6278,0.0799
CC(C)C(NC(=O)/C=C/c1cccc([N+](=O)[O-])c1)C(C)C,2.3756,0.000177,2.1943,0.056997
CC(Nc1nc2ccccc2n(C2CCN(C3CCCCCCC3)CC2)c1=O)C(=O)O,2.9293,0.000259,4.5179,0.042186
CCn1cc(NC(=O)c2nc(C3CC3)cnc2Nc2cncnc2)c(C(=O)NC)n1,2.9558,0.000234,4.5967,0.056551
COc1cc(OC)c2c(c1Cl)O[C@@]1(C=C([S+]([O-])c3ccccc3)C(=O)C[C@H]1C)C2=O,4.9816,0.000245,3.6,0.063545
CC(C)(C)c1ccc(S(=O)(=O)N2CCC3=Cc4c(cnn4-c4ccc(F)cc4)C[C@]3(COCCN3CCCCC3)C2)cc1,3.4815,0.000325,4.9964,0.068469
Cc1ccc2nc3[nH]nc(N)c3nc2c1,2.6158,0.000158,3.248,0.066811
CCOC(=O)/C=C/c1cc(C(=O)c2ccc(F)cc2)cn1C,2.3395,0.000189,2.8272,0.065264
CC(Sc1nc(N)cc(O)n1)C(=O)NNC(=O)c1cccc(Cl)c1,2.8984,0.000193,3.2869,0.051662
COc1ccc(N2CCN(C(=O)n3nnc4ccccc43)CC2)cc1,2.099,0.000209,2.8111,0.067099
O=C(O)CCC[C@H]1NC[C@@H]2CCC[N+]3([O-])CCC[C@H]1[C@H]23,4.7581,0.000192,3.7033,0.04772
C[C@@H](Nc1nc(NCC(N)=O)nc(-c2cccc(C(F)(F)F)n2)n1)C1CC1,3.2632,0.00021,4.3332,0.068066
O=C(Nc1ccc(-c2cccc3c2CNC3=O)cc1)Nc1cc(C(F)(F)F)ccc1F,2.3269,0.000223,3.8641,0.082591
COc1ccc(C#Cc2ccc3c(c2)[C@H]2[C@H](CCN2Cc2nccs2)[C@@H](CO)N3)cc1,3.813,0.000248,4.0771,0.063499
COc1ccc(-n2nc(C(=O)CCCO)cc2-c2ccc(S(C)(=O)=O)cc2)cc1,2.2866,0.000214,3.6087,0.054527
O=C(COC(=O)c1ccc(Cl)c(S(=O)(=O)N2CCOCC2)c1)NCc1ccco1,2.2297,0.000213,3.7266,0.009099
O=C(NCc1ccc(Cl)cc1)c1ccc2c(c1)NC(=O)C(CS(=O)(=O)Cc1ccccc1Cl)N2,2.9421,0.000234,4.7328,0.051484
C/C=C1/[C@H](O)C[C@H]2[C@@H]3CCC4C[C@@H](N5CCCCC5)CC[C@]4(C)[C@H]3CC[C@]12C,4.4663,0.000224,4.5138,0.033322
CCCN1CCC2Cc3c(O)cccc3C[C@H]21,3.1858,0.000161,4.2836,0.077832
CCN(CC)C(C)/C=C\c1cc(F)ccc1S(=O)(=O)Nc1ccc2c(c1C(=O)O)CCCC2,3.3803,0.000256,4.5028,0.05427
C[C@H]1CN(CCCc2ccsc2)CC[C@@]1(C)c1cccc(O)c1,3.1908,0.000203,4.8323,0.068485
Cc1ccc(NC(=O)c2sc3nc(-c4ccncc4)ccc3c2N)cc1,2.1449,0.000205,4.058,0.054068
CC(=O)Nc1cc(F)c(C(=O)O)cc1NC(=O)c1ccccc1,1.8639,0.000181,2.9274,0.060136
C/C(=C\CC[C@]1(C)CC[C@@H]([C@@H](C)C(=O)O)OO1)CCC12OC1(C)CCCC2(C)C,4.9283,0.000232,2.9804,0.069642
COc1ccc(C(=O)NC(CC(=O)O)c2ccc(C(C)(C)C)cc2)cc1,2.293,0.0002,2.8176,0.097628
CN(Cc1ccc(-c2ccccc2S(N)(=O)=O)cc1)C(=O)CCC(=O)NCc1cccc(OC(F)(F)F)c1,2.4202,0.000275,4.3565,0.091557
COc1ccc(C(CNCCc2ccc(C)cc2)N2CCN(c3ccccc3)CC2)cc1,2.457,0.000236,4.1448,0.069569
Cc1nn(CC(=O)NC(=O)NC2CCCC(C)C2C)c(=O)c(C#N)c1C,3.4394,0.000225,4.6298,0.035927
COc1ccc(C2C(c3ccc(OC)c(OC)c3)[C@H](C(=O)NCCCC/N=C(\N)NCC=C(C)C)[C@@H]2C(=O)NCCCC/N=C(\N)NCC=C(C)C)cc1OC,4.6119,0.00035,4.7563,0.027383
O=C(NCc1ccccc1)C1=C[C@H](c2ccc(C(F)(F)F)cc2)C[C@H](OCc2ccc(CO)cc2)O1,3.1944,0.000281,3.3674,0.092656
CN1C(=O)NC(=O)C12Cc1ccc(NC(=O)CN(Cc3ccccc3F)C(=O)C(C)(C)C)cc1C2,3.6975,0.000272,4.4664,0.06079
Cc1cnn(C2CN(CC(=O)NCCOc3ccccc3)C2)c1,2.2132,0.000194,3.795,0.109686
O=C(CSc1nc2ccc(Nc3nc(N4CCCCC4)nc(N4CCCCC4)n3)cc2s1)Nc1ccccc1,2.5687,0.000314,4.8367,0.115396
COc1ccccc1CN1CCC(CNC(=O)c2cnn(-c3ccc(C)c(C)c3)c2C2CCN(C(=O)OC(C)(C)C)CC2)CC1,2.7602,0.000378,4.423,0.020621
CN(C)CCN1C(=O)c2cccc3cc4c(O)cccc4c(c23)C1=O,2.3661,0.000214,3.8858,0.059165
COc1ccc(-c2csc(NC(=O)[C@H]3CCCCN3S(=O)(=O)c3ccccc3Cl)n2)cc1,2.6389,0.000266,3.8481,0.050571
O=C1Nc2cc([N+](=O)[O-])ccc2/C1=C(/Nc1ccc(CN2CCCCC2)cc1)c1ccccc1,2.3463,0.000296,3.6518,0.064006
CC(C)[C@H](NC(=O)[C@@H](N)CNC(=O)c1cc(O)ccc1O)C(=O)N[C@@H](CC1CCCCC1)C(=O)NC(C)(C)Cc1ccc(I)cc1I,4.0675,0.000341,4.7685,0.104848
Nc1nc(NCCNc2ncc(-c3ncc[nH]3)c(-c3ccc(Br)cc3F)n2)ccc1[N+](=O)[O-],2.9797,0.000276,4.3032,0.077334
COc1ccc2[nH]cc(C3=CCCN(C)C3)c2c1,2.4321,0.000173,3.1831,0.085529
CN(C)c1ccc(/C=C/c2sc3ccccc3[n+]2Cc2cccc(Oc3ccccc3)c2)cc1,2.5339,0.000256,3.7928,0.077733
NS(=O)(=O)c1ccc(Nc2nc(-c3cc4ccccc4oc3=O)cs2)cc1,2.2342,0.00023,4.0697,0.087787
CC1(C)N([O])C(c2ccc(C(=O)[O-])cc2)=[N+]([O-])C1(C)C,3.4661,0.000178,2.5942,0.079195
CC(=O)NC[C@H]1CN(c2ccc(-c3ccc(Cn4ccnn4)cc3)c(F)c2)C(=O)O1,2.9732,0.000242,4.5076,0.090663
Cc1c(S(=O)(=O)Nc2cccc(CCN3CCCCC3CCN3CCCC3)c2)sc2ccc(Cl)cc12,3.0834,0.000279,5.0,0.075495
CCOc1ccc(-c2c(C)nn3c(C)c(C(=O)Nc4ccccc4C(=O)OC)cnc23)cc1OCC,2.4395,0.000275,3.8776,0.086471
Cc1cc(C)cc(C(=O)N[C@H](Cc2ccc(-c3ccc(CN(C)C)o3)cc2)C(=O)N[C@@H](Cc2c[nH]c3ccccc23)C(=O)O)c1,3.3561,0.000322,4.9801,0.08649
CC(OC(=O)Nc1cccc(Cl)c1)C(=O)O,2.3134,0.000155,1.9945,0.088653
O=C(/C=C/c1ccc(F)cc1)c1ccc([N+](=O)[O-])cc1,1.8031,0.000175,1.8824,0.115407
COCO[C@@H](c1ccccc1)[C@@H](CN1CCOCC1)c1ccccc1,2.9645,0.000217,2.5005,0.075637
COc1ccc(OC)c(S(=O)(=O)N/N=C\c2ccc3c(c2)OCO3)c1,2.2623,0.000203,2.2576,0.063637
C[N+](C)(C)CCSP1(=O)OCCCO1,4.1751,0.000129,2.0975,0.078995
CC1(c2ccc(Oc3ccccc3)cc2)OC(=O)N(Nc2ccc(C(F)(F)F)cc2)C1=O,2.9834,0.000239,3.6109,0.067355
Cc1cccc(Nc2nc(-c3ccccn3)cs2)n1,2.1626,0.000166,2.8674,0.066951
CCCCC(NC(=O)[C@@H](Cc1c(C)[nH]c2ccccc12)NC(=O)C(CC(C)C)NC(=O)N1[C@H](C)CCC[C@@H]1C)C(=O)O,3.9469,0.0003,4.8333,0.090261
COc1ccc(C(=O)O)cc1CCCn1cnc2c1NC=NCC2O,3.3444,0.000229,3.9285,0.073414
Oc1ccc(Cl)cc1Cn1c(O)nc2ccncc21,2.513,0.000171,3.6095,0.07962
COc1ccc(/C=C/C(=O)CC(=O)/C=C/c2ccc(O)cc2)cc1,2.2015,0.000185,2.3995,0.058676
COc1cc([C@@H](C(=O)N2CCCC[C@H]2C(=O)N[C@@H](CC(C)C)C(N)=O)C2CCCCC2)cc(OC)c1OC,3.5433,0.000265,3.9301,0.060583
CC(C)CC(Br)C(=O)Nc1nnc(C(F)(F)F)s1,3.1822,0.000168,3.1393,0.059155
CCN(CC)CCCOC(=O)C(C)(c1ccccc1)C1CCCCC1,2.8443,0.000198,3.0923,0.053632
C=C(C)[C@@H]1CC[C@]2(C(=O)O)CC[C@]3(C)[C@H](CC[C@@H]4[C@@]5(C)CC[C@H](OCc6cn(-c7ccc8c(c7)OCO8)nn6)C(C)(C)[C@@H]5CC[C@]43C)[C@@H]12,5.0916,0.000357,4.0216,0.066424
CC[C@@](C)(O)[C@H]1C[C@@]23C=C[C@]1(OC)[C@@H]1Oc4c(OC)ccc5c4[C@@]12CCN(CC1CC1)[C@@H]3C5,6.483,0.000299,4.0587,0.037901
O=C(NCCNCC(O)COc1ccc(OCCOC2CCCC2)cc1)Nc1ccccc1C(F)(F)F,2.9398,0.000276,4.6525,0.035199
Cc1nc2c(c(C)c1CC(=O)NCc1cccc(C#N)c1)c(=O)[nH]n2C,2.6216,0.000203,4.1449,0.022859
COc1ccc(NC(=O)CCNS(=O)(=O)c2ccc3c(c2)CCN3C(=O)C2CC2)cc1Cl,2.2836,0.000228,4.3939,0.069518
Cc1ccc(-n2nc(C)cc2NC(=O)COc2cc(C)cc3oc(=O)c4c(c23)CCC4)cc1,2.5348,0.000269,4.6499,0.091847
N=C(N)c1ccc2oc(/C=C/C=C/C=C/c3cc4cc(C(=N)N)ccc4o3)cc2c1,3.1002,0.00024,4.8198,0.0741
Nc1c(C(=O)c2ccccc2)cnn1-c1ccccc1F,1.9279,0.000189,2.5792,0.056472
C(=C/Cc1cc2ccc(C3=NCCN3)cc2[nH]1)\Cc1cc2ccc(C3=NCCN3)cc2[nH]1,3.3791,0.000229,4.9127,0.065669
CCOC(=O)[C@H](CCc1ccccc1)N[C@@H](C)C(=O)N1CCC[C@H]1C(=O)O,3.051,0.000222,3.0604,0.094085
CC1(CCCCCCc2ccccc2)C(=O)N(c2ccc(Cl)cc2)N(c2ccc(Cl)cc2)C1=O,2.5994,0.000259,3.6889,0.06204
CC(N)C(=O)c1ccco1,2.766,0.000144,1.6999,0.06344
N=C(N)c1ccc(NC(=O)[C@H](NS(=O)(=O)c2ccc(C(F)(F)F)cc2)C2CCCCC2)cc1,2.8454,0.000235,4.4448,0.075852
CC1CCN(C(c2ccc(C(F)(F)F)nc2)c2ccc(C(C)C(=O)O)cc2-c2ccc(C(F)(F)F)cc2)CC1,3.4837,0.000344,4.7142,0.062435
C=C(C)[C@@H]1CC[C@]2(C(=O)OCCCBr)CC[C@]3(C)[C@H](CC[C@@H]4[C@@]5(C)CCC(=O)C(C)(C)[C@@H]5CC[C@]43C)[C@@H]12,4.8411,0.000313,3.1245,0.078343
Cc1nc(N)sc1-c1csc(Nc2cc(N(C)C)ccc2Cl)n1,2.5793,0.000214,4.0818,0.075473
CC(C)(COc1ccc(-c2ccc(-c3ncc(C(C)(C)C(F)(F)F)[nH]3)cn2)cc1)C(=O)O,2.8726,0.000232,4.3398,0.077595
C[n+]1ccc(Nc2ccc(NC(=O)c3ccc(N)cc3[N+](=O)[O-])cc2)cc1,2.4193,0.00021,2.4224,0.070609
Cc1ccccc1NC(=O)CSc1nnc2ccc(-c3ccccn3)nn12,2.2218,0.000224,3.8242,0.062976
CCCCCNC(=O)CC[C@H](NS(=O)(=O)c1ccc(-c2ccccc2)cc1)C(=O)O,2.4281,0.000221,3.78,0.061096
COc1ccc(C(=O)CSc2cc(C)nc(O)n2)cc1,2.2825,0.000174,2.1319,0.059752
Cc1cc(C)cc(Nc2cnn(C34CC5CC(CC(CC(=O)O)(C5)C3)C4)c(=O)c2Cl)c1,4.7566,0.00025,4.2761,0.072546
O=C(CCCCc1cc(C(=O)NO)no1)Nc1nc(-c2ccccc2)cs1,2.3526,0.000215,4.4079,0.034642
O=C(c1ccoc1)N(Cc1cccnc1)C1CC1,2.2639,0.000163,3.2107,0.071461
CN1CCN(c2ccc(N/C=C3\C(=O)NC(=O)c4ccc(-c5ccccc5)cc43)cc2)CC1,2.3443,0.000249,4.7575,0.029071
O=C(CSCC(=O)N1CCOCC1)Nc1nc(-c2ccccc2)cs1,2.1164,0.000241,3.3315,0.048205
O=c1[nH]c(=O)n([C@H]2C[C@H](O)[C@@H](CO)O2)cc1-c1cn(-c2cc(F)cc(F)c2)nn1,3.7939,0.00025,4.4831,0.022586
CCOC(=O)C1CCN(CCC(=O)Nc2ccc(C)c(C)c2)CC1,1.8779,0.0002,2.9679,0.106243
COc1ccccc1N1CCC2(CCN(CCCSc3nnc(-c4ccccc4)n3C)CC2)CC1,2.9329,0.000274,4.9799,0.065694
Cc1cccc(NC(=O)c2nn(C)c(-c3ccccc3)c2C)n1,2.1613,0.000195,3.8724,0.023756
O=S(=O)(Nc1nc2ccccc2nc1Cl)c1ccc(F)cc1,1.986,0.000177,2.6367,0.04936
Fc1ccc(-c2cc(-c3nc4ncccc4[nH]3)c3ccccc3n2)cc1,2.1921,0.000203,3.7692,0.029957
Cc1ccc(-c2cc(Cc3ccncc3)c(O)nn2)cc1,2.2989,0.000179,3.5771,0.067612
O=[N+]([O-])c1ccc2[nH]c3c(c2c1)CCCC3NCc1ccccc1,2.6643,0.000214,3.258,0.042881
CC1N=CN(Nc2cccc(Cl)c2)C1c1cccc(C#N)c1,3.6476,0.000185,3.322,0.054334
COc1ccc(CNC(=O)C2CCCN2C(=O)Nc2cccc(Cl)c2)cc1,2.3209,0.000217,3.6414,0.189326
C[C@]12CC[C@H](c3ccc(O)cc3F)C[C@@H]1CC[C@@H]2O,3.5709,0.000183,3.5764,0.029502
NC(=O)CC[C@H](NC(=O)CNC(=O)c1ccc2c(c1)C(=O)C(=O)c1ccccc1-2)C(=O)N1CCC[C@H]1C(=O)N[C@@H](CCC(=O)O)C(=O)NCC(=O)O,3.8559,0.000385,4.4894,0.072807
Cc1c2c(=O)n(-c3nc4ccccc4s3)n(Cc3ccccn3)c2cc(=O)n1CC1CCOC1,3.4851,0.000335,4.9892,0.032359
CCCC/C=C/C(=O)N[C@@H](Cc1cc(F)cc(F)c1)C(=O)N[C@H]1CNC(=O)[C@@H]2C[C@@H](C)CN2C(=O)[C@H](C)NC(=O)[C@@H]2CCCCN2C(=O)[C@@H]2CCCN2C1=O,5.3295,0.000417,5.0,0.022381
Cc1noc([C@H]2C[C@H]3CN(C(=O)Cc4ccsc4)CC[C@H]3O2)n1,3.861,0.00022,4.2183,0.005458
CCOC(=O)C1CCN(C(=O)c2c(-c3c(Cl)cccc3Cl)noc2C)CC1,2.297,0.000202,2.9966,0.021366
CC1=N/C(=C/c2ccc(F)cc2)C(=O)N1c1ccc(/C(C)=N/NC(N)=S)cc1,2.6105,0.000204,3.568,0.049461
COCCN(c1sc2ccccc2c1Br)S(=O)(=O)c1ccc(C(=O)O)cc1,2.4479,0.000216,3.4543,0.137726
COc1cc(C(=O)N2CCCC(C(=O)N3CCN(c4ncccn4)CC3)C2)cc(OC)c1OC,2.7825,0.000262,3.9538,0.097409
O=C(O)[C@@H]1NCC=C[C@@H]1O,4.2097,0.000125,2.3071,0.070648
CC(=O)Nc1nc(=O)c2[nH]cnc2[nH]1,2.7596,0.000135,2.8785,0.047339
COc1ccc(/C=N/N2CCOCC2)cc1COc1ccc(F)cc1,2.2338,0.000193,2.6972,0.037255
Cc1ccc2c(c1)-c1nc(N)nc(-c3ccco3)c1C2,2.5164,0.000174,3.5098,0.064531
CCCCCC(O)(Cn1cncn1)c1ccc(Cl)cc1Cl,2.9864,0.000178,3.1623,0.064034
NS(=O)(=O)c1cccc(N2CCNCC2)c1,2.0378,0.000158,2.6479,0.02821
COc1ccc(-c2nc3cc(NC(=O)COc4ccccc4C)ccc3o2)cc1,1.9429,0.000222,4.2396,0.032895
CCN(CC)C(=O)COc1c(CNCCCNC(=O)C2=CC(C)(C)NC2(C)C)cccc1OC,2.9089,0.000246,4.645,0.045355
Cc1oc(-c2ccccc2)nc1CCOc1ccc(CCC(=O)O)c(CNC(=O)NCc2ccccc2)c1,2.4204,0.000265,4.9964,0.085291
CN(C)C(=N)c1ccc2cc(-c3cnc(-c4cc5ccc(C(=N)N(C)C)cc5[nH]4)s3)[nH]c2c1,3.2388,0.000273,4.8633,0.079739
Fc1cccc(N2CCCC3(C2)CN(c2cnccn2)CCO3)c1,3.525,0.000225,4.3496,0.024689
CC[C@H]1OC(=O)[C@H](C)C(=O)[C@H](C)[C@@H](O[C@@H]2O[C@H](C)C[C@H](N(C)C)[C@H]2O)[C@](C)(OC)C[C@@H](C)/C(=N\OC[C@@H](N)C(=O)[O-])[C@H](C)[C@@H](O)[C@]1(C)O,6.1169,0.014533,3.6894,0.027603
NC1CCN(c2c(F)cc3c(=O)c(C(=O)O)cn(-c4ccc(F)cc4F)c3c2F)C1,3.1281,0.000231,4.1963,0.072754
O=[N+]([O-])c1cc(CSc2nnc(CCCCCN3CCCCC3)o2)cc([N+](=O)[O-])c1,2.5934,0.000231,3.7243,0.082722
FC(F)(F)c1cc(NC(=S)OCCc2ccccn2)ccc1Cl,2.3604,0.000187,3.3253,0.036645
CCOC(=O)CN(c1ccccn1)S(=O)(=O)c1ccc(OC)cc1,2.0906,0.000181,2.1313,0.060742
COc1ccc2c(c1)[C@@]1(C)CCC[C@@](C)(C(=O)O)[C@@H]1CC2,3.3258,0.00018,2.8536,0.030694
Nc1cc(OCCN2c3ccccc3C=Cc3ccccc32)nc(N)n1,2.5921,0.000195,3.848,0.037328
Oc1ccc(CSc2cc3ccccc3[n+](CCCCCC3CCCCC3)c2)cc1,2.6222,0.000219,3.6657,0.035967
Cc1cc(N2CCN(C)CC2)nc2ccccc12,1.8643,0.000159,3.034,0.065862
O=c1c2ccccc2nc2n1C(CSc1ccc(F)cc1)CS2,2.8298,0.000194,3.3569,0.067146
COc1ccc(CCNc2cc(C)nc3c(-c4ccccc4)c(C)nn23)cc1OC,2.2628,0.000215,4.2034,0.056085
CC1CCC(NC(=O)C2CCN(c3cnccn3)CC2)CC1,2.2281,0.000181,3.7012,0.065128
COc1cccc2c1CCCC2NCCN1CCN(c2ccccc2)CC1,2.5395,0.000202,4.417,0.067645
CCN(CCCCCCOc1ccc(/C=C/c2cc(OC)cc(OC)c2)cc1)Cc1ccc(F)cc1,2.3134,0.000239,4.0071,0.079616
CCCCCc1nc2ccccc2c(O)c1C(=O)OCC,2.1398,0.000184,2.9623,0.075509
c1ccc2c(c1)[nH]c1c[n+](CCCCCCCCC[n+]3ccc4c(c3)[nH]c3ccccc34)ccc12,2.835,0.000251,2.9499,0.044839
O=C(Cc1c[nH]c2ccccc12)NNC(=S)Nc1cccnc1,2.1633,0.000236,3.0315,0.074975
O=C1NC(=O)C(c2ccc(Oc3ccccc3)cc2)(N2CCCN(C(=O)Cc3ccc(Cl)cc3)CC2)C(=O)N1,2.6475,0.000336,4.3172,0.034277
COc1ccc(Br)c2oc(SC)cc(=O)c12,2.7988,0.000158,2.4066,0.038947
O=C(O)CCC(NC(=O)Oc1ccc(N(CCCl)CCCl)cc1)C(=O)O,2.8549,0.000192,3.7063,0.072701
COc1cc2[nH]c(C(=O)c3cnn(-c4ccc5[nH]c(C)nc5c4)c3N)cc2cc1Cl,2.7931,0.00024,4.3728,0.09869
NC1CC1c1cccc(OCC[C@H](NC(=O)c2ccccc2)C(=O)NCc2ccccc2)c1,2.9869,0.000271,4.0234,0.079574
O=C(COC(=O)[C@@H]1CCCN1C(=O)c1cccs1)NCCc1ccccc1,2.4982,0.00028,3.4042,0.068303
C[C@@H](O[C@H]1CN2C(=O)C(N)C[C@H]2[C@@H]1c1ccc(F)cc1)c1cc(C(F)(F)F)cc(C(F)(F)F)c1,4.1414,0.000305,4.2803,0.068433
Cc1noc(NS(=O)(=O)c2ccc(NC(=O)/C(C#N)=C/c3ccco3)cc2)c1C,2.5645,0.000231,3.7744,0.038601
Cc1nc(O)nc(O)c1N1CCOCC1,2.8569,0.000145,2.6299,0.037076
COc1ccc(S(=O)(=O)N2CCc3ccc(Cl)cc32)cc1C(=O)O,2.0803,0.000199,2.9188,0.038345
CC[C@@]1(OC(=O)CN/C(CCOCC2CC(C)(C)N([O])C(C)(C)C2)=N/S(=O)(=O)c2ccc(C)cc2)C(=O)OCc2c1cc1n(c2=O)Cc2cc3ccccc3nc2-1,4.4149,0.000386,4.9864,0.057585
CC(C)=CCC/C(C)=C/CO/N=C1/C[C@@H](O)[C@@H](O)[C@@H]2[C@@H]3C(=O)N(Cc4ccccc4)C(=O)[C@H]3CC[C@@H]12,4.4509,0.000287,3.65,0.0373
CC(C)C[C@H](NC(=O)OCc1ccccc1)C(=O)N[C@@H](Cc1ccccc1)C(=O)N[C@H](/C=C/C(=O)N1CCCC1=O)CCC(N)=O,3.7348,0.000309,4.3034,0.0208
CCN(CCO)Cc1ccn2c(-c3ccnc([C@@H](C)c4ccccc4)n3)c(-c3ccc(F)cc3)nc2c1,3.2428,0.00028,4.9996,0.036032
CC(C)n1cc(C(=O)c2cncc(NC(=O)Cc3cccc(CN4CCC4)c3)c2)c2cncnc21,2.6694,0.000275,4.9998,0.038477
CC(C)N1CC(CNC(=O)c2cc3ccccc3n2Cc2cc(-c3ccc(Cl)s3)on2)C1,2.7545,0.000251,4.9996,0.072241
CN(C)CCC(/C=C/c1ccccc1)=N\Nc1ccccc1,2.3173,0.000188,2.7204,0.030003
COc1ccc(N2CCN(C(=O)C(NC(=O)c3c(F)cccc3F)C(C)C)CC2)cc1,2.546,0.00025,3.7578,0.03962
Cc1ccc([C@H]2N[C@]3(CCCN(Cc4ccccc4)C3=O)[C@H]3C(=O)N(C)C(=O)[C@@H]23)cc1,4.0077,0.000248,4.0045,0.044069
Cc1cc(-c2ccc3c4c([nH]c3c2F)-c2ccc(C3=NCCN3)cc2CC4)ccc1F,2.876,0.000248,4.4997,0.053929
CCCOCCc1cc(-c2ccc(S(C)(=O)=O)cc2)n(-c2cccc(F)c2)c1C,2.3904,0.000221,4.3678,0.065005
O=C(CN1CCCC(c2ncc[nH]2)C1)NCCCN1CCCCCC1=O,2.9679,0.000217,4.965,0.038572
O=C(/C=C/c1cn(S(=O)(=O)c2ccc([N+](=O)[O-])cc2)c2ccccc12)c1ccncc1,2.4212,0.000225,2.8622,0.03862
CCCCN1CCC2(C1)OC(OC)Cc1ccccc12,3.8328,0.000178,3.817,0.059558
O=P(O)(O)C(F)(F)c1ccc(COCCOCc2ccc(C(F)(F)P(=O)(O)O)cc2)cc1,2.7397,0.000198,3.9903,0.080679
COC(=O)C1=CO[C@H](O[C@@H]2O[C@H](CO)[C@@H](O)[C@H](O)[C@H]2O)[C@H]2[C@@H]1C=C[C@@]21C=C(C(=O)c2ccc(O)cc2)C(=O)O1,5.4863,0.000289,2.8832,0.067488
CSc1ccc(Cc2nn(C)c(=O)c3ccccc23)cc1,2.0577,0.000173,3.5929,0.077502
Cc1ccc2c(c1)/C(=C(\O)Nc1ncc(C)s1)C(=O)N(C)C2=O,2.6961,0.000186,4.0175,0.071148
COc1ccc(-c2nc3scc(CCNC(=O)c4cc(OC)cc(OC)c4)n3n2)cc1,2.377,0.000221,3.9742,0.06272
CN(C)C(=O)N1CCC2(CC1)CN(CC1CC1)CC21CCNC1=O,4.4123,0.000196,4.5906,0.085956
O=S(=O)(CCl)Nc1ccc(Nc2c3ccccc3nc3ccccc23)cc1,2.1215,0.000197,3.2839,0.058647
CCCCCCOc1cccc(CC2CN=C(N)N=C2N)c1,3.1857,0.000175,3.3948,0.087035
CCc1ccc(NC(=O)CSc2nnc[nH]2)cc1,2.3936,0.000152,2.9898,0.059272
CC(=O)N1CCN(/N=C/c2c(Cl)nc3sccn23)C1=O,3.2713,0.000172,3.6991,0.056681
Cc1c(CC(=O)O)c2cc(OC(=O)CCC(=O)OCc3ccccc3)ccc2n1C(CCCOc1ccccc1)c1ccc(Cl)cc1,3.2157,0.000295,4.176,0.055652
COC(=O)[C@H](NC(=O)[C@@H](N)CC(=O)O)[C@@H](C)O,3.0301,0.000141,2.8524,0.062409
CC(C)[C@H]1NC(=O)[C@@H](Cc2cccc(Cl)c2)NCCOc2ccccc2CCCNC(=O)[C@H](CN)NC1=O,4.2605,0.000262,4.7135,0.043548
O=C(CCN1CCN2Cc3ccccc3CC2C1)Nc1ccccc1Cl,2.5751,0.0002,4.3001,0.052994
COc1ccc(Nc2nc(C)nc3c(Cc4ccccc4)c[nH]c23)c(OC)c1,2.3947,0.000207,4.0609,0.08528
Cc1cc(SC2=C(O)OC(CCc3ccc(O)cc3)(C3CC3)CC2=O)c(C(C)(C)C)cc1NS(=O)(=O)c1ccccc1,3.6413,0.000285,4.625,0.066521
Cc1c(CN(C)C(=O)/C=C/c2cnc3c(c2)NCCC(=O)N3)[nH]c2ccccc12,3.0105,0.000219,4.6458,0.077591
Cc1cc(N2CCOCC2)nc(N2CCOCC2)c1C#N,2.4269,0.000168,3.0016,0.074466
COC(=O)CSCc1nc2ccccc2nc1O,2.4007,0.000152,2.4944,0.065473
CC(C)n1c2ccccc2c2cc([N+](=O)[O-])ccc21,2.0245,0.000157,2.7728,0.033092
COc1cc2c(cc1-c1c(C)noc1C)[nH]c1nc(C)nc(Nc3nn(C)c4cccc(F)c34)c12,3.1723,0.000246,4.997,0.056897
C[C@H](CCCOS(=O)(=O)[O-])[C@H]1CC[C@H]2[C@@H]3CC[C@H]4C[C@H](OS(=O)(=O)[O-])[C@@H](OS(=O)(=O)[O-])C[C@]4(C)[C@H]3CC[C@]12C,5.4772,0.000269,2.6792,0.06961
CC(C)[Si](OC1=C(C(=O)N(C)c2ccccc2Cl)CCCCC1)(C(C)C)C(C)C,2.9729,0.000193,2.7038,0.060928
CCCOc1nn(CCC)cc1C(=O)N1CCN(c2ccccc2Cl)CC1,2.3026,0.000195,3.8644,0.07565
CN(Cc1cccc(Cl)c1Cl)C(=O)CCNC(=O)c1ccco1,2.1437,0.000169,3.255,0.15819
COc1cc2c(cc1OC)C(=O)/C(=C\c1cn(-c3ccc(F)cc3)nc1-c1cc3ccccc3oc1=O)C2,2.7221,0.00027,4.5307,0.07386
COc1cccc(CCOc2cc(C(=O)NCC3CCN(c4ccncc4)CC3)ccc2Cl)c1,2.28,0.000248,4.5976,0.086638
Cc1cc2cc3c(O)nc(O)nc3nc2cc1C,2.7849,0.000158,3.1926,0.102606
COCCC1CCCCN1C(=O)c1ccc2nc(Cc3ccccc3F)oc2c1,2.8405,0.000234,4.4976,0.073669
Oc1ccc(-c2cnc3c(O)nc(O)nc3n2)cc1,2.706,0.000173,2.7994,0.073483
CO[C@@H]1[C@H](OP(=O)(O)OCCc2ccc(CCN(C)C(=O)[C@H]3[C@@H](C(=O)O)[C@@H]4CC[C@H]3O4)cc2)[C@@H](CO)O[C@H]1n1cnc2c(=O)[nH]c(N)nc21,5.6891,0.000349,4.9903,0.064621
CC(=O)Nc1ccc(S(=O)(=O)Nc2cccn(Cc3ccc(C)cc3)c2=O)cc1,2.0336,0.000226,2.7366,0.069291
C/C(N)=C(/C#N)C(=O)COC(=O)CNS(=O)(=O)c1ccc2ccccc2c1,2.468,0.000199,3.1142,0.099081
CCN(CC)CN1C(=O)C(=O)c2c(Cl)cccc21,2.3763,0.000159,2.6013,0.096568
COc1nc(NCc2ccccc2)nc([N+]23CC[N+](CCCl)(CC2)CC3)n1,4.2797,0.000237,2.3991,0.172441
Cc1c(NC(=O)CSc2nc(C(C)(C)C)cs2)c(=O)n(-c2ccccc2)n1C,2.4848,0.00029,3.3852,0.111404
O=C(COc1ccccc1)N(Cc1ccc(-c2ccc(CNC3Cc4ccccc4C3)cc2)cc1)C1CCNCC1,2.5186,0.000363,4.9998,0.085446
Cc1ccc(Oc2ccc(C(=O)NC3CC(C)(C)NC(C)(C)C3)cc2)cc1,2.169,0.000274,3.0978,0.09835
O=C1Nc2ccccc2CN(CC2CC2)C12CCNC2,3.7395,0.000247,3.9289,0.082608
CO[C@]1(C)C[C@H](c2ccc(O)cc2)c2c(c3ccccc3oc2=O)O1,3.4422,0.000269,3.3204,0.066471
CC(C)S(=O)(=O)NC[C@H]1CC[C@H](NC(=O)CN2CCc3cc(F)ccc32)CC1,2.5043,0.000284,4.6545,0.071393
CCN(CC)CCCNCc1nccc2c3ccccc3n(CCCc3ccccc3)c12,2.41,0.000249,4.9992,0.050677
COc1ccc2c(c1)c(CC(=O)Nc1ccc(NC(C)=O)cc1)c(C)n2C(=O)c1ccc(Cl)cc1,2.2172,0.000326,3.3799,0.053263
COc1ccccc1C1C2=C(N=c3s/c(=C\c4cccc(OCC(=O)O)c4)c(=O)n31)c1ccccc1C(OC)C2,3.6318,0.00032,4.7101,0.081451
CCC[C@@H](C(=O)O)c1c(C)nc2ccc(Cl)cc2c1-c1ccccc1,2.6086,0.000222,3.4485,0.096409
O=C1OC2(CCN(Cc3ccccc3)CC2)Cc2ccccc21,2.5603,0.00021,2.3256,0.093582
CC[C@H]1OC(=O)[C@H](C)[C@H]2OC/C(=N\Oc3ccccc3-c3ccccc3)CCO[C@](C)(C[C@@H](C)C(=O)[C@H](C)[C@H]3NC(=O)O[C@@]31C)[C@H](O[C@@H]1O[C@H](C)C[C@H](N(C)C)[C@H]1O)[C@H]2C,6.8992,0.000421,3.7329,0.089536
CCOCn1cc(C#N)c2c(N(C)C)ncnc21,2.9357,0.000196,3.6634,0.064062
CC(=O)O[C@H]1CC[C@]2(C)[C@H]3CC[C@@H]4C5=C(C(C)C)C(=O)C[C@]5(C(=O)OCCN5CCCC5)CC[C@@]4(C)[C@]3(C)CC[C@H]2C1(C)C,4.7865,0.000328,4.3574,0.078117
Cc1nc2ccc(C(=O)NC(C)C)cc2n2c(-c3cc(F)ccc3Cl)nnc12,2.4133,0.00023,4.8925,0.13708
COc1ccc(-c2nc3cc(C)c(C)cc3[nH]2)c(OC)c1OC,2.2036,0.000194,3.1834,0.067338
CCc1ccc(/C=N/n2c(S)nnc2-c2cnccn2)cc1,2.6062,0.000192,3.419,0.069837
O=C(O)C(Br)C(Br)c1ccccc1[N+](=O)[O-],3.2411,0.000149,1.5342,0.069654
Cc1ccc(C(=O)O)c(N)c1,1.7145,0.000122,1.5346,0.11547
O=C(CSc1nc2ccc[nH]c-2n1)c1ccc(F)cc1,2.3313,0.000186,2.7681,0.112235
O=C(Nc1ccc2c(c1)OCO2)C1CC1,1.7268,0.000151,1.994,0.067289
CN(C)Cc1ccc(CSCCNC(=O)NCCSCc2ccc(CN(C)C)o2)o1,2.8632,0.000213,3.5435,0.071601
CC(=O)N1CCN(C(=O)Cc2ccc(Cl)c(Cl)c2)C(CN2CCCC2)C1,2.7392,0.000219,4.4533,0.071473
CCCn1c(=O)c2nc(-c3ccc(OCC(=O)Nc4ccc(F)cc4)cc3)[nH]c2n(CCC)c1=O,2.5056,0.000264,4.7327,0.067218
Cc1cccc2c1OCN(c1ccccc1)C2,2.0534,0.00018,3.024,0.102902
CN(/N=C/c1cccc2ccccc12)C(N)=S,2.4259,0.000163,2.5665,0.040196
N#Cc1cc(S(=O)(=O)Nc2ccc(F)cn2)ccc1Oc1ccc(Cl)cc1-c1cn[nH]c1,2.701,0.000242,4.1376,0.065564
C=C(C)c1cnc([N+](=O)[O-])n1C,3.184,0.00013,2.254,0.061584
Fc1cccc(CNC2=N[C@H](c3cccc(F)c3)[C@H](c3cccc(F)c3)N2)c1,3.155,0.000247,3.5391,0.085682
CC(C)C(=O)CC[C@]1(C)C2Cc3ccc(O)cc3[C@@]1(C)CCN2C,4.5919,0.000242,4.2673,0.09702
O=C(NCCN1CCCC1)c1cccnc1Oc1ccc(Nc2ccccn2)cc1,2.1762,0.000244,4.1152,0.056428
c1ccc(Cc2nnc(CN3CCCC(Cn4cncn4)C3)o2)cc1,2.8665,0.000212,4.5152,0.072077
O=C(O)c1noc(-c2ccccc2)c1-c1cccc(-c2cccc(O)c2)c1,2.2078,0.000206,3.7278,0.064606
CCCCOc1ccc(C(=O)C2=C(O)C(=O)N(CCN(C)C)C2c2ccc(O)c(OC)c2)cc1,2.8332,0.000254,4.3682,0.069537
Cc1nn(C)cc1CNC(=O)C1C2CCC(O2)C1C(=O)O,4.3597,0.000189,3.7715,0.07796
COP1(=S)NCC(c2cc(Cl)cc(Cl)c2)O1,4.3293,0.00015,2.6258,0.089249
CC(C)CC1C(=O)N(Cc2cn(Cc3ccco3)nn2)CCS(=O)(=O)N1Cc1ccc(-c2cccc(CO)c2)cc1,3.4991,0.000284,4.7257,0.070372
O=C(CSc1ccc2nnc(-c3ccccc3)n2n1)N1CCN(c2ccccc2)CC1,2.2675,0.00023,4.3734,0.089242
COc1ccc(N2C(=O)C(Cl)=C(N3CCOCC3)C2=O)cc1,2.1701,0.000206,3.2313,0.066043
O=C(Cc1cc(Br)cc(Br)c1OC(=O)c1ccccc1Cl)Nc1ccncc1[N+](=O)[O-],2.5153,0.000243,3.1294,0.07235
COc1ccc(/C=N/NC(=O)c2cccc(C(=O)N/N=C/c3ccc(OC)c(OC)c3)n2)cc1OC,2.4215,0.000258,2.6255,0.100832
N#Cc1ccc(C(=O)N[C@H]2C[C@@H]2c2ccccc2)cc1,2.56,0.000196,3.1883,0.053097
CN(C1(C(=O)O)CCCC1)S(=O)(=O)c1ccc2c(Cl)cnc(N=C(N)N)c2c1,3.1026,0.000222,4.6281,0.060024
COc1ccc(/C=C2\CCC/C(=C\c3ccc(O)cc3)C2=O)cc1OC,2.256,0.000216,2.6966,0.075626
NNC[C@H](O)c1ccccc1,2.4376,0.000138,1.8326,0.069892
O=C(NCCCCCCn1c(-c2ccccc2)c(-c2ccccc2)c2ccccc21)Oc1ccccc1,2.2169,0.000283,4.0459,0.050515
C[C@@H]1CN(c2cc(-c3cc(Cl)c4c(N)ncnn34)ccc2C#N)C(=O)C(C)(C)O1,3.7576,0.000247,4.7737,0.120609
CC(=O)N[C@@H]1[C@@H](OC(C)=O)[C@H](OC(C)=O)[C@@H](COC(C)=O)O[C@H]1SC(=S)N(C)C,4.1729,0.00024,2.5316,0.067
CCCCC/C=C/C(=O)CCc1ccc(OC)c(OC)c1,2.0688,0.000181,2.6881,0.058376
c1ccc2nc(COc3ccc4ncn(Cc5ccncc5)c4c3)ccc2c1,2.2323,0.000211,4.1423,0.071598
CCCCc1c(-c2ccccc2OC)ncn1Cc1cccc(-c2ccccc2)c1,2.1459,0.000214,4.0772,0.071555
CC[C@@H](NC(=O)[C@@H]1CNC[C@H](N2CC(=O)N(c3ccccc3Cl)CC2(C)C)C1)c1ccc(F)cc1,3.7514,0.00026,4.8025,0.045539
Cc1ccc(S/C(=C/c2sccc2C)C(=O)c2ccc(Cl)cc2)cc1,2.4797,0.000189,2.5003,0.023455
O=C(c1ccc(NS(=O)(=O)c2cccc3cccnc23)cc1)N1CC(O)(c2ccccc2)C1,2.3295,0.000234,3.7464,0.067973
CCCCNC(=O)C[C@@H]1C[C@@]2(C(=O)OC)CCCCC=C2N(CCc2ccc(OC)c(OC)c2)C1=O,3.492,0.000264,4.0375,0.056946
COc1ccc2ccn(S(=O)(=O)c3ccc(Cl)c(NC4CCN(C)CC4)c3)c2c1,2.4194,0.000218,4.0099,0.056318
CNC(=O)[C@H](NC(=O)C(CCc1ccccc1)CP(=O)(O)Cc1ccccc1)C(C)(C)C,3.424,0.000232,4.0784,0.077973
Cc1ccc(NC(=O)c2oc3ccc(S(=O)(=O)N4CCCCCC4)cc3c2C)c(C)c1,2.2018,0.000233,3.9982,0.061131
CC1CCc2c(sc3nc(-c4cc5cc(Br)ccc5oc4=O)[nH]c(=O)c23)C1,3.0969,0.000228,4.3994,0.097517
CC(C)[C@H](NC(=O)OCc1ccccn1)C(=O)N[C@@H](Cc1ccccc1)C(O)[C@H](Cc1ccccc1)NC(=O)[C@H](NC(=O)OCc1ccccn1)C(C)C,4.0633,0.000334,4.1348,0.105481
COC(=O)N/N=C/c1sc(N2CCCCC2)nc1-c1cccs1,2.6463,0.0002,3.6642,0.131389
C[C@H]1CN(c2ccncc2Nc2ncc3ccc(-c4nccs4)nn23)C[C@@H](N)[C@@H]1O,4.1512,0.000255,4.7618,0.086634
CC1(C)N=C(N)N=C(N)N1c1ccc2ccccc2c1,2.5055,0.00018,2.9456,0.106487
CN(CC(=O)Nc1nc2cc3nc(NC(=O)CN(C)C4CCCCC4)sc3cc2s1)C1CCCCC1,2.7717,0.00025,4.7336,0.106658
COc1ccc(-n2c(C)c([N+](=O)[O-])c3ccc(O)c(CN(C)C)c32)cc1,2.5676,0.00022,3.209,0.077117
O/N=C1\CN2CCC1CC2,3.7813,0.000133,2.4905,0.069863
[3H]C1C[C@@H](C(=O)O)N(C(=O)CCC(=O)[C@H](Cc2ccccc2)NC(=O)c2ccccc2)C1,3.5073,0.000235,3.5449,0.060741
CCOc1ccc(N(CC(=O)N2CCN(C(=O)CN(c3ccc(OCC)cc3)S(C)(=O)=O)CC2)S(C)(=O)=O)cc1,2.5249,0.000248,4.3462,0.084604
COC1(C)C(=O)N(C)c2cc(-c3ccc(C[C@@H](C#N)NC(=O)[C@H]4N[C@@H]5CC[C@H]4C5)cc3)ccc21,5.0449,0.000319,4.9998,0.057361
Cc1cc(Cn2cc(CN(C(=O)[C@H]3CNCC[C@]3(O)c3ccc(F)c(F)c3)C3CC3)c3c(F)cccc32)ccn1,3.8264,0.000315,4.9999,0.071509
N#Cc1ccc2sn(-c3ccc(Cl)cc3)c(=O)c2c1,2.4384,0.00019,3.0997,0.07434
O=C(CCCc1cn[nH]c1)N1C[C@@H](CN2CCCC2)C[C@H](CO)C1,3.3731,0.000211,4.4444,0.093942
COc1ccc(/C(=N/NC(N)=O)c2ccccc2)cc1OC1CCCC1,2.2292,0.00023,2.7898,0.068276
O=C(O)C1(Cc2nc3cc(OCc4ccc5ccccc5n4)ccc3n2Cc2ccccn2)CCCC1,2.6832,0.000276,4.6032,0.100584
CCCCn1c(=O)[nH]c(=O)c2c1nc(-c1ccc([N+](=O)[O-])cc1)n2CC,2.3853,0.000218,3.8574,0.10094
COc1nc(Cl)nc(C)c1Nc1nc(Br)cn([C@@H](COCCF)C2CC2)c1=O,3.8617,0.000235,4.0613,0.060075
Nc1nc(NCCc2cccnc2)nc2sc(-c3ccco3)nc12,2.6498,0.000209,4.6659,0.077543
COC(=O)c1ccc(C2C(C(=O)c3cccnc3)=C(O)C(=O)N2CCc2coc3ccccc23)cc1,2.9826,0.000268,4.1789,0.076692
O=C(/C(=C\c1ccc(F)cc1F)S(=O)(=O)c1ccc(Br)cc1)c1ccc(Br)cc1,2.4422,0.000233,2.7574,0.058415
CCCCc1c(OC(C)=O)c2cccnc2n(-c2ccc(OC(C)=O)c(C(=O)O)c2)c1=O,2.6463,0.000246,4.1246,0.077512
CC(=O)Nc1nc(CN2CCCC2Cn2cccn2)cs1,2.9304,0.000208,4.2322,0.056518
COc1c(C)cc(N)c(C[S+]([O-])c2nc3ccccc3[nH]2)c1C,3.7172,0.000194,3.6485,0.073957
COc1cccc(-c2cc(F)ccc2[C@H]2Cc3nc(N)nc(C)c3C(NOCC3O[C@@H](OC)[C@H](O)[C@@H]3O)=N2)n1,4.5217,0.000577,4.9537,0.075082
O=C(c1ccccc1)c1c(-c2ccccc2)[nH]c2ccc(Cl)cc2c1=O,2.0148,0.000273,3.1551,0.060392
COc1ccc(C2=NOC(C)(c3nnc(-c4ccc(F)cc4)o3)C2)cc1,2.9507,0.000227,3.7065,0.067438
CCOC(=O)O/C(=C1\C(=O)N(C(N)=O)c2cc(Cl)c(F)cc21)c1cccs1,3.0004,0.000236,4.0287,0.04656
N[C@@H](Cc1ccc(O)cc1)C(=O)N1CCC[C@H]1C(=O)N[C@@H](Cc1ccccc1)C(=O)Nc1cccc2cnccc12,3.3469,0.000295,4.4288,0.062639
O=C(CSc1cc(-c2nn(CC(O)CN3CCC(c4ccccn4)CC3)c3c2CNCC3)ccc1C(F)(F)F)N1CCOCC1,3.6998,0.000346,5.0,0.08267
NC(=S)N1N=C(c2ccc(Br)c(Br)c2)CC1c1ccc(O)cc1,3.0303,0.000206,3.2415,0.091016
O=C(NCCNCC1COc2ccccc2O1)c1ccco1,2.666,0.00019,3.2201,0.054606
COc1ccccc1NC(=O)CSc1nc(N)c(-c2ccccc2)c(O)n1,2.176,0.000205,3.6465,0.089225
O=c1[nH]c(=O)n([C@H]2C[C@H](O[N+](=O)[O-])[C@@H](CO)O2)cc1I,3.9785,0.00019,2.9432,0.064506
O=C(CCCl)Nc1cccc2cccnc12,1.8896,0.000141,1.8086,0.051224
COc1cccc(-c2nc(Nc3cccc(C#N)c3)c3ccccc3n2)c1,2.0385,0.000202,3.3778,0.073678
CNc1cc[n+](C)c2ccccc12,2.5755,0.000138,1.7241,0.054007
CCOc1ccc(Nc2c(C)c(NCC3CCCN3)c(C#N)c3ccnn23)cc1,3.354,0.000238,4.3687,0.052317
C[C@H](O)[C@@H](C)Nc1nc(Nc2ccc(S(=N)(=O)CCO)cc2)ncc1Br,3.8277,0.00021,4.0384,0.026732
CCOC(=O)c1c(-c2ccc(F)cc2)cc2c3ccccc3ccn12,2.2044,0.000199,3.1983,0.070424
COc1ccc2c(c1NC(=O)C(C)(C)CCCCCCOCC(C)C)OCCC2=O,2.8074,0.000222,3.5289,0.047565
CC(C)Cn1nnnc1S(=O)(=O)CC#N,3.1425,0.000139,2.3251,0.052773
O=C(Nc1cc(Cl)ccc1N1CCCC(O)C1)c1cnn2cccnc12,2.8305,0.000211,4.2627,0.062605
C/N=C(\S)N(C)CCNc1c2ccccc2nc2c(C(=O)NCCOC(C)=O)cccc12,2.8724,0.000235,4.3704,0.067579
Cn1cc[n+](CC(=O)c2ccc(-c3ccccc3)cc2)c1,2.3336,0.000175,1.2984,0.054595
CCCCNC(=O)Oc1ccc(Cl)cc1C(=O)Nc1cccc(Cl)c1,1.9202,0.000187,2.7655,0.084688
CCCCCC1=CC2=C(C(=O)OC)C(c3ccccc3)NC(=O)N2CC1,3.1877,0.000212,3.4496,0.046557
CCCCOC(=O)c1cccc(-c2cc(C(=O)Nc3ccncc3)ccc2CN)c1,2.1648,0.000214,4.0309,0.076745
O=C(CN1CCOCC1)N1CC=C(c2ccc(NC(=O)N3Cc4ccccc4C3)cc2)CC1,2.4434,0.000247,4.4939,0.054478
CCn1cc(NC(=O)NCC(c2ccsc2)N(C)C)cn1,2.8972,0.000185,4.329,0.051527
COCCNC(=O)CCCn1c(SCC(=O)c2ccc(Br)cc2)nc2c(sc3ccccc32)c1=O,2.5203,0.000266,4.3162,0.084627
CC(=O)c1ccc(-c2cccc(Nc3nccc(C(F)(F)F)n3)c2)cc1,2.0928,0.000205,3.622,0.084496
C=C1C[C@@]23O[C@]2(c2ccccc21)C1CC(OC(=O)[C@H](O)[C@@H](NC(=O)NC(C)C)c2ccccc2)C3(C)C1(C)C,5.4334,0.000318,3.6564,0.075549
O=C(CCOCCOCCO)Oc1ccc2c3c1O[C@H]1C(=O)CC[C@@]4(O)[C@@H](C2)N(CC2CC2)CC[C@]314,5.2819,0.000298,3.8855,0.065403
Cc1cc(C(=O)N/N=C/c2ccc(N(C)C)cc2)c2ccccc2n1,2.0539,0.0002,3.2858,0.098503
COc1ccc(OCC(O)CN2CCN(CC(O)COc3ccc(OC)cc3)CC2)cc1,2.7502,0.000219,3.0833,0.100602
C/C(=N/NC(N)=S)c1ccccc1[N+](=O)[O-],2.3052,0.00015,1.8002,0.088565
CCCCCCCCCCC(NC(=O)OC(C)(C)C)C(=O)N(CCC[N+](C)(C)C)OCc1ccccc1,3.2546,0.000251,2.6624,0.059687
OC[C@H]1O[C@H](Cn2cc(-c3cccnc3)nn2)[C@@H](O)[C@@H](O)[C@@H]1O,3.7587,0.0002,3.4941,0.063433
CCOC(=O)C1=C(C)N(c2cccc(C(F)(F)F)c2)C(=O)N(C)C1c1ccc(C#N)cc1-c1ccnn1C,3.3897,0.000278,4.2275,0.073754
CCCCCC1CC(COc2ccccc2)OC1=O,2.8526,0.00018,3.1369,0.071493
CCCN1CCCC1CNC(=O)c1ccc2c(c1)NC(=O)/C(=C/c1ccccc1F)S2,2.981,0.000235,4.7136,0.072677
N#Cc1ccc(Cn2ccnn2)cc1,2.1983,0.000134,2.294,0.062674
COC(=O)C1=C(N)Oc2c(oc(CO)cc2=O)C1c1c(F)cccc1Cl,3.3242,0.000215,3.9653,0.072598
[O-]/[N+](=C\c1ccccc1)c1ccc(Br)cc1,2.1056,0.000147,1.5343,0.077103
CC#C[C@H](c1ccc(Oc2ccc(C(F)(F)F)cc2OC(F)F)cc1)[C@H]1OC(=O)NC1=O,3.771,0.00025,3.8897,0.066212
CC(C)c1ccc(C(=O)Nc2ccc(-c3nc4ccccc4s3)c(Cl)c2)cc1,1.9527,0.000206,3.5655,0.103581
Cc1nc2ccccc2c2c1O[C@]1(CC2)C[C@H]2C(=O)N[C@]3(C(=O)NS(=O)(=O)C4(C)CC4)C[C@H]3/C=C\CCCCC[C@H](NC(=O)OC(C)(C)C)C(=O)N2C1,5.7504,0.000395,4.8313,0.065479
Fc1ccc2nc(-c3ccccc3)nc(Nc3ccccc3)c2c1,1.7859,0.000197,3.4791,0.075247
O=C(CN1CCN(c2ccc(F)cc2)CC1)Nc1nc2c(o1)CCCC2,2.4411,0.000212,4.5159,0.089592
O=C(NO)C1COC(c2cc(F)cc(C(F)(F)F)c2)=N1,3.28,0.000178,3.6237,0.056627
COCC(=O)Nc1ccc2c(c1)[C@@H]1C[C@H](CC(=O)NCc3ccccc3)O[C@@H](CO)[C@@H]1O2,3.4998,0.000242,3.8332,0.084733
Cn1nccc1C(=O)N1CCN(c2ccc(F)cc2)CC1,2.0015,0.000186,3.1615,0.083849
O=C(/C=C(O)/C=C/c1cccnc1)/C=C/c1ccc(O)c(O)c1,2.7435,0.000204,3.0524,0.040029
COC(=O)NCCCc1cc([C@@H](C)N(C(=O)[C@H]2CNCCO2)C2CC2)cc(OC)n1,3.7051,0.00024,4.2893,0.080734
CC(=O)C1C(c2ccncc2)NC(=O)NC1(O)C(F)(F)F,3.6967,0.00018,3.0175,0.085256
COc1ccc2ncc(C(=O)N3CCC4(CC3)Cc3cn(C(C)(C)C)nc3C(=O)N4)cc2c1,3.4676,0.000266,4.3833,0.070088
CC(C)[C@@H]1NC(=O)Cn2cc(nn2)-c2csc(n2)CNC(=O)C[C@@H](/C=C/CCS)OC1=O,5.9446,0.000272,4.9999,0.112054
C/C=C(/C)C(=O)OC[C@H]1c2c(O)c(OC)c(C)c(OC(=O)c3cnc4ccccc4c3)c2C[C@H]2[C@H]3C4=C(C[C@H]([C@H](C#N)N12)N3C)C(=O)C(C)=C(OC)C4=O,5.6733,0.000396,4.9625,0.045048
CC(C)(C)OC(=O)NCCCCCCCCCCn1c2c(c3ccccc3c1=O)C(=O)c1ccccc1-2,2.4683,0.000264,3.6266,0.057259
CN(C)CCN1CCC[C@H](NC(=O)N2CC[C@@H]3[C@H]2C(=O)N3S(=O)(=O)O)CC1,3.6175,0.000225,4.7968,0.06976
Cc1cccc(CN2CC[C@@H]3O[C@@H](C(=O)N4CCN(C)CC4)C[C@@H]32)n1,3.6566,0.000212,4.101,0.063183
COc1ccccc1C(=O)C[n+]1ccn(C)c1,2.6214,0.000164,1.3081,0.05767
CCc1ccc2c(c1)c(-c1ccc[nH]c1=O)c(C(=O)NS(=O)(=O)C1CC1)n2Cc1cc(S(C)(=O)=O)c(C#N)cc1F,3.1906,0.000293,5.0,0.083488
Cc1nc2c(c(-c3ccc(Cl)cc3Cl)c1CN)C(=O)N(Cc1ccn(C)n1)C2,2.8735,0.000229,4.7023,0.09604
CC(C)[C@H]1NC(=O)C[C@@H](/C=C/CCCC(=O)O)NC(=O)[C@@H](Cc2ccc(O)cc2)NC(=O)[C@@H](C)NC1=O,4.5695,0.000276,4.9568,0.091018
CCCn1c(=O)c2c(nc(-c3ccccc3)n2C)n(CCSCC)c1=O,2.5184,0.000207,4.102,0.092002
COc1cnc2nc(-c3ccc(C4(N)CCC4)cc3)c(-c3ccccc3)n2c1,2.5724,0.000222,4.5468,0.083461
O=C(CNC(=O)c1ccccc1Cl)N/N=C/C=C/c1ccccc1,2.0722,0.000191,2.4997,0.092231
CC(=O)OC[C@H]1O[C@@H](Sc2ccc(NC(=O)c3ccc4nc(C)ccc4c3O)cc2)[C@H](OC(C)=O)[C@@H](OC(C)=O)[C@@H]1OC(C)=O,4.1469,0.000312,3.652,0.089571
O=C(O)c1cn(Cc2ccc(-c3ccccc3)cc2)c2cnccc2c1=O,2.0365,0.000209,3.9405,0.074428
Cc1ccc(CCNC(=O)c2cn(C)c3ccc(S(=O)(=O)N(C)C4CCCCC4)cc3c2=O)cc1,2.4189,0.00025,4.5992,0.081577
CCCCC(=O)O[C@H]1C[C@@H](C)C=C2C=C[C@H](C)[C@H](CC[C@@H]3C[C@@H](O)CC(=O)O3)C21,4.5244,0.000237,4.4247,0.050452
C[C@@H](CO)Nc1cc(-n2ncc3cc(C#N)cnc32)ncc1C(=O)NCCC1CC1,3.342,0.000234,4.7329,0.05561
CCCCCCCCCC(=O)C(O)c1ccc(Cl)cc1,2.4227,0.000164,2.5663,0.072568
COc1ccc2c(O)c(Br)c(C)nc2c1,2.2653,0.00014,2.3919,0.074743
N#Cc1c(/N=C/c2ccccc2)sc2c1CCCC2,2.3799,0.000174,2.7928,0.062696
O=C(NCCCN1CCOCC1)C(=O)NCc1ccco1,2.1294,0.000181,3.733,0.060556
CN1CCCC1CCNCc1coc(-c2ccc(OC3CCCC3)cc2)n1,2.9255,0.000218,4.894,0.048749
Nc1nc(C(CCN2CCCCC2)C(=O)NCc2cc(C(F)(F)F)cc(C(F)(F)F)c2)cs1,3.1906,0.00024,4.0804,0.076143
Cc1c(-c2ccccc2)c(N2CC[C@H](N(C)C)C2)c2[nH]c(C(C)(C)C)nc2c1C#N,3.3822,0.000246,4.9488,0.083028
C#CC(CC)(CC)NC(=O)c1cc(S(=O)(=O)N2CCCCC2)ccc1N1CCOCC1,2.6508,0.000242,4.0913,0.07323
CCCNC(=S)Nc1cc(-n2cccn2)ncn1,2.4779,0.000176,3.1686,0.012362
NC1=NC(c2cccc(OCc3ccccc3)c2)N(c2ccc(Cl)cc2)C(N)=N1,2.7995,0.000224,3.351,0.021511
CN(CC(=O)Nc1cccc(F)c1)C(=O)c1cn(-c2ccccc2)nc1-c1ccccc1,2.0939,0.000225,4.4249,0.050269
CC(C)(C)/C(COc1ccccc1[N+](=O)[O-])=N/O,2.5216,0.000149,2.1101,0.040121
CCCC(=O)OC[C@H](O)[C@H]1OC(O)=C(O[C@@H]2OC(CO)[C@@H](O)C(O)[C@@H]2O)C1=O,4.6166,0.00022,2.8375,0.039367
CCCCc1ccc(Oc2nc(NCc3ccccc3)c3sccc3n2)cc1,2.2497,0.000207,3.9467,0.078016
COc1cccc(C(=O)/C=C/c2cc3c(c4c2OC(C)(C)C=C4)OC[C@@H](c2ccc(OC)cc2OC)C3)c1,3.4822,0.000296,4.1088,0.046936
COc1ccccc1Nc1nnc(SCC(=O)N2CCCC2=O)s1,2.2935,0.000195,4.157,0.062702
COc1ccc2c(Sc3ccccc3)c(C(=O)NCc3cccc(OC)c3OC)[nH]c2c1,2.3528,0.000239,3.5243,0.045337
CS(=O)(=O)c1cccc(-c2nc(C3(c4ccc(-c5cnc(N)nc5)nc4)CCC3)no2)c1,2.8574,0.000233,4.9532,0.053557
CO[C@@H]1C=C[C@]23C(=O)CN(Cc4cc5c(cc42)OCO5)[C@H]3C1,5.1574,0.00022,3.2509,0.047502
COc1cccc(-c2cccc(C3(c4ccncc4)N=C(N)N(C)C3=O)c2)c1,2.9004,0.000211,4.3408,0.008274
CC(C)(C)NCC(O)CSc1nc(-c2ccc(C(N)=O)s2)cs1,3.24,0.000182,3.9651,0.065293
Cc1c(F)cccc1NC(=O)Nc1ccc(Cl)c(S(=O)(=O)[C@H]2CCNC2)c1O,3.0595,0.000228,4.1199,0.056275
Clc1cc(CO/N=C/C2CN3CCC2CC3)on1,4.5117,0.000189,3.5968,0.034992
O=C(NCCCCSSCCCCNC(=O)/C(Cc1ccc(O)c(Br)c1)=N/O)/C(Cc1ccc(O)c(Br)c1)=N/O,3.3453,0.000272,3.7774,0.101683
CC(=O)Nc1ccccc1NC(=O)C/C(C)=N/NC(=O)C(=O)Nc1cccc(Cl)c1C,2.3443,0.000219,3.2265,0.056525
CCOc1nc(-c2sc3sc(-c4ccc(C#N)c(OCC)n4)c(-c4ccccc4)c3c2C)ccc1C#N,3.1586,0.000277,4.7245,0.04102
CC(C)c1csc2ncnc(N3CC4CC3CC4OCCN3CC[C@@H](F)C3)c12,4.9835,0.000241,4.9971,0.04041
CCN(C(=O)C1CCN(S(=O)(=O)c2ccc3c(c2)CCCN3C(=O)C2CCC2)CC1)c1cccc(C)c1,2.57,0.000265,4.9806,0.029693
CN(C(=O)c1cc2c(s1)-c1ccccc1OC2)c1cccc(F)c1,2.3752,0.00019,3.7395,0.051345
O=C(CO)N1CCC(c2nnc3ccc(Sc4ccc(F)cc4F)cn23)CC1,2.712,0.000219,4.4388,0.038762
CNc1nc(Nc2cc(OC)c(C(=O)N3CCC(C#N)C3)cc2Cl)ncc1Cl,3.1818,0.000221,3.9459,0.048398
Nc1ccn([C@@H]2O[C@H](CNCc3ccc(C#CCCO)cc3)[C@@H](O)[C@H]2O)c(=O)n1,3.7958,0.000227,3.8774,0.063609
CCCCCCNC1=C(C)C(=O)c2ccccc2C1=O,2.1315,0.00017,3.0353,0.071725
C=C1CCC2[C@@](C)(CO)CCC[C@]2(C)[C@H]1CC/C(C)=C/C(=O)O,4.1857,0.000206,3.0501,0.017719
CCc1nc(CN2CCCN(C(=O)c3ccccc3)CC2)cs1,1.9817,0.000176,3.4405,0.084748
CC(=O)OC1CCN(C(c2ccc(Cl)cc2)c2c(O)ccc3ccccc23)CC1,2.6941,0.000227,3.5942,0.064353
CCCCNC(=O)Nc1ccc(-c2nonc2-c2ccc(C)cc2)cc1,2.1553,0.000195,3.5954,0.087552
c1ccc2c(c1)C1CC(c3ccoc3)(c3ccoc3)C2c2n(Cc3ccc4ccccc4c3)cc[n+]21,4.7648,0.000303,3.9553,0.060629
N=C(N)N/N=C/c1cccc(C(=N)N)c1,2.6342,0.00014,2.7096,0.063047
O=C(Nc1ccc(Cl)c(OCF)c1)c1ccccn1,2.025,0.000186,2.7802,0.055031
CN1CCN(/C=C2\N=C3CN=C(c4ccccc4F)c4cc([N+](=O)[O-])ccc4N3C2=O)CC1,3.0572,0.00026,4.3646,0.049657
COc1cc2[nH]c(Cl)c([N+](=O)[O-])c2cc1OC,2.4883,0.000155,2.567,0.060973
CCCn1c(Sc2ccc(Nc3c(C#N)cnc4cc(NCCCN(C)C)c(OC)cc34)cc2Cl)nc(C)c1C,3.0037,0.000276,4.9995,0.051267
CCn1ncc2cc(Cc3cc([C@@H]4O[C@H](CO)[C@@H](O)[C@H](O)[C@H]4O)ccc3Cl)ccc21,3.7978,0.000233,4.329,0.061974
CCCCC1(C)CC(=O)N(Nc2ccccc2Cl)C1=O,3.0407,0.000209,2.9647,0.078133
CNC(=O)[C@H](Cc1c[nH]c2ccccc12)NC(=O)[C@@H](CC(=O)NOCC(=O)OC)CC(C)C,3.373,0.000274,4.1279,0.09142
CC(=O)Nc1ccc(S(=O)(=O)Nc2ccc(S(=O)(=O)Nc3ncccn3)cc2)cc1,2.0992,0.000224,2.6531,0.08359
NC(=O)CCC1CCCN(c2ncnc3c2Cc2ccccc2OC3)C1,3.1409,0.000225,4.8573,0.101549
Nc1nonc1-n1nnc(C(=O)O)c1-c1cccs1,2.7164,0.00018,3.4747,0.087489
O=C(NS(=O)(=O)c1ccc(COc2ccccc2)cc1)c1cccc(-c2cc(Cl)cc(Cl)c2)c1,2.0894,0.000241,3.7226,0.065768
O=C(Nc1ccccc1)C1=Cc2cc(NC(=O)c3ccccc3)ccc2S1(=O)=O,2.3047,0.000219,3.8247,0.080602
O=C(C1CCCC1)N1CCN(Cc2ccncc2)[C@@H]2CS(=O)(=O)C[C@@H]21,3.208,0.000227,4.4227,0.066505
Cc1ccnc(-n2[nH]cc(-c3cncc(C#N)c3)c2=O)c1,2.7573,0.000187,3.6937,0.057803
COc1ccc(-c2cc(C(=O)Oc3ccccc3)c3cc(C)ccc3n2)cc1,1.8668,0.000203,2.8771,0.04641
CC(=O)Nc1ccc(S(=O)(=O)NC2CCC(Nc3nc(Oc4c(C)cc(C#N)cc4C)c4sccc4n3)CC2)cc1,2.9351,0.000286,4.6368,0.045716
CCCN1CCC(c2nc3c(C(N)=O)cccc3[nH]2)C1,2.7504,0.000204,4.7342,0.055752
O=C(CN1C(=O)c2ccccc2S1(=O)=O)Nc1ccc(O)cc1,2.1149,0.000191,2.8725,0.069196
COc1ccc(OC)c(/C=N/n2c(N)nc(C(F)(F)F)cc2=O)c1,2.6431,0.000204,3.0592,0.035731
COC(=O)[C@@]1(C)[C@@H](OC(C)=O)CC[C@@]2(C)[C@H]1CC(=O)[C@H]1[C@@H](C)/C(=C/C(=O)N(C)CCO)CC[C@@H]12,4.8044,0.000263,3.603,0.090417
COc1cccc(CNC(=O)Cn2nc3c(cc2=O)CCCC3)c1OC,2.3363,0.000204,3.8455,0.092538
Cc1nn(C)c(Oc2cccc(Cl)c2)c1C#N,2.3209,0.000155,2.8522,0.062655
CN1CCC(Oc2ccc(NC(=O)c3ccc4c(=O)n(Cc5ccccc5)cnc4c3)cc2Cl)CC1,2.3219,0.000258,4.2341,0.126728
O=C(/C=C/c1cccc(C(F)(F)F)c1)NO,2.1165,0.00014,2.4316,0.051467
COC(=O)c1nnc(C(=O)NCc2ccccc2)c2[nH]c3ccccc3c12,2.3486,0.000208,3.7077,0.0607
Cc1nn(C)cc1S(=O)(=O)N1CCN(c2ccc(F)cc2)CC1,2.1299,0.000183,4.0462,0.075613
O=C(/C=C/c1ccc(F)cc1)N[C@H]1C(=O)N(c2ccc(F)cc2)[C@@H]1c1ccc(O)cc1,3.0667,0.000232,3.3202,0.066618
Cc1ccc(-n2c(N)c(C(N)=O)sc2=S)cc1,2.3299,0.000159,2.4984,0.06456
CN(C)CCOc1cncc(Br)c1,2.1556,0.000123,2.0317,0.044718
Cn1c(SCc2cccnc2)nc2c(c1=O)SCC2,2.6382,0.000179,3.9839,0.056803
O=P(O)(NN1CCCCC1)Oc1ccccc1,3.0171,0.000153,2.4905,0.060628
CCCCCCCCCCCCCC[n+]1ccc(-c2cc[n+](C)cc2)cc1,2.6035,0.000183,1.8236,0.116734
CCCNC(=O)N(C)c1nncnc1C(=O)NC,2.9184,0.000157,3.4902,0.076666
CCc1nc2c([nH]1)C(=O)/C(=N/CCN(C)C)C=C2O,3.5181,0.00017,4.3474,0.072705
CCOc1nc(N2CC(=O)Nc3cc(OC)ccc32)c2ccccc2n1,2.4744,0.000206,3.7223,0.107734
Cc1cc(Nc2ncnc3ccc(-c4ccc(CNCCS(C)(=O)=O)o4)cc23)ccc1Oc1ccn2ncnc2c1,3.0167,0.000312,5.0,0.057725
CCc1ccc(-c2sc3cc(O)ccc3c2C(=O)c2ccc(OCCN3CCCCC3)cc2)cc1,2.3769,0.000254,4.2955,0.10196
N#CCCN1CCC(c2ccc(NC(=O)c3nc(C#N)cn3OC(=O)C(F)(F)F)c(C3=CCCCC3)c2)CC1,3.3878,0.000291,4.2711,0.041796
CN(C)Cc1ccc(-c2c(-c3ccc(N4CCNCC4)cc3)n(C)c3nc(C(N)=O)cc(Cl)c23)cc1,2.7319,0.000267,4.9999,0.049332
Cc1ccc(Oc2cccc(-c3ccc(OCCCC(=O)O)cc3)c2)cc1,1.7667,0.000194,3.5175,0.029785
CC(C(=O)NCc1ccc(C(C)(C)C)cc1OCc1ccccc1)c1ccc(NS(C)(=O)=O)c(F)c1,2.8428,0.000252,3.8772,0.003817
Oc1nccc2ccccc12,2.0364,0.000113,1.8741,0.10709
CCOc1ccccc1Cn1c(=O)sc2ccccc21,1.9305,0.000162,2.6223,0.009114
COc1cc2nc(NC3CCCc4ccccc43)nc(N)c2cc1OC,2.7213,0.000204,3.7282,0.036521
NS(=O)(=O)c1ccc(Nc2nccc(-c3c(-c4cccc(NC(=O)c5c(F)cccc5F)c4)nn4ccccc34)n2)cc1,2.7376,0.000297,4.9779,0.063408
Cc1nc(O)c2cc(CN(C)c3ccc(C(=O)N[C@@H](CCC(=O)N[C@H](CCC(=O)O)C(=O)O)C(=O)O)c(F)c3)c(C)cc2n1,3.6886,0.000306,4.9808,0.128109
CC(C)N1CCN(Cc2c(-c3ccccc3)nc3ccccc3c2C(=O)NC2CCCCC2)CC1,2.3274,0.000277,4.9995,0.02082
O=C(c1cccc(CN2CCN(C(=O)n3nnc4ccccc43)CC2)c1)N1CCCCC1,2.3016,0.000247,4.1899,0.073024
Fc1ccc(-n2cc(CCCCN3CCC4(CC3)OCc3ccc(F)cc34)c3ccccc32)cc1,3.114,0.000275,4.9954,0.075982
CCCCCCCC(c1c[nH]c2ccc(C#N)cc12)c1c[nH]c2ccc(C#N)cc12,2.658,0.000251,4.2251,0.057228
Cc1oc2c3c(ccc2c(=O)c1I)OC(C)(C)[C@H](OC(=O)[C@@]12CC[C@@](C)(C(=O)O1)C2(C)C)[C@@H]3OC(=O)[C@@]12CC[C@@](C)(C(=O)O1)C2(C)C,6.1993,0.000353,3.8277,0.049492
COc1ccc(Cl)c(-c2ccc(NC(=O)c3conc3C)nc2N)c1,2.5204,0.000215,3.7895,0.037757
O=C(CC[C@H](CCCC(=O)Nc1ccccc1)Cc1ccccc1)NO,2.4358,0.000203,4.0786,0.080103
N=C1S/C(=C\c2c[nH]nc2-c2ccc(-c3ccccc3)cc2)C(=O)N1c1nccs1,2.8962,0.000239,4.637,0.054608
O=C(O)c1cc(C(=O)O)c2cc(OCCc3ccccc3)ccc2n1,1.9854,0.000196,3.3434,0.075706
CC(=O)Nc1ccc(S(=O)(=O)N2Cc3ccccc3C[C@@H]2C(=O)NO)cc1,2.6377,0.00021,3.7623,0.080306
O=C(NNC(=S)Nc1ccc(Br)cc1)c1cccc(Cl)c1,1.8282,0.000173,2.0818,0.066931
Cc1ccc(-c2nn(-c3ccccc3)cc2/C=N/n2c(S)nnc2-c2ccncc2)cc1,2.574,0.000242,4.3663,0.079158
CC(C)(N)C(=O)N[C@H](COCc1ccccc1-c1cccnc1)c1nnnn1CCOC(=O)NCCCCO,3.3785,0.000292,4.6926,0.059821
COc1cccc(F)c1C[C@@]1(O)CCC[C@@H](NC(=O)c2ccc3[nH]nc(-c4ccc5nccn5c4)c3c2)C1,3.6662,0.000312,4.7942,0.130813
Oc1ccc(CCNc2nc(NCc3cccc(OCc4cccc(F)c4)c3)nc(N3CCNCC3)n2)cc1,2.5833,0.000327,4.3322,0.043395
Cc1nc2ccccn2c1C(=O)N/N=C/c1ccc([N+](=O)[O-])cc1,2.3151,0.000202,2.8305,0.06911
Cn1cnc2cc(-c3ccc(N4CCOCC4)cc3)nc(NCC3OCCO3)c2c1=O,2.8077,0.000247,4.5923,0.056559
CN1CCN(c2nc(O)c(C#N)c(-c3ccc(N(C)C)cc3)n2)CC1,2.4568,0.000231,4.1644,0.054459
CC(=O)Nc1cc(O)cc(N/C(C)=C2\C(=O)OC(=O)C(C(C)=O)=C2O)c1,2.8204,0.000206,3.4662,0.060544
Cc1nccc(/C=C/c2ccccc2)n1,2.0812,0.000142,2.4056,0.052697
COc1cc(NC(=O)N2CCCC2c2ccco2)cc(OC)c1,2.5956,0.000188,3.2804,0.072832
CC(C)CC1=NN(c2ccc(F)cc2)C(=O)C1Sc1ccccc1,2.9849,0.000231,2.9821,0.073545
O=[N+]([O-])c1cncs1,3.3149,0.000134,1.7449,0.072572
O=C(Nc1ccc(Cl)cc1)c1cc([N+](=O)[O-])ccc1Cl,1.6384,0.000205,1.8064,0.072771
O=C(NCCOCCOCCNC(=O)c1cc2cc(Cl)ccc2[nH]1)c1cc2cc(Cl)ccc2[nH]1,2.5821,0.000273,4.2206,0.028716
O=c1[nH]c(=S)[nH]c2nc(Cc3ccc(Br)cc3)nn12,2.9817,0.000212,3.3917,0.069363
COc1ccc(/C=C2\Oc3ccccc3C2=O)cc1O,2.0975,0.000206,2.8991,0.082611
COc1ccc(-c2cc3cc(/C=C/c4ccccc4)ccc3oc2=O)cc1OC,2.1307,0.000243,3.582,0.043706
CNCC(NC(=O)c1ccc(-c2ccc(C)c(F)c2)[nH]1)c1nc(C)c(CO)s1,3.3992,0.000254,4.9338,0.095394
FC(F)(F)c1ccc(N2CCNCC2)nc1Cl,2.5016,0.000189,2.95,0.061547
NC1CC2CC3CC(C2)C1C3,4.9702,0.000158,2.5757,0.10068
OCCN(CO)CO,3.1799,0.000108,1.3575,0.108717
Cc1ccc(CC(CN)(Cc2ccc(C)cc2)C(=O)N[C@@H](CCCCNC(=N)N)C(N)=O)cc1,3.1352,0.000273,4.4637,0.092794
CN1CC(CO)=C[C@@H]2c3cccc4[nH]cc(c34)C[C@H]21,3.7359,0.000226,3.8094,0.066491
CCCN(CCc1cccs1)[C@H]1CCc2c(O)cccc2C1,2.9237,0.000231,4.4884,0.125669
CSCCC(NC(=O)OC(C)(C)C)C(=O)Oc1cccc2oc(=O)[nH]c12,3.0979,0.000263,2.6607,0.074489
CCc1nc(NCC2CC2)c2nnn(Cc3ccccc3)c2n1,2.3491,0.000239,4.0337,0.096735
Cc1cc(CCN2CCN(c3noc4ccccc34)CC2)c2c(c1)C(C)CC(=O)N2,3.1611,0.000303,4.7117,0.085401
Nn1c(S)nnc1Cc1ccc(Br)cc1,2.4833,0.000197,2.6772,0.012863
CNC(C)C(=O)Nc1cc(-c2c(C)ccc3ncccc23)cc(NC(=O)c2ccc3cnccc3c2)n1,3.0907,0.000308,4.8363,0.148278
COc1ccccc1N1/C(=N/C(=O)C2CCCCC2)SC2CS(=O)(=O)CC21,3.349,0.000287,4.1998,0.082789
COCC1CC2(CCN(C(=O)c3ccccc3C)CC2)CN1C(C)C,3.5052,0.00027,4.3057,0.059134
O=C(COc1ccc(S(=O)(=O)N2CCOCC2)cc1)N1CCN(c2ccccc2)CC1,2.0317,0.000287,3.1346,0.040625
CC(C)c1onc(-c2c(Cl)cccc2Cl)c1COc1ccc2c(ccn2C(=O)c2cccc(C(=O)O)c2)c1,2.7688,0.000337,4.5199,0.048389
NCCCCNC1=NCCCCC1,2.5341,0.00019,2.735,0.135845
Nc1nc(Cl)c(-c2nccs2)c(N[C@@H]2C[C@H](CO)[C@@H](O)[C@H]2O)n1,4.0719,0.000272,3.9634,0.057986
CCC1(O)C(=O)OCc2c1cc1n(c2=O)CC2Cc3ccccc3N(C=O)C12,4.2143,0.000248,3.9757,0.031717
COc1ccc(OCCn2cnc(Cl)c2Cl)cc1,2.0371,0.000161,2.5758,0.077525
Cc1cc2cc(NC(=O)c3ccco3)ccc2[nH]1,2.0353,0.000211,3.118,0.035638
O=C(c1ccc(I)cc1)N1CCCCc2ccccc21,1.875,0.000172,2.5535,0.074568
O=C(O)c1ccc(NC(=O)C(Cc2cccnc2)n2ccc(-c3cc(Cl)ccc3Br)cc2=O)cc1,2.9821,0.000269,4.0562,0.080608
COC(=O)c1c(Oc2cc(C)cc(O)c2C(=O)OCC(C)C(=O)O)c(OC)cc(O)c1[N+](=O)[O-],3.3918,0.00025,3.2705,0.043873
O=C(O)CCCCCCCn1nc(-c2ccccc2)c(-c2ccccc2)nc1=O,2.1852,0.000212,3.9989,0.053185
COC/C(=C/c1cc(OCc2ccsc2)ccc1C#N)c1ccccc1C,2.6507,0.000214,3.2615,0.06773
CN1c2cccnc2Nc2ncccc2S1(=O)=O,2.9232,0.000198,3.3451,0.029858
CC(C(=O)Nc1ccc(CC2=NNNN2)cc1)c1ccc2cc(OCc3ccc4ccccc4n3)ccc2c1,3.2707,0.000314,4.654,0.032449
C[C@H]1CCC[C@]2(C)C[C@H]3OC(=O)C(CN4CCCCCC4)[C@H]3C=C12,4.064,0.000231,3.8571,0.055665
O=C1NC(=O)C(=C2CCCCCC2)S1,2.8243,0.000148,2.732,0.055113
COc1cccc(N2CCN(C3CCOC3=O)CC2)c1,2.5729,0.000185,3.0773,0.043787
NC(=O)C1Cc2ccccc2N1C(=O)Cc1nc(N2CCOCC2)cc(=O)[nH]1,3.1932,0.000218,4.6139,0.049644
O=C(CSc1snnc1-c1ccc2ccccc2c1)Nc1ccccc1F,2.3003,0.000211,3.9882,0.096903
COc1cccc(Oc2nc(Cl)ncc2[N+](=O)[O-])c1,2.2973,0.000177,2.3605,0.038191
CC1=C(C)C(=O)O[C@@H]([C@@H](C)[C@H]2CC=C3[C@@H]4C[C@H]5O[C@]56[C@@H](O)C=CC(=O)[C@]6(C)[C@H]4CC[C@@]32C)C1,5.8105,0.000278,3.9206,0.118617
CC(C)N(C(=O)SCC(Cl)=C(Cl)Cl)C(C)C,3.4419,0.000134,1.7984,0.08031
O=C(CN1C(=O)NC2(CCCC2)C1=O)N1CCN(S(=O)(=O)c2ccccc2Br)CC1,2.861,0.000222,4.1643,0.068024
O=C(CCN1CCc2ccccc2C1)Nc1cccc(F)c1,1.8235,0.000176,3.3021,0.050736
CC1CCN(CC(O)COCCC23CC4CC(CC(C4)C2)C3)CC1,4.1479,0.000204,3.867,0.051534
CC(C)N1CC2CC(CN(C(=O)c3ccccc3)C2)C1,3.5759,0.000164,3.8913,0.066607
CO/N=C(\C#N)C(=O)NC1=NOC(C)(CCl)C1,4.3399,0.00016,2.526,0.069628
CC(C)=CCC/C(C)=C\CC/C(C)=C\Cc1cc(O)c(C)cc1O,2.8784,0.000171,3.1179,0.052763
C#CCn1cc(C(=O)NC23CC4CC(CC(C4)C2)C3)c(=O)c2cc(Br)ccc21,3.8787,0.000226,4.039,0.046652
[N-]=[N+]=NC1CC(n2ccc(N)nc2=O)OC1COP(=O)(O)OP(=O)(O)OP(=O)(O)O,4.6654,0.000225,4.2933,0.061746
COc1cccc(NC(=O)C2c3ccccc3C(=O)N(C3CCCC3)C2c2cccs2)c1,3.1054,0.00024,3.7627,0.148588
N#Cc1c(C(F)(F)F)nn(-c2ccc(S(N)(=O)=O)cn2)c1NCC1CCCO1,3.3653,0.00022,4.9772,0.047182
C[C@H](CCCN1CCN(C)CC1)Nc1ccnc2cc(Cl)ccc12,2.6583,0.000188,3.9826,0.069795
C=CCNc1nc(NCC=C)nc(N2CCC(NCC3c4ccccc4C=Cc4ccccc43)CC2)n1,3.1162,0.000252,4.3432,0.080304
Cc1nc(CO)nc(N2C[C@@H](C)N(c3ccnc([C@@H](C)O)n3)[C@@H](C)C2)n1,4.0253,0.000208,4.9996,0.050053
CCCCCCCCNC(=O)N1CCC(Nc2ccc(CCNC[C@H](O)c3ccc(O)c(C(N)=O)c3)cc2)CC1,3.0543,0.000269,5.0,0.076508
CCCS(=O)(=O)NC(C)c1cccc(-n2cccn2)c1,2.7277,0.00016,3.3687,0.079221
NC(=O)C1CCCN1C(=O)C(Cc1c[nH]cn1)NC(=O)C1CCCC1,3.2342,0.000185,4.2689,0.075697
O=C1NC(=O)[C@H]2C3C(C(O)(c4ccccc4)c4ccccn4)=CC(C3=C(c3ccccc3)c3ccccc3)[C@@H]12,4.7526,0.000286,3.3586,0.094701
FC(F)(F)c1ccc(NCC2CCc3ccc4ccccc4c3O2)cc1,2.6957,0.000207,3.7004,0.066097
CCCOc1ccc(C(=O)C2=C(O)C(=O)N(CCN(C)C)C2c2ccc(OC)c(OC)c2)cc1,2.7621,0.000234,4.5001,0.056031
COc1ccccc1CNC1=C2C[C@@H](C)C[C@H](OC)[C@H](O)[C@@H](C)/C=C(\C)[C@H](OC(N)=O)[C@@H](OC)/C=C\C=C(/C)C(=O)NC(=CC1=O)C2=O,5.8996,0.000331,3.8991,0.064916
O=C(CSc1nnc(-c2ccccc2O)[nH]1)Nc1nc2ccc([N+](=O)[O-])cc2[nH]1,2.8146,0.000226,4.1073,0.037066
CC(=O)OCCN1CCC(c2cc(-c3ccncc3)c(-c3ccc(F)cc3)[nH]2)CC1,2.5217,0.000216,4.537,0.054564
NC(=O)N1CCC(C(=O)NCc2nncn2-c2ccccc2)CC1,2.2614,0.000202,4.1798,0.013695
OC[C@H]1O[C@@H](c2nc(-c3ccc(O)cc3)n[nH]2)[C@H](O)[C@@H](O)[C@@H]1O,3.7626,0.000198,3.6047,0.055332
O=C(CCN1CCN(C/C=C/c2ccccc2)CC1)Nc1cccc(F)c1,2.0145,0.000204,3.7487,0.051631
CN1Cc2c(C(=O)OC(C)(C)C)ncn2-c2cccc(F)c2C1=O,2.7404,0.000209,3.684,0.066555
NC(=N[N+](=O)[O-])N1CCN(C(=O)c2ccc(Cl)cc2)CC1,2.2791,0.00017,2.6196,0.059617
CC(=O)O[C@H]1C[C@@H]2C[C@@H](OC(=O)c3ccccc3Cl)C[C@@H]1N2C,4.2333,0.00019,2.8687,0.088084
O=C(O)/C=C/c1cccc(B(O)O)c1,2.5025,0.000129,1.6659,0.008956
CCN(C(=O)C1CCN(c2ncnc3c2nc2n3CCCCC2)CC1)c1cccc(Cl)c1,2.6934,0.000231,4.9294,0.059039
O=C(OC1CSSC1)c1cc([N+](=O)[O-])cc([N+](=O)[O-])c1,2.8745,0.000157,2.3138,0.070558
Cc1ccc(CNC(=O)NC2CCCc3c2cnn3CCO)cn1,2.9729,0.000189,4.2445,0.08447
Cc1ccc(Cn2c(C(=O)O)c(CNC3CCCC3)c3ccc(C)cc32)cc1,2.2562,0.000211,3.8627,0.095986
O=C1NC(=O)/C(=C/c2ccc(OCCOc3ccc(Cl)cc3Cl)cc2)S1,2.211,0.000197,3.2024,0.07646
CC(C)=CN1Cc2cc(Cl)cc3[nH]c(=S)n(c23)C[C@@H]1C,3.9035,0.000185,4.1142,0.069609
c1ccc(-c2csc3c4ccccc4c4ccccc4[n+]23)cc1,2.4641,0.000191,2.8886,0.054649
Cc1ccc2c(N)nc(-c3ccc4c(c3)OCO4)cc2c1,2.1431,0.000178,3.9002,0.070682
Cc1ccccc1CNC(=O)C(=O)N[C@@H](C)C(=O)N[C@@H](CC(=O)O)C(=O)COc1c(F)c(F)cc(F)c1F,3.4152,0.00026,4.5107,0.047528
COc1ccccc1-c1csc2nc(N3CCC(O)C3)nc(N3C4CCC3COC4)c12,4.4046,0.000246,4.3323,0.107554
CCC[n+]1ccc(Nc2ccc(NC(=O)c3ccc(Nc4cc[n+](CCC)c5ccccc45)cc3N)cc2N)cc1,3.1343,0.000286,3.9467,0.065456
CNNC1=NS(=O)(=O)c2cc(C(=O)OC)c(Cl)cc2S1,3.2922,0.000175,3.2054,0.082444
COc1ccc(Nc2nccc(NCCNC(=O)Nc3ccccc3F)n2)cc1,2.1243,0.000207,3.7831,0.018993
Nc1ncnc(C#Cc2ccc(N3CCOCC3)nc2)c1Cc1cccc(Br)c1,2.7597,0.000221,4.3728,0.071932
COc1ccc(N2/C(=N/c3ccc(C(F)(F)F)cc3)SCC2(O)C(F)(F)F)cc1,3.2171,0.00021,2.8417,0.128931
CCN1CC[C@H]2[C@H](c3ccc(O)cc3)c3cc(C)ccc3[C@H]2C1,3.2506,0.000198,4.24,0.092883
Cc1cccc(C)c1-c1noc(C)c1NC(=O)NCc1ccc(OC(C)C)nc1,2.5182,0.000225,3.9646,0.091863
CCOC(=O)C1CCCN(S(=O)(=O)c2cc(C(=O)OC)n(C)c2)C1,2.7522,0.000217,2.9148,0.068106
O=C(N/N=C/c1c(-c2ccccc2)no[n+]1[O-])c1ccccc1,2.5206,0.000223,2.2678,0.049505
Cc1nn(-c2ccc(C#N)cc2)c(C)c1Cc1ccc(F)cc1,2.0283,0.000194,3.7167,0.059605
CC(=O)c1cccc(NC(=O)CCN2CCN(c3ccccn3)CC2)c1,1.9308,0.000207,3.3763,0.073634
Cc1cc(C)nc(NS(=O)(=O)c2ccc(N)cc2)n1,2.038,0.000162,2.6701,0.042135
CCOC(=O)c1c(C)n(-c2ccccc2)c2ccc(OC(=O)c3cccc(Cl)c3)cc12,2.1409,0.000226,3.0272,0.20321
Cc1nn(C)cc1-c1ccnc(N2CCSCC2)n1,2.6362,0.00018,3.665,0.060509
Cc1cn(N2CC(O)C(CO)C2)c(=O)[nH]c1=O,3.9572,0.000168,3.2811,0.061654
CC(=O)Nc1ccn([C@@H]2CO[C@H](CO)O2)c(=O)n1,3.5526,0.000167,3.1094,0.059882
CN1CCC(NC(=O)c2cccc3c(NCCCCCCNc4c5ccccc5nc5c(C(=O)NC6CCN(C)CC6)cccc45)c4ccccc4nc23)CC1,3.1279,0.000348,4.9524,0.061059
CC(=O)OCC1OC(n2c(-c3cccs3)c3c(c(C#N)c2=S)-c2ccccc2CC3)C(OC(C)=O)C(OC(C)=O)C1OC(C)=O,4.4952,0.000318,4.3565,0.059713
C1CC2C3C4C5CCC4C24CNCC54C13,6.9646,0.000171,2.5017,0.045585
Cc1cnc(-c2ccccc2C(C)C)nc1NCc1cccnc1,2.2571,0.000196,4.1035,0.055486
O=C(CNc1ccc(F)cc1)N/N=C1\CCCc2ccccc21,2.1228,0.000185,3.0252,0.051612
CCN(Cc1nc(-c2ccccc2)no1)C(=O)COc1cccc(OC)c1,2.0615,0.000202,3.7627,0.046646
COC(=O)C(CN)c1c[nH]c2cc(Cl)ccc12,2.8137,0.000155,3.0745,0.042561
Cc1cc(NC(=O)NC(=O)c2ccccc2)c(C(C)C)cc1O,2.063,0.000177,2.9888,0.054704
O=C1CCCc2c1ccn2C(=O)c1cccc(-c2ccccc2)c1,2.2469,0.00018,2.9442,0.028677
C=CC(=O)Nc1cccc(-n2c(=O)cc(C(F)(F)F)c3cnc(Nc4ccc(N5CCN(C)CC5)cc4OC)nc32)c1,2.9343,0.000288,4.9678,0.05162
CCCN1CCN(c2cc(-c3n[nH]c4ccc(OC(C)C)cc34)ncn2)CC1,2.5238,0.000213,4.9998,0.050436
N#Cc1ccc(-c2ccc(OS(N)(=O)=O)cc2)cc1,1.9468,0.000157,2.7355,0.065974
Cc1cc(=O)oc2cc(OCCCC(=O)N3CCC(O)(c4ccc(Br)cc4)CC3)ccc12,2.4803,0.000244,3.3094,0.072288
CCOC(=O)[C@H](C)NP(=O)(OC[C@H]1O[C@@H](n2ccc(N)nc2=O)[C@](C)(O)[C@@H]1O)Oc1ccc(C[C@H](N)C(=O)OC)cc1,4.5477,0.000302,4.4664,0.086537
O=C1c2ccccc2S(=O)(=O)N1CCCCN1CCC(n2c(=O)oc3cc(F)ccc32)CC1,2.733,0.000267,4.5978,0.078378
O=C(Cc1c(Cl)cccc1Cl)N1CCN(Cc2ccccc2)CC1,1.7963,0.000182,2.4644,0.109625
Cc1cc(C(=O)N(C)C)nc(C2(C)CCCN2c2ccccc2)n1,3.2079,0.000191,4.0723,0.043543
CC1C(=O)N2CCCc3cc(S(=O)(=O)N4CCN(c5cccc(Cl)c5)CC4)cc1c32,2.9469,0.000223,4.8294,0.023738
CCCCCNC(=O)[C@H](Cc1ccc(OCC(=O)O)c(C(=O)O)c1)NC(=O)[C@H](Cc1ccccc1)N1CCCC1=O,3.2922,0.00028,4.6982,0.067994
COc1cccc(/C=C2\CCC/C(=C\c3cccc(Cl)c3Cl)C2=O)c1OC,2.4727,0.000196,2.6137,0.045916
Cn1ncc(C(=O)N2CCC(Nc3cnnc4ccccc34)CC2)c1Cl,2.5544,0.000203,4.272,0.076624
O=C(O)[C@@H]1CCCN(CCOC=C(c2cc(F)ccc2F)c2cc(F)ccc2F)C1,3.0721,0.00022,3.7361,0.059561
N#Cc1ccc(N2CCN3CC2CCC3C(c2ccccc2)c2ccccc2)cc1,3.9603,0.000222,4.084,0.067563
CC(C)c1noc(CN2CCC(C3CCCCCN3S(C)(=O)=O)CC2)n1,2.9988,0.0002,4.9994,0.07393
CN1CC(O)(c2ccc(-c3cccs3)cc2)OC2CCCCC21,3.5998,0.000198,3.7616,0.062579
CC(C(=O)Nc1nnc(CCCCc2nnc(N)s2)s1)c1ccccc1,2.9323,0.000195,3.9862,0.05803
COc1ccc(C2CC(c3ccc(Cl)cc3)=NN2c2ccc(S(N)(=O)=O)cc2)c(OC)c1,2.7345,0.000219,3.6339,0.052869
CN(C)c1ccc2nc3ccc(N4CCOCC4)cc3[o+]c2c1,2.9551,0.00019,4.01,0.07507
CCS(=O)(=O)Nc1cccc(-c2c(-c3ccc4nccnc4c3)n(C)n(C)c2=O)c1,2.716,0.000223,4.9994,0.043158
COc1cnccc1-c1cccnc1OC1CN(C(=O)OCc2ccccc2)C1,2.3926,0.000214,2.804,0.062497
CSc1c(F)c(N)c2c(=O)cc(-c3ccc(N)c(F)c3)oc2c1F,2.9935,0.000185,3.689,0.059641
Clc1ccc(Cn2nnc(-c3ccc(N4CCOCC4)cc3)n2)cc1,2.0877,0.000185,3.6073,0.062564
C=CCO[C@H]1C[C@@H](C)C=C2C=C[C@H](C)[C@H](CCC3C[C@@H](O)CC(=O)O3)[C@H]21,4.7186,0.000213,3.9314,0.013778
Cc1c(NS(=O)(=O)c2cccc(C(=O)NCc3cccc(Cl)c3)c2)c(=O)n(-c2ccccc2)n1C,2.2725,0.000236,4.1156,0.073421
Nc1cccc(C(=O)NCC(=O)c2ccc(C(=O)Nc3ccccc3N)cc2)c1,1.972,0.000189,3.4334,0.059648
CC(C)(C)CN1CCC2(CC1)CN(c1ccccc1NC(=O)Nc1nc3ccccc3s1)c1c(O)ccc(Cl)c12,3.3998,0.000279,4.8732,0.05054
C[C@H]1CN(C)[C@@H](CCO)CN1C(=O)N1Cc2c(NC(=O)c3ccccn3)n[nH]c2C1(C)C,3.8679,0.000249,4.9198,0.061518
COc1ccc(Cl)cc1NC(=O)CN1C(=O)NC(C)(Cc2ccc(OC)c(OC)c2)C1=O,2.6938,0.000216,3.5927,0.065035
C[C@H](CC(=O)N1CCn2c(nnc2C(F)(F)F)C1)[C@H](N)C(=O)N1CCC[C@H]1C#N,3.9626,0.000223,4.9951,0.12991
COc1cc2c(cc1OC)-c1n[nH]c(C#Cc3ccc(C#N)cc3)c1C2,2.7974,0.000204,3.9877,0.109199
COc1ccc(-c2cnn3cc(-c4ccsc4)cnc23)cc1,2.3104,0.000185,3.4174,0.079513
O=C(O)C[C@H](NC(=O)C1CCN(C(=O)c2cccc(Cl)c2)CC1)C(=O)COc1c(F)c(F)cc(F)c1F,3.0296,0.00025,4.4406,0.049053
CCN(CC)C(=O)Cn1cc(C(=O)C(=O)N2CCN(C)CC2)c2ccccc21,2.3687,0.0002,4.3182,0.064531
CCCCOc1cc(C(F)(F)F)ccc1CNC(=O)C(C)c1ccc(NS(C)(=O)=O)c(F)c1,2.899,0.00023,4.4819,0.051585
CCN(CCO)C(=O)c1cc2c(C)ccnn2c1-c1cccc(C(F)(F)F)c1,2.7545,0.000205,3.6624,0.047626
COC(=O)/C=C/c1cccc2c1N(Cc1ccc(OC)cc1)C(=O)C2=O,2.284,0.000198,2.8679,0.047573
C#CCOCCOCCOCCNc1nc(N2CCOCC2)nc(N2CCN(C(=O)[C@H](CCCCN)n3cc([C@@H](N)C(C)CC)nn3)CC2)n1,4.4415,0.00033,4.6041,0.05755
C/C(=N/NC(=O)c1ccccc1)C1=C(O)CC(C)(C)CC1=O,2.4565,0.000184,2.6155,0.047411
Nc1sc2c(c1C(=O)c1ccccc1)CCNC2,2.3523,0.000164,3.1156,0.063462
Clc1ccc(C2[C@H]3CN(Cc4cccnc4)[C@H](c4ccccc4)C34CC2(c2cccnc2)C4)cn1,4.9865,0.000293,4.0985,0.055842
On1c(-c2ccccc2Cl)nc2ccccc21,1.952,0.000156,2.3068,0.057897
COC(=O)N[C@@H](C(=O)N1CCC[C@H]1c1ncc(-c2ccc(-c3ccc(-c4cnc([C@@H]5CCCN5C(=O)[C@@H](c5ccccc5)N(C)C)[nH]4)cc3)cc2)[nH]1)c1ccccc1,4.2885,0.000391,5.0,0.043317
Cc1ccc(-c2nnc(-c3cc(C)on3)o2)cc1,2.1428,0.000165,3.1356,0.079083
COc1ccc(C#Cc2ccc(C3=CC(=O)CC(C)(C)C3=O)cc2)cc1,2.5544,0.000202,3.279,0.055637
Cc1ccc(C)c(-c2ccc(/N=N/c3cc(S(=O)(=O)[O-])c4ccccc4c3N)cn2)c1,2.9396,0.000227,3.7205,0.013801
COc1cc(/N=N/c2ccccc2C(=O)O)ccc1O,2.2352,0.000156,2.1105,0.081358
COc1ccc2c(c[n+]3c4c2ccc2c5c(cc(c24)CC3)OCO5)c1OC(C)=O,3.1643,0.000228,4.1802,0.06965
CC(C)[C@H]1C(=O)N(C)[C@@H](C)C(=O)NCCC[C@H](NC(=O)/C=C/C=C/[C@@H](O)[C@@H](C)O)C(=O)N1C,4.8272,0.000244,4.9735,0.065523
CC(=O)C[C@@H](CC(=O)Oc1ccc(C#N)cc1)c1ccccc1,2.5679,0.000182,2.7067,0.026775
O=C(NC1CCCCCCC1)c1cc2cc(Cl)ccc2o1,1.9954,0.000173,3.0034,0.038489
COC1CCCc2nc3ccccc3c(N)c21,2.8483,0.00016,3.3737,0.077151
C#C[C@]1(O)CC[C@H]2[C@@H]3CCC4=C/C(=N/CCOC(=O)c5cccc6c(=O)c7ccccc7[nH]c56)CC[C@@H]4[C@H]3CC[C@@]21C,4.6912,0.000315,4.7937,0.075141
CC(CC1C(C#N)=C(N)OC2=C1C(=O)CCC2)c1ccccc1,3.438,0.000203,2.8217,0.086392
CNC(=O)NC(=O)COc1ccc2oc3c(c2c1)CCCC3,2.3268,0.000176,3.9311,0.129525
CCC(C(=O)NCc1ccncc1)N(c1ccc(F)cc1)S(C)(=O)=O,2.6899,0.000184,3.5734,0.101785
Cc1ccc(S(=O)(=O)Nc2cc(Cl)ccc2Cn2ccnn2)cc1C,2.3381,0.000195,3.6304,0.073013
Cc1c(C)c2c(c(C)c1O)CCC(C)(CCN(C)C)O2,3.2078,0.000161,3.2301,0.105304
COc1cc(-c2nc3ccccc3nc2-c2ccc(O)c(OC)c2)ccc1O,2.1163,0.000189,3.1177,0.092111
CC1(C)C=C(N2CCCC2=O)c2ccc(Br)cc2C1=O,2.807,0.000187,3.7357,0.06612
Cc1ccc([C@]2(O)CC[C@H](N3CC[C@H](NC(=O)CNC(=O)c4cccc(C(F)(F)F)c4)C3)CC2)cc1,3.0286,0.000256,4.4944,0.070673
O=C(Nc1ccccc1-c1cnco1)N1CCN2C(=O)N([C@H]3C[C@@H]3c3ccccc3)C(=O)C2C1,3.7163,0.000273,4.6041,0.077439
O=C(CCCCc1ccn(Cc2ccc(OCc3ccccc3)cc2)n1)NO,2.1378,0.000206,3.5011,0.055488
Brc1ccc(-c2[nH]c3ccccc3c2-c2nc(-c3ccccc3)c(-c3ccccc3)n2-c2ccc(Br)cc2)cc1,2.5021,0.000277,4.1851,0.042623
CCc1cc(-c2noc(-c3cc(C)cc(CC(C)C)n3)n2)cc(C)c1OC[C@@H](O)CNC(=O)CO,3.3678,0.000262,4.7543,0.041271
COc1ccc(NC(=O)Nc2ccc3c(c2)C(=O)N([C@H](C)CO)C[C@@H](C)[C@H](CN(C)Cc2ccc(C(=O)O)cc2)OCCCC[C@@H](C)O3)cc1,4.3324,0.000326,4.9964,0.073032
Cc1cc(C(=O)Nc2ccc(-c3ccccc3S(N)(=O)=O)cc2)n(-c2ccc(N)nc2)n1,2.3761,0.000227,4.4327,0.016168
O=C(c1ccc(-c2cnc3ccc(NCc4ccc(Cl)c(Cl)c4)nn23)cc1)N1CCC(N2CCCC2)CC1,2.6058,0.00027,5.0,0.056295
O=C(Nc1cccc(C2=NCCCN2)c1)Nc1cccc(C2=NCCCN2)c1,2.6387,0.000195,4.4755,0.048475
CCCCCc1ccc(-c2cn(Cc3cc4c(nc3C)-c3cc(C)c(C)cc3CCC4)nn2)cc1,2.6784,0.00026,4.9955,0.068223
O=C(Nc1ccc(Cc2nnn(Cc3ccccc3)n2)cc1)C(F)(F)C(F)(F)C(F)(F)C(F)(F)C(F)(F)C(F)(F)C(F)(F)F,3.1028,0.00027,3.304,0.072807
N#Cc1ccnc(N2CCC[C@H]2C(=O)N(c2cccc(F)c2)[C@@]2(C(=O)NC3CC(F)(F)C3)CCc3ccccc32)c1,4.0646,0.000316,5.0,0.04345
COc1ccc(N2C(=O)/C(=C\NNS(=O)(=O)c3ccc(C)cc3)c3ccccc3C2=O)cc1OC,2.3838,0.000255,2.6614,0.087004
O=C(C1CC1)N1CCN(c2ccc(-n3cncn3)nn2)CC1,2.3587,0.00018,3.4121,0.017811
Cc1[nH]cnc1Cn1ccc2cc(Br)c3ccccc3c2c1=O,2.5864,0.000179,3.7117,0.031066
C=CCN1C(=O)C(C(=O)c2ccc(O)cc2)C(=O)N(CC=C)C1=O,2.7423,0.000172,3.2543,0.020208
CS(=O)(=O)NCc1ccc(N2CCCCC2)c(NC(=O)c2ccc(C#N)o2)c1,2.528,0.000202,4.4303,0.028826
CC1(C)C2CCC1(C)C(NC(=O)CCN1CCOCC1)C2,4.044,0.000168,3.5442,0.039683
O=C(c1ccco1)N(c1nc2ccccc2o1)C1CCN(CCc2ccccc2)CC1,2.4713,0.000213,4.5181,0.032563
Cc1cc(C(=O)N2CCC3(CCN(C(=O)OCC(C)(C)C)C3)CC2)cc2cn[nH]c12,3.2674,0.00021,4.2341,0.034541
CC(=O)Nc1ccc(S(=O)(=O)Nc2nc3ccccc3nc2Cl)cc1,2.0468,0.000178,2.6892,0.085586
Cc1oc(C(=O)O)cc1COc1cccc(-c2ccccc2)c1,1.9498,0.000168,3.1474,0.037983
O=C(Nc1ncc([N+](=O)[O-])s1)c1ccccc1O,2.1828,0.000144,2.3174,0.05334
NOCc1cccc(I)c1,2.3418,0.000104,1.7238,0.039109
CC(C)(C)c1ccc(S(=O)(=O)NCCc2ccc(S(N)(=O)=O)cc2)cc1,1.9756,0.000172,3.1798,0.066111
FC(F)(F)c1ccccc1/C=N/Nc1ncnc2sc3c(c12)CCCC3,2.5651,0.000187,4.0998,0.06596
CCCCCCCCCCCCCCOc1ccc(/C=C(\C)C(=O)OCCN(C)C)cc1,2.3362,0.000198,3.4051,0.044589
Cc1ccc(NC(=O)/C(C#N)=C2\S/C(=N\Nc3ccccc3)C(=O)N2c2ccccc2)cc1,2.6352,0.000228,3.5724,0.067308
CCc1cccc(C(C)C)c1NC(=O)C(=O)C(CC(=O)Nc1ccc(Cl)c(Cl)c1)C(=O)OC,2.9987,0.000222,3.8419,0.055841
COc1ccccc1C1C(C#N)=C(N)Oc2c1oc(CO)cc2=O,3.1957,0.000185,3.4095,0.075961
CCn1c(Cn2cncn2)nnc1C1CCN(C2CCNCC2)CC1,2.8055,0.000197,4.4349,0.065711
COc1ccc2nccc([C@@H](O)CN3CCC(NCc4nc5ccccc5s4)CC3)c2c1,2.9035,0.000237,4.0893,0.058182
COc1ccc(Cl)cc1-c1ncn(/C=C\C(=O)OC(C)C)n1,2.7463,0.000186,2.5906,0.069444
NC(c1ccccc1)[PH](=O)O,3.6945,0.000108,1.9006,0.071168
COC(=O)C(C)NP(=O)(OC[C@@H]1C=C[C@H](n2cc(C)c(=O)[nH]c2=O)O1)Oc1ccc(C(F)(F)F)cc1,4.1554,0.000258,4.3563,0.118269
O=C(CC(Nc1ccc([N+](=O)[O-])cc1)c1cccc(F)c1)c1ccccc1,2.4536,0.000197,2.3647,0.059453
CCCCCCOc1ccc(C(=O)Nc2cccc3c2OC(c2nnn[nH]2)CO3)cc1,3.0981,0.00023,4.5749,0.264019
COc1ccc(CCNCCC2CN(Cc3ccc(OC)c(OC)c3)c3ccccc3O2)cc1OC,2.8114,0.000255,4.1138,0.04029
COC(=O)CNC(=O)c1cc(-c2ccncc2)nc2ccc(C)cc12,2.0729,0.000187,3.4199,0.094199
COc1ccc(-c2csc(NC(=O)COC(=O)c3ccc(Br)o3)n2)cc1,2.1368,0.000187,2.9974,0.026758
CCCCCCN(CCCCCC)C(=O)[C@H](C)NC(=O)[C@@H](NC(=O)[C@H](Cc1ccc(C(F)(F)P(=O)(O)O)cc1)NC(C)=O)C(C)C,3.8217,0.000282,4.9532,0.024892
CC(C)c1ccc(NS(=O)(=O)c2ccc3[nH]cc(C(=O)NC4CCCC4)c(=O)c3c2)cc1,2.2803,0.000221,4.4109,0.03047
CC(C)C(O)(c1ccc(-c2ccc(F)cc2)cc1)c1c[nH]cn1,2.978,0.000176,3.589,0.031576
OCCC1CCCCN1CCc1ccc(Nc2nc(-c3ccc4ccccc4c3)cs2)cc1,2.7659,0.000238,4.9845,0.030626
Cc1cccc(-c2nc(CN3CCCCC3Cn3cncn3)no2)c1,2.9502,0.000199,4.3744,0.034521
c1ccc(-c2cc(CNCCN3CCCCC3)cc(CNCCN3CCCCC3)c2)c(CN2CCOCC2)c1,2.5584,0.000249,4.9999,0.029587
CC[C@H](C)[C@@H](CO)NC(C)Cc1ccc(C)cc1,3.0295,0.00015,2.8513,0.032543
C=C[C@@H]1C[N@@]2CC[C@@H]1C[C@H]2[C@H](O)c1ccnc2ccc(OC)cc12,4.5155,0.000202,2.6436,0.05461
Cc1ccc(Cl)cc1NC(=O)c1cc(S(=O)(=O)N2CCCCCC2)cn1C,2.1494,0.00019,3.8072,0.026703
CSC12c3cc(C)n(-c4ccccc4)c3CC(C)(C)CN1C(=O)C2Oc1ccccc1,3.7132,0.000231,3.5263,0.033674
Cc1ccc(Nc2ccnc(Nc3cccc(Br)c3)n2)cc1O,2.1947,0.000169,3.4166,0.032186
COc1cc(OC2CCN(Cc3c(C)cc(C)[n+]([O-])c3C)CC2)c(F)cc1C(=O)N1CCC(N2C(=O)OCc3ccccc32)CC1,3.2725,0.000302,5.0,0.036957
C[C@H]1O[C@@H](O[C@H]2[C@@H](O)C[C@H](O[C@H]3[C@@H](O)C[C@H](O[C@H]4CC[C@@]5(C)[C@H](CC[C@@H]6[C@@H]5CC[C@]5(C)[C@@H](C7=CC(=O)OC7)[C@@H](OC=O)C[C@]65O)C4)O[C@@H]3C)O[C@@H]2C)C[C@H](O)[C@@H]1O,6.2502,0.00038,2.5479,0.017386
O=C(/C=C/c1ccc(O)c(O)c1)NCc1cccc(Cl)c1,1.9963,0.000181,2.9778,0.059099
CC(C)=CCOc1cc(C(CO)Cc2cccc3ccccc23)ncc1C,3.0674,0.000204,3.3896,0.026798
COc1ccc(-n2nc(C(=O)NCC(=O)N3CCCCC3)c3ccccc3c2=O)cc1,2.1244,0.000211,3.8173,0.048466
Cc1cc2ccccc2nc1-c1ccc(N(Cc2ccc(CN3CCOCC3)cc2)C(=O)c2ccc(O)cc2O)cc1,2.5757,0.000282,4.763,0.059019
CCOC(=O)/C=C(C)/C=C/C=C(C)/C=C(/F)c1c(C)cc(OC)c(C)c1C,3.1364,0.000185,3.6605,0.056059
CC1(C)C2CCC1(C)C(OC(=O)[C@H](NC(=O)[C@@H](N)CC(=O)O)c1ccccc1)C2,4.4219,0.000211,3.2275,0.059693
[O-][n+]1nc2c(Cl)cnn2c2cc(Cl)ccc21,3.0291,0.000143,2.6468,0.011671
CCOC(=O)C[n+]1ccc(/C=C/c2cccc3ccccc23)c(C)c1,2.5304,0.000186,2.4929,0.048635
Cc1ccc(C)c(NC(=O)CN(C)C(=O)c2ccc(COc3ccccc3)cc2)c1,1.8534,0.000202,3.4833,0.04963
Cc1cc(S(=O)(=O)Nc2ccc(C(=O)NCCN3CCOCC3)cc2)ccc1F,2.0629,0.000198,3.6638,0.056529
O=C(NCc1ccc(CN2CC[C@@H](O)C2)cc1)c1csc2nc[nH]c(=O)c12,2.9392,0.000206,4.4893,0.02966
CCCCCC(=O)Nc1ccc(S(=O)(=O)Nc2nccc(C)n2)cc1,2.0099,0.000176,3.3431,0.127456
CCOC(=O)c1sc(NC(=O)Cc2c(F)cccc2Cl)nc1C,2.1149,0.000177,2.5119,0.063725
Cn1ccnc1CN(Cc1ccccn1)Cc1ccccc1Cl,2.1984,0.000166,3.6875,0.093675
C[C@]12CC[C@H](O)CC1=CC[C@@H]1C2CC[C@]2(C)C(=O)N(N)C(=O)CC12,4.3621,0.000206,3.0984,0.071567
CCOc1cc(S(=O)(=O)NCCc2ccc(OC)c(OC)c2)c(OCC)cc1-n1cnnn1,2.5217,0.000231,4.1003,0.094697
CNC(=O)c1c(C(N)=O)nc2n1C1CC(C1)c1ccc(C#CC3(O)CCC3)cc1-2,3.899,0.000238,4.9086,0.011898
CC1=CCC(C(C)(C)OC(=O)CN(C)CCO)CC1,3.3216,0.000165,2.3917,0.045103
COc1ccc(S(=O)(=O)NC2CCCC2)c(Cl)c1Cl,2.1563,0.000147,2.5649,0.092778
ON=C1C=CC(=NNc2nncc3ccccc23)C=C1,3.0449,0.000166,2.5623,0.076125
O=C(NCC(c1cnc(C(F)(F)F)nc1)N1CCC(F)(F)CC1)c1c(Cl)cccc1Cl,3.2815,0.000223,4.4853,0.072196
Cc1ccc(NC(=O)C2(C)CCN2C(=O)Cc2ccc(-c3ccccc3)cc2)cc1,2.5645,0.000214,3.4571,0.090738
CN(C)c1cccc2c(S(=O)(=O)Nc3cnc(Cl)cn3)cccc12,2.41,0.000183,3.6982,0.051679
O=c1[nH]nc([C@]2(Cc3cccc(Nc4cc[nH]n4)n3)CC[C@@H](S(=O)(=O)c3cccc(Cl)c3Cl)CC2)o1,3.6021,0.000271,4.9997,0.073916
Cc1cn(-c2ccc3n(c2=O)CCN([C@@H](C)[C@@H]2CC[C@H](c4cc(F)c(Cl)c(F)c4)O2)C3=O)cn1,4.2662,0.000295,4.6526,0.049192
O=C(Nc1nonc1NC(=O)c1cccc(C(F)(F)F)c1)c1cccc(C(F)(F)F)c1,2.4015,0.00022,2.8821,0.030402
Cc1ccc(C)c(OCc2nc3ccccc3[nH]2)c1,1.8776,0.00017,2.4968,0.039491
O=C1Cc2c(OCCNc3ccc4ccccc4c3)ccc(F)c2N1,2.3466,0.000199,3.7728,0.032698
Cn1ccnc1Cc1ccc2ccccc2c1O,2.1745,0.000163,3.3633,0.068638
CCNC(=O)Nc1ccc(-c2nc(N3CCOC[C@@H]3C)c3nc(C(C)(C)O)n(CCO)c3n2)cc1,3.3634,0.000266,4.9666,0.041571
COc1ccccc1NC(=O)C(=O)NCCC1CCCCN1S(=O)(=O)c1ccccc1,2.5914,0.000221,3.6541,0.032519
COc1ccc(NC(=O)Cc2cs/c(=N\c3ccc(C)cc3C)n2C)cc1,2.3355,0.000207,3.6903,0.024021
CC(C)c1c(S(=O)(=O)Nc2ccc(C(N)=O)cc2)c(-c2ccc(F)cc2)c(-c2ccc(F)cc2)n1CC[C@@H](O)C[C@@H](O)CC(=O)[O-],3.8302,0.000311,5.0,0.035197
COC(=O)Nc1nc(CN=C=S)c[se]1,4.1774,0.000142,2.7633,0.003631
O=C(CSc1nc2ccc(Nc3nc(N4CCCCC4)nc(N4CCCCC4)n3)cc2s1)c1ccc(F)cc1,2.6419,0.000266,4.6927,0.022605
O=C1CCC2(O)[C@@H]3Cc4ccc(O)c5c4[C@]2(CCN3Cc2ccoc2)C1O5,5.2145,0.000246,4.5609,0.022272
O=C(O)/C(Cc1ccc(F)cc1)=N\O,2.169,0.000128,1.8919,0.051475
O=C(CC1CC1)N1CCCn2nnc(CNc3ncccn3)c2C1,2.9052,0.00019,4.5761,0.069728
Cc1cc(Cn2nc(C(=O)O)cc2C)n2nc(-c3ccccc3)cc2c1,2.6608,0.000203,3.9091,0.090423
CC(C)(C)C(=O)CNCC(=O)C(C)(C)C,2.5995,0.000113,1.7953,0.059802
COc1ccc(-n2nc(C(=O)NCCC3=CCCCC3)c3ccccc3c2=O)cc1,2.2683,0.000227,3.6649,0.021162
CCOC1=NO[C@]2(C1)C[C@H]1CC[C@@H](C2)N1,5.593,0.000169,2.9223,0.041254
O=C(NCc1ccco1)[C@@H]1CCO[C@@H]2CCN(C3CCOCC3)C[C@H]21,3.6989,0.000212,4.3306,0.059646
Cc1nn(Cc2ccc(Cl)cc2)c(C)c1NC(=O)CSc1nc2c(c(C(F)(F)F)n1)CCc1ccccc1-2,2.7305,0.00029,4.8916,0.060505
COc1cc2c(cc1OC)C(c1cc(OC)c(OC)c(OC)c1)N(CC(O)CO)CC2,3.1334,0.000231,3.8933,0.136853
CC(=O)N[C@@H](Cc1ccccc1)C(=O)N[C@@H](C)C(=O)N[C@@H](CC(C)C)C(=O)N[C@@H](CCCC[N+](C)(C)C)C(=O)NC(CO)CO,3.8944,0.000478,4.3413,0.108927
c1ccc2cc(OCC3CCN(CC4CC4)CC3)ccc2c1,1.9246,0.000212,3.7823,0.121461
COc1ccc(OCC(=O)Nc2cc(S(=O)(=O)N3CCCC3)ccc2Cl)cc1,1.8859,0.000225,3.2756,0.179565
Cc1ccc(S(=O)(=O)N2CCC(C(=O)N3CCN(Cc4ccccc4)CC3)CC2)cc1,1.9589,0.000221,2.8887,0.111647
O=C(N1CCO[C@@H](CO)C1)N1CC[C@](c2ccc(C(OCc3c(F)cccc3F)(C(F)(F)F)C(F)(F)F)cc2)(S(=O)(=O)c2ccc(F)cc2)C1,4.2808,0.000364,4.6615,0.149587
CCOC(=O)[C@H]1N[C@@H](c2ccc(OC)cc2)[C@@H]([N+](=O)[O-])[C@@H]1c1ccc2c(c1)CCC(C)(C)O2,3.9935,0.000275,3.2879,0.073596
Cc1ccc(C(=O)Nc2ccccc2)cc1Nc1ncnc2cnc(N3CCCCC3)nc12,2.3401,0.000256,4.9977,0.062365
Cc1ccc(S(=O)(=O)N2CCN(C(=O)/C=C/c3ccco3)CC2)cc1,2.1383,0.000206,3.2656,0.067265
O=C(Nc1nc(-c2ccncc2)cs1)NC(CO)c1ccccc1,2.5659,0.000199,3.164,0.060577
COc1ncnc2c1ncn2O[C@H]1CSC(CO)O1,4.1002,0.000197,3.3666,0.059249
C1=CN2CCN=C2CS1,4.2356,0.00012,2.5487,0.062594
CCOC(=O)N1CCC(NC(=O)c2cc(-c3ccc(F)cc3)[nH]c2C)CC1,2.2892,0.000208,3.3224,0.134081
CCCCOc1ccc(-c2cc(C(=O)O)c3cc(F)ccc3n2)cc1,1.8979,0.000201,3.2015,0.075363
O=C1CCc2cc(-c3cncc4ccccc34)cc3c2N1CC3,2.3742,0.000193,3.7626,0.066831
CN(CCCCN1CCN(c2cccc3c2ccn3S(=O)(=O)c2ccccc2)CC1)Cc1ccccc1,2.3899,0.000266,4.2643,0.051715
OCCC#Cc1nc(-c2ccncc2)c(-c2ccc(F)cc2)n1C#Cc1ccccc1,2.9479,0.000225,4.1936,0.024914
C[C@@H](c1nc2ccc(C(=O)N[C@H](C#N)CCCCN)cc2n1C)N1C(=O)CN(c2ccc(Oc3ccncc3)cc2)C1=O,3.8327,0.000307,5.0,0.025269
O=C(Cn1cc(CN(C2=CC(=O)c3ccccc3C2=O)c2ccc(Cl)cc2Cl)nn1)c1ccccc1,2.8433,0.00029,4.1509,0.060206
N/C(=N\C(=O)CCCCCCC(=O)/N=C(\N)NCCCc1c[nH]cn1)NCCCc1c[nH]cn1,3.5286,0.000233,5.0,0.050489
O=C1C(Cl)=C(Nc2ccc(Cl)c(Cl)c2)C(=O)c2[nH]c(-c3ccncc3)nc21,2.7391,0.000215,4.2196,0.064587
CCc1ccc2nc(O)c(CN(Cc3ccc4c(c3)OCO4)C(=O)c3ccco3)cc2c1,2.6392,0.000244,4.1922,0.05352
COc1ccc2sc(CNc3nncc(-c4c(C)cccc4O)n3)nc2c1,2.653,0.000216,3.9884,0.084529
O=C(/C=C/c1ccc(O)cc1)Nc1cccc(Cl)c1,1.7647,0.000151,2.3468,0.057589
NC(=O)c1ccc(CC(=O)N2CC[C@](c3ccc(C(OCc4c(F)cccc4F)(C(F)(F)F)C(F)(F)F)cc3)(S(=O)(=O)c3ccc(F)cc3)C2)cc1,3.8596,0.000315,4.6431,0.064694
CN1CCCN(c2nc(-c3ccncc3)cnc2N)CC1,2.3848,0.000181,4.3158,0.06624
O=C(N1CCc2c([nH]c3ccccc23)C1)C(O)(c1ccccc1)c1ccccc1,2.3633,0.000215,3.4873,0.071736
Cc1ccc(C(=O)c2sc3cc(O)ccc3c2Oc2ccc(/C=C/C(=O)O)cc2)c(C)c1,2.5252,0.000235,4.1356,0.151453
Cc1ccc2cccc(Oc3ncnc4scc(-c5ccc(Cl)cc5)c34)c2n1,2.368,0.000226,3.9373,0.050624
O=C(Nc1cccc(S(=O)(=O)N2CCOCC2)c1)C1=NN(c2ccccc2)C(=O)CC1,2.3265,0.000223,3.7018,0.085572
CCC(C)NC(=O)C1c2ccccc2Oc2ccccc21,2.5356,0.000176,2.9003,0.071943
CO[C@H](C)c1cn(C2=NCC(=O)N3CCc4c(ccc(F)c4C4CC4)C3=C2)cn1,4.0468,0.000253,4.9482,0.064148
COC(=O)C(Cc1ccccc1)NC(=O)c1cccc(S(=O)(=O)N(C)C)c1,2.3324,0.000202,3.0374,0.058541
CCCCCCCCCCCCCC[N+](C)(C)CCN(C)CC[N+](C)(C)CCCCCCCCCCCCCC,2.5937,0.000228,3.6224,0.138586
Cc1ccc2c(c1)cc(CN(Cc1cccnc1)C(=O)NCc1ccccc1)c1nnnn12,2.5245,0.000258,4.3277,0.063701
C[C@@H]1CN(Cc2c[nH]nc2-c2ccc3c(c2)C(C)(C)NC(=O)O3)CCN1c1ccc(C(F)(F)F)cn1,3.7701,0.000292,4.7317,0.112691
C[C@H](CO)N1C[C@H](C)[C@@H](CN(C)C(=O)NC2CCCCC2)Oc2ccc(NC(=O)c3ccncc3)cc2C1=O,3.5785,0.000279,5.0,0.091606
CNC(=O)[C@H](Cc1ccc(OC)cc1)NC(=O)[C@H](CC(C)C)[C@@H](S)CC(=O)OC(C)(C)C,3.4615,0.000225,3.3082,0.057398
C[C@H]([C@H](O)/C=C/C(C)(C)O)[C@H]1CC[C@@]2(C)C3=CC[C@H]4C(C)(C)[C@@H](O)CC[C@]4(C)C3=CC[C@]12C,5.1269,0.000269,3.3035,0.044591
O=C(O)c1cn2c3c(c(N4CCN(CC(F)(F)F)CC4)c(F)cc3c1=O)SCC2,2.9696,0.000225,4.335,0.074782
CC(=O)Nc1ccccc1N(CC(O)Cn1c2ccccc2c2ccccc21)S(=O)(=O)c1ccc(C)cc1,2.8745,0.000257,3.5394,0.062067
Cn1ccnc1CCC1CCCCN1Cc1nccn1C,3.0142,0.000177,4.1137,0.030917
CC1(C)CC2(OC(=O)N(Cc3ccc(NS(C)(=O)=O)cc3)C2=N)c2ccccc2O1,3.8579,0.000221,3.7696,0.053025
CCN(c1ccccc1)S(=O)(=O)c1cccc(C(=O)NCC(c2ccco2)N2CCCCC2)c1,2.7834,0.000236,4.0493,0.073808
O=C(Nc1ccc(CN2CCN(S(=O)(=O)c3cccc(Cl)c3)CC2)cc1)c1cccs1,2.0554,0.000217,4.1921,0.09336
O=C(O)CSc1nnc(COc2ccc([N+](=O)[O-])cc2)n1-c1ccccc1,2.0993,0.000227,3.2671,0.046716
CC(CCc1cccc(OCc2ccc3ccccc3n2)c1)Cc1nnn[nH]1,2.9964,0.000242,4.299,0.099376
CC(C)C[C@H](CO)Nc1nc(S[C@@H](C)c2cc(Cl)ccn2)nc2[nH]c(=O)sc12,3.8648,0.00025,4.4661,0.071334
O=C(O)C1=Cc2cc(Cl)c(OCC3CCCC3)c(Cl)c2OC1C(F)(F)F,3.3947,0.000225,3.6703,0.0716
CC[P+](Cc1ccc(C(=O)c2ccc(C[P+](CC)(c3ccccc3)c3ccccc3)cc2)cc1)(c1ccccc1)c1ccccc1,2.8392,0.000296,1.2181,0.045868
CC(C)C[C@H](NC(=O)Cc1cccc(F)c1)C(=O)N[C@@H](CC1CCCCC1)[C@@H](O)C(=O)Cc1ccccc1,3.4252,0.000282,4.0776,0.040256
c1c[nH]c(SCCc2c[nH]c3ccccc23)c1,2.588,0.000172,2.859,0.06348
N=C(N)NCCC[C@H](NC[C@H](Cc1ccccc1)NC(=O)[C@@H]1CCCN1)C(=O)O,3.4428,0.000231,4.4494,0.072223
O=C(NC12CC3CC(CC(C3)C1)C2)N[C@H]1CC[C@H](Oc2ccc(C(F)(F)F)cn2)CC1,3.8248,0.000244,3.7984,0.097991
COc1cc(-c2cccc(OC)c2F)cc(OC)c1O,1.9403,0.000172,2.3829,0.071575
Cc1ccc(C)c(NC(=O)CSc2nnc(CNc3c(C)cccc3C)n2-c2ccccc2)c1,2.2378,0.000248,4.1292,0.030795
NCc1c(O)c(Cl)cc(Cl)c1F,2.5884,0.000118,2.5541,0.055902
O=C(NCCN1CCC(c2noc3cc(Cl)ccc23)CC1)c1nsc2ccccc12,2.5907,0.000239,4.4556,0.11169
C[C@H](NC(=O)CNC(=O)Nc1ccc(C(=N)N)c(F)c1)c1cccc(Br)c1,2.6825,0.000232,3.6925,0.18683
COc1ccc(NC(=O)NO)c(OC)c1,1.8832,0.000165,2.1406,0.266803
CC(=O)c1cccc(OCCCC(=O)N(C)Cc2cccc(O)c2)c1,1.9976,0.000253,3.0876,0.08966
C/C(=C\COP(=O)(O)OP(=O)(O)O)CCCCCCCOCc1ccccc1,3.0651,0.00024,3.2652,0.147361
COc1ccc(-n2c(Cc3cccn3C)nnc2SCC(=O)Nc2ccc(F)cc2F)cc1,2.403,0.000277,4.4792,0.057032
Cc1cncc(C2C(C#N)=C(N)Oc3c2ccc2[nH]ccc32)c1,3.2427,0.000211,3.7563,0.155105
COc1cccc(CC2(CO)CCN(C(=O)NCCc3ccccc3)CC2)c1,2.205,0.000242,3.6145,0.136491
COc1ccc(Nc2ncnc3c2C(c2cccc(O)c2)c2c(c(=O)oc4ccccc24)O3)cc1,3.2685,0.000308,4.3502,0.112838
COc1ccc2[nH]c3c(c2c1)CCC1c2ccccc2C31O,3.2968,0.000226,3.2802,0.181362
Oc1noc2cc(CCc3nn[nH]n3)ccc12,2.8968,0.000186,3.8795,0.126093
OC(CN1CCC(c2nnc(-c3ccc(Cl)cc3)o2)CC1)(Cn1cncn1)c1ccc(F)cc1F,3.2537,0.000292,4.9951,0.15859
COc1ccc2c(c1)C(=O)N(c1ccc(N3CCOCC3=O)cc1)CN2C(=O)Cc1ccc(Cl)c(Cl)c1,2.7271,0.0003,4.6136,0.164306
Cc1cccc(C)c1N1CC2(C(=O)Nc3cc(C(F)(F)F)cc(C(F)(F)F)c3)C[C@@H](F)CC2C1=O,4.057,0.000263,4.226,0.110299
CCc1ccc(OCCCON2C(=N)N=C(N)NC2(C)C)cc1,3.1227,0.000191,2.9496,0.156187
CNc1ncc2cc(-c3cccc(C(=O)Nc4cccc(C(F)(F)F)c4)c3)ccc2n1,2.2246,0.000225,4.1862,0.149671
Nc1nc2ncc(CNc3ccc(C(=O)N[C@@H](CCC(=O)NCCCCCCC(=O)Nc4cc(-c5cccs5)ccc4N)C(=O)O)cc3)nc2c(=O)[nH]1,3.6395,0.000369,4.9999,0.119564
Cn1cc(-c2cnc(N)c(NCc3c(Cl)cccc3Cl)n2)cn1,2.5632,0.00022,4.0232,0.058303
Cc1cccc(/C=N\Nc2nnc(-c3ccccc3)c(O)n2)c1,2.3073,0.000191,2.8358,0.090695
CN(C)C(=O)[C@H]1C[C@@H]1c1ccc(-c2ncn([11CH3])c2Sc2ccc(Cl)cn2)cc1,3.465,0.000231,4.4816,0.087501
COc1cccc(-c2nc(C[S+]([O-])CC(=O)NCCc3ccccc3)c(C)o2)c1,3.1984,0.00022,3.6672,0.092592
Nc1nc(-c2ccccc2)cn1/N=C/c1ccnc2ccccc12,2.3803,0.000212,3.3435,0.146286
CCCCCCCCCCCCC(O)C1CCC(C(O)CCCCCCC(O)CCCCCCCC2=CC(C)OC2=O)O1,4.4447,0.000304,4.2131,0.184984
CNC(=Nc1ccccc1)SC1CC(=O)N(c2cccc(OC)c2)C1=O,2.9899,0.000244,2.9068,0.139042
COc1ccc(CCNC(=O)c2ccccc2NS(=O)(=O)c2cc(C(=O)O)ccc2OC)cc1,2.0445,0.000266,3.5162,0.187842
NCCSC(c1ccccc1)(c1ccccc1)c1ccc2ccccc2c1,2.2213,0.00024,2.3488,0.144077
Clc1ccc(CN2C3=NCCCN3c3ccccc32)cc1Cl,2.3847,0.000231,4.1822,0.212638
Oc1nc2c3c(ccc2[nH]1)CCC(CNCc1ccccc1)O3,3.102,0.000245,3.9618,0.139873
COc1ccc(S(=O)(=O)N2CCN(Cc3ccccc3OC)CC2)cc1,1.7813,0.00023,2.7412,0.176496
Cc1ccc(CN2CCN(Cc3cc(C)n[nH]3)CC2CCO)cc1,2.9703,0.000251,4.1116,0.136059
O=C1NC(=O)/C(=C/c2cn(-c3ccccc3)nc2-c2ccccc2)S1,2.2004,0.000225,3.1595,0.106004
CC(=O)Nc1ccc(Nc2nccc(-c3ccc(Oc4ccccc4N)cc3)n2)cc1,2.0896,0.000252,3.945,0.102923
O=C([C@H](Cc1ccc(Cl)cc1Cl)NC(=O)C1(c2ccc(Cl)cc2Cl)CC1)N1CCNCC1,3.0131,0.000265,3.4801,0.050348
CCCN(C)c1ncc(-c2ccc(OCC)cc2)cc1C(=O)c1ccc(F)cc1,2.2199,0.000242,4.2337,0.069422
CCn1ccc2c(OCC(=O)Nc3ccc(C(C)=O)cc3)cccc2c1=O,2.0046,0.000226,3.6316,0.062665
Cc1cc(N2CCC(NS(C)(=O)=O)CC2)nc(C(C)C)n1,2.4148,0.000186,3.8995,0.116791
Cc1cc(C)n(CC(=O)Nc2ccc3c(c2)OCO3)c(=O)c1C#N,2.259,0.000216,3.3279,0.207544
OC(COc1cccc(CNC2CCOCC2)c1)CN1CCc2ccccc2C1,2.7469,0.000251,4.411,0.090028
Cc1nc(-c2ccccc2)sc1C1(C)CC(c2ccc([N+](=O)[O-])cc2)=NO1,3.076,0.00023,3.363,0.067608
CC(C)(C)c1cc(O)cc(-c2ccc(C(=O)NCc3ccccc3)cc2)c1,1.8779,0.000203,3.3218,0.137441
CN(C)CCCC1(c2ccc(F)cc2)OCc2cc(C(=O)NNC(=O)c3cccc([N+](=O)[O-])c3)ccc21,3.1585,0.000281,4.2347,0.123062
O=C(O)c1cn(C2CC2)c2cc(N3CCN(C4OC(CO)C(O)C(O)C4O)CC3)c(F)cc2c1=O,3.9844,0.000302,4.483,0.104878
CC(C)Oc1cccc(C(=O)NC2=NCCS2)c1,2.2565,0.000201,2.7182,0.086516
O=C(c1ccc2[nH]ccc2c1)N1CCCSCC1CN1CCCC1,2.9971,0.000234,4.3288,0.187754
COc1cc(-c2ccc(F)c(F)c2)c(F)cc1-n1c(=O)cnc2cc(S(=O)(=O)Nc3ccon3)ccc21,2.8625,0.000314,4.7113,0.091215
O=S(=O)(O)CI,3.0698,9.8e-05,1.419,0.091118
COc1ccc(Cc2ccc3c(ccn3C)c2)c(OC)c1OC,2.1874,0.000216,3.4738,0.092779
CNC(=O)c1ccc(NC(=O)c2n[nH]c3ccccc23)cc1,1.8478,0.000196,3.5657,0.094611
Cc1ccc2c(c1)CC[C@@H]1[C@@H]2CCC(=O)N1C,3.0446,0.000187,3.6803,0.074437
Cc1ccc(NC(=O)Cn2c(=O)n(Cc3ccc4c(c3)OCO4)c(=O)c3ccccc32)c(C)c1,2.2311,0.000262,4.5204,0.089688
Cc1cc(C)c2cc(C(=O)NC3CCCCCCC3)[nH]c2c1,2.0985,0.000192,3.3157,0.171161
O=C(c1cccc(F)c1Cl)C1CCN(c2nc3cnccc3nc2NC2CC2)CC1,2.6842,0.000266,3.9829,0.111577
Nc1nc(N)c(C(CCc2ccccc2)C[N+](=O)[O-])c(=O)[nH]1,3.22,0.000206,3.5694,0.128555
CCCn1c(N)c(C(=O)CSc2nnc(C3CC3)n2Cc2ccccc2)c(=O)n(C)c1=O,2.5195,0.00027,4.573,0.043842
Cc1cc(OCCCc2c(C(=O)Nc3cccc(C(=O)O)c3)[nH]c3c(-c4c(C)nn(C)c4C)c(Cl)ccc23)cc(C)c1Cl,2.9633,0.000297,4.5897,0.098773
CC(C)CN1C(=O)c2ccc(NC(=O)c3cccs3)cc2C1=O,2.0702,0.000232,3.3829,0.068339
N#Cc1nc(C2SCCCS2)oc1N,3.6599,0.00017,2.3433,0.090643
O=S1(=O)C2CC3OC2(CN1Cc1ccc(C(F)(F)F)cc1)C1OC31,5.5396,0.00026,3.5083,0.129628
CC(=O)O[C@@]12COC1C[C@H](O)[C@@]1(C)C(=O)[C@H](O)C3=C(C)[C@@H](OC(=O)[C@H](O)Cc4ccccc4)C[C@@](O)([C@@H](OC(=O)c4ccccc4)[C@@H]12)C3(C)C,5.6349,0.000393,3.9499,0.100462
Fc1ccc(-n2ncc(-c3nc(-c4cc(F)ccc4F)no3)c2-c2ccccc2)cc1,2.382,0.000265,4.0515,0.155312
CC[C@@H](CN(C)S(=O)(=O)C1CC1)N1C(=O)[C@](C)(CCC(=O)O)C[C@H](c2cccc(Cl)c2)[C@H]1c1ccc(Cl)cc1,4.0927,0.000326,4.9995,0.152446
O=C(Nc1ccc(F)cc1)c1ccc(CNc2nc(NC3CC3)nc3ccccc23)cc1,2.0711,0.000264,4.4116,0.097965
CCCCOC(=O)/C(C#N)=C1\SCC(=O)N1c1ccccc1F,2.6714,0.000226,3.0953,0.120948
O=c1c(-c2nnn[nH]2)coc2ccc(CO)cc12,2.8021,0.000193,3.2003,0.203644
Cc1sc2nc(CCN)nc(N(CCN(C)C)CC3CCCO3)c2c1C,3.3086,0.000246,4.9993,0.159432
O=C(O)c1ccccc1C(=O)c1ccc(Sc2ccc(Cl)cc2)c([N+](=O)[O-])c1,2.1264,0.000238,2.3519,0.134665
CN1C(=O)C(/C=N\Nc2ccc([N+](=O)[O-])cc2[N+](=O)[O-])C(=O)N(C)C1=O,2.8577,0.000217,3.4698,0.092764
O=C(O)[C@H]1CCCC[C@H]1C(=O)Nc1ccc(S(=O)(=O)N2CCOCC2)cc1,2.8083,0.000233,3.1175,0.126836
CC(=O)N(c1ccc(N2CCN(C)CC2)cc1)c1ncc2cc(C#N)c(=O)n(C3CCCC3)c2n1,2.8685,0.000273,4.9465,0.027355
O=C(Nc1cccc2cccnc12)c1cccc(N2C(=O)CCC2=O)c1,2.0684,0.000202,2.7992,0.062185
C[C@@H]1Cc2ccccc2N1C(=O)CN1CCN(Cc2ccc(Cl)cc2)CC1,2.4503,0.000206,3.7562,0.059748
COC(=O)c1cc(/C(=C\CCc2nnn(C)n2)c2cccc(C#N)c2)cc(C)c1OC,2.8934,0.000231,3.8165,0.082422
COc1ccc(-c2cn(CCO)nc2-c2ccc(OC)cc2)cc1,1.9746,0.000205,3.1559,0.00701
C/C(=N\NC(N)=O)C1CC(Cc2ccccc2)C(=O)O1,3.3488,0.000177,2.8703,0.035117
CCOc1c(C)c(C)c2c(c1C)C=CC1(CCCCC1)N2,3.7136,0.000172,3.2852,0.136937
O=c1c2c(nc3ccccn13)CCCCCC2,2.191,0.000147,2.8814,0.089257
COc1cc2c(cc1OC1CCCC1)CN(C(=O)c1ccc(OC(F)(F)F)cc1)C(C(=O)O)C2,2.9468,0.000267,4.0037,0.106265
Cc1nonc1CC(=O)NC1CC(C)(C)Cc2c1cnn2-c1ccc(F)cc1,3.1971,0.000231,4.3571,0.084156
CCN1CCc2c(c(O)c(OC)c3c2ccc2cc(O)c(OC)cc23)C1,2.6626,0.000203,4.3083,0.066728
CC1CCC2=C(C1)c1c(O)cc(C(C)C(C)CCc3ccc(F)cc3)cc1OC2(C)C,3.8149,0.000231,4.7352,0.049355
O=C(NCc1ccc(Cl)cc1Cl)N1CCC(O)(c2ccccc2)CC1,2.1498,0.000185,2.8437,0.200656
Nc1ccccc1-c1nnc(C(=O)NCCCn2ccnc2)o1,2.4467,0.000204,3.7141,0.150711
O=C(c1ncc(Cl)cc1-n1nccn1)N1C2CCC1C(COc1ccc(F)cn1)C2,4.707,0.00026,4.6257,0.0343
CC1(C)CC=C(c2cc(C(C)(C)CN3CC4OC(C)(C)OC4C3)ccc2NC(=O)c2nc(C#N)c[nH]2)CC1,4.3992,0.000288,4.5465,0.157713
CC1=CC(=C(C#N)c2nc3ccccc3s2)C=C(C)N1CC1CCCO1,3.4636,0.000237,3.9262,0.160395
COC(=O)c1cc(OCC(=O)NC2CCCc3ccccc32)cc(C(=O)OC)c1,2.5859,0.000232,3.2004,0.129834
CCCOc1c(OCCCn2ccnc2)cc([C@@H]2CC[C@@H](c3cc(OC)c(OC)c(OC)c3)O2)cc1S(=O)(=O)CC(C)=O,3.8485,0.000318,4.6336,0.182239
COc1ccccc1-c1cnccc1NS(=O)(=O)C(F)(F)F,2.2694,0.000188,2.6904,0.065428
Clc1ccc2c(NCCCN(CCc3ccccc3)Cc3ncc[nH]3)ccnc2c1,2.4398,0.000226,4.6757,0.080724
CCCNC(=O)c1cc(CN(C)C)c(O)c(C(C)(C)C)c1,2.2222,0.000209,3.5587,0.075512
C=CCC(=O)N[C@@H](Cc1ccc(Cl)cc1)C(=O)N[C@@H](Cc1ccccc1)C(=O)N[C@@H](CCCNC(=N)N)C(=O)N[C@@H](Cc1c[nH]c2ccccc12)C(N)=O,4.0698,0.000372,4.3544,0.151624
Cc1cccc2nc(-c3ccc(C(=O)N/N=C/c4ccccc4O)cc3)[nH]c12,2.2887,0.000284,4.0403,0.094307
COC(=O)c1cn(CCOc2ccccc2OC)c2ccccc12,1.8812,0.000245,2.5271,0.062546
CCCc1cn2c(/C=N/N=C(N)N)c(-c3c(OC)ccc(OC)c3[N+](=O)[O-])nc2s1,3.2378,0.000292,4.5334,0.110848
Oc1c(Cc2ccc(Br)cc2)ccc2ccccc12,1.7923,0.00022,2.6965,0.083099
Cc1cc(C(=O)NCCN2CCOCC2)[nH]c1/C=C1\C(=O)N(C)c2ncnc(Nc3ccc(F)c(Cl)c3)c21,3.0704,0.000351,4.9859,0.064541
Cc1ccc(S(=O)(=O)N2CCCC[C@@H]2C(=O)Nc2nc(-c3ccc4occc4c3)cs2)cc1,2.8515,0.000313,4.5198,0.055491
CC(C)(C)C#Cc1nc(N)c2ncn([C@@H]3O[C@H](COS(=O)(=O)NC(=O)CCCC[C@@H]4SC[C@@H]5NC(=O)N[C@@H]54)[C@@H](O)[C@H]3O)c2n1,5.0476,0.000383,4.8772,0.096262
COc1ccc(-c2noc3cnc(N[C@@H](C)c4ccccc4)cc23)cc1OC,2.7767,0.00028,3.8785,0.152393
COc1ccc(C2NC(=O)c3ccccc3O2)c(OC)c1OC,2.7571,0.000254,3.0304,0.088457
CC1(C)[C@@H](O[C@H]2O[C@H](C(=O)O)[C@@H](O)[C@H](O)[C@H]2O[C@@H]2O[C@H](CO)[C@@H](O)[C@H](O)[C@H]2O)CC[C@]2(C)[C@H]3C(=O)C=C4[C@@H]5C[C@@](C)(C(=O)O)CC[C@]5(C)CC[C@@]4(C)[C@]3(C)CC[C@@H]12,5.8778,0.000435,2.6605,0.092446
CC(=O)O[C@@H]1CC[C@@]2(C)[C@@H]3CC[C@](C)(O)CC=C3CC[C@@H]2C1(C)C,4.3098,0.000248,3.2566,0.121274
O=C1[C@@H](CCO)[C@@H](c2ccccc2)N1c1ccccc1,2.6526,0.000216,2.5368,0.119612
O=C(Nc1ccc(OC(F)(F)F)cc1)c1ccc(N2CC[C@@H](O)C2)c(-c2cccnc2)c1,2.759,0.000297,4.0992,0.101584
CC(C)/C=N\n1c(N)c(C#N)c(C#N)c1C(C)C,3.4426,0.000206,3.2135,0.087416
Cc1sc(N)c(C(=O)c2cc(C)c3cc(Cl)ccc3c2)c1C,2.3259,0.000222,3.4416,0.084669
Cc1cc(-c2n[nH]c3ccc(C(=O)N[C@@H]4CCC[C@@](O)(Cn5ncccc5=O)C4)cc23)ccn1,3.6269,0.000312,4.9873,0.050695
Cc1nc(COCC2CNCc3nccn3C2)cs1,3.5409,0.000227,4.2054,0.109299
Cc1[se]c(/C=C2\C(=O)Nc3cc(-c4ccccc4O)ccc32)cc1C(=O)NCCN1CCCCO1,3.2973,0.000328,4.705,0.089602
OC[C@H]1OC(n2c(O)nc3cc(Cl)c(Cl)cc32)[C@H](O)[C@@H]1O,3.7877,0.000253,3.1602,0.063533
Cc1cc(O)nc(N/N=C/c2cccs2)n1,2.6768,0.000205,2.6068,0.119449
CCOc1ncc(CCC(C)CC)nc1C,2.9944,0.000209,3.3779,0.057458
Oc1ccc(CCc2ccc(O)c(O)c2)cc1O,1.971,0.000201,2.9183,0.048899
O=C1NC[C@H](CCCCN2C[C@H](Cc3ccccc3)N(CCC3CCCCC3)C(=O)C2=O)N(CCC2CCCCC2)C1=O,3.8318,0.000374,4.6778,0.071571
CCC(=O)NCC(CO)c1cccc2ccc(OC)cc12,2.6529,0.000203,3.2179,0.063933
Cc1cccc2c1nc(-c1ccc3ccccc3c1)n2Cc1c(F)cccc1F,2.1923,0.000227,4.3017,0.021109
CCN(C[C@H]1N[C@@](C)(C(=O)OC)[C@H]2C(=O)N(C)C(=O)[C@@H]12)C(=O)COC,3.975,0.000209,3.657,0.067766
c1ccc2c(c1)NC1SCCCN21,3.2646,0.000147,2.8027,0.016635
CCCCN=C(S)NNC(=O)c1cc(-c2ccncc2)nc2ccccc12,2.561,0.000202,3.8547,0.063586
Cc1ccc(S(=O)(=O)N(C)C[C@@H]2Oc3c(NC(=O)Nc4ccccc4)cccc3C(=O)N([C@H](C)CO)C[C@H]2C)cc1,3.4807,0.000294,4.5249,0.016496
COCCn1c(=O)c(-c2ccc(Cl)cc2)nc2cncnc21,2.2802,0.000185,4.1846,0.080393
COCCc1noc(-c2cn(CCc3ccccc3)nn2)n1,2.4001,0.00022,3.3963,0.05349
O=[N+]([O-])c1ccc(NCc2ccc(O)c(O)c2)cc1,1.8836,0.000165,2.6936,0.071627
COC[C@H]1O[C@@H](OCc2ccc3ccccc3c2)[C@H](NC(=O)CCN)[C@@H](OCc2ccc3ccccc3c2)[C@@H]1O,3.8353,0.000301,3.2822,0.054616
CC1(C)CCC(CN2CCN(c3ccc(C(=O)NS(=O)(=O)c4ccc(OCC5CCOCC5)c([N+](=O)[O-])c4)c(Oc4cnc(N)c(Cl)c4)c3)CC2)=C(c2ccc(Cl)cc2)C1,3.5829,0.000409,4.9995,0.061352
CCNC(=O)c1oc2nc(-c3ccccc3)cc(C(F)(F)F)c2c1N,2.5066,0.000214,3.843,0.07728
Cc1cc([C@](C)(N)C(=O)O)ccc1P(=O)(O)O,3.3162,0.000162,3.171,0.030669
O=C(NC(c1ccccc1)c1c(O)ccc2ccccc12)c1ccccc1Cl,2.3893,0.000209,2.7391,0.057683
O=C(CCNC(=O)C1CCN(S(=O)(=O)c2ccc(F)cc2)CC1)NCc1ccc(F)cc1,2.0335,0.000225,4.3281,0.047538
[O-][S+](CCC(F)=C(F)F)c1nccs1,4.9311,0.00014,2.7523,0.038562
COc1ccc(-n2nc(C(=O)Nc3ccc(C(C)=O)cc3)nc2-c2ccccc2)cc1,2.0233,0.000221,3.6453,0.039818
CCCc1cc2c(cc1Cl)N(C(=O)Nc1cccnc1)CC2,2.2954,0.000181,4.0546,0.057503
CC(C)[C@H](NC(=O)CNC(=O)[C@H](CO)NC(=O)c1ccccc1N)C(=O)N[C@@H](CS)C(=O)N[C@@H](Cc1ccc(O)c([N+](=O)[O-])c1)C(N)=O,3.9811,0.000299,4.2223,0.051587
O=C(COC(=O)CCCOc1ccc(Cl)cc1Cl)Nc1cccc(Cl)c1,1.8767,0.000194,2.8129,0.047527
C=CC[C@H](NC(=O)[C@H](Cc1ccccc1)NS(=O)(=O)N1CCOCC1)C(=O)N[C@@H](CC1CCCCC1)[C@@H](O)C[C@H](O)C(C)C,4.1797,0.000316,4.9842,0.051539
CC(C)C12CN3CC(C(C)C)(CN(C1)C3(C)C)C2=O,4.9851,0.000179,3.4481,0.043453
c1ccc(Nc2ncncc2-c2ccoc2)cc1,2.2301,0.000162,3.401,0.071782
NS(=O)(=O)c1ccc(CCNC(=O)Cc2ccc(S(=O)(=O)N3CCCC3)s2)cc1,2.2787,0.000235,4.3993,0.059607
COC[C@@H]1C[C@@H](OC)CN1S(=O)(=O)c1ccc2c(c1)C(=O)C(=O)N2,3.4241,0.000229,3.2753,0.058561
COC1=C(C)C(=O)C2=C(C1=O)[C@H]1[C@@H]3CC4=C(C(=O)C(OC)=C(C)C4=O)[C@H](COC(=O)/C=C/c4c(F)c(F)c(F)c(F)c4F)N3[C@@H](C#N)[C@H](C2)N1C,5.7885,0.000383,4.9976,0.064394
CC(=O)Nc1ccc(C(=O)/C=C/c2ccc(O)c(O)c2)cc1,1.9628,0.000179,2.7224,0.053367
C[C@@H]1CN([C@@H](CN(c2ccc(Oc3ccc(C(F)(F)F)cc3)cc2)S(C)(=O)=O)C(=O)NO)C[C@H](C)O1,3.6722,0.000263,4.861,0.065688
CN(C)CCn1c2c(c(SCC(=O)Nc3cccc(C(F)(F)F)c3)nc1=O)CCCC2,2.5492,0.00024,4.4696,0.066422
O=C1C[C@H](S(=O)(=O)O)c2ccccc2C1=O,3.0748,0.000164,2.134,0.110655
NS(=O)(=O)c1ccc(NC(=O)c2ccc(/N=C3\C(=O)Nc4ccc(Br)cc43)cc2)cc1,2.4552,0.000244,3.3778,0.057639
COc1c(OC[C@H](O)CN2CCCC2)ccc2c1N=C(NC(=O)c1cncs1)N1CCN=C21,3.6142,0.000303,4.9991,0.060439
O=C(Nc1ccc(OC(F)(F)F)cc1)c1ccc(Cl)c(-c2cccnc2)c1,1.9885,0.000228,3.1115,0.053505
CCCCCCCC1=CC(=O)C=C(OC)C1=O,2.4578,0.000179,3.2431,0.059553
O=C(NCC(c1cccnc1)N1CCc2ccccc2C1)c1ccc(F)c(F)c1,2.6442,0.000249,4.193,0.071086
Nc1nc(N)c2cc(NCc3ccc(CCNC(=O)c4ccc([N+](=O)[O-])cc4)cc3)ccc2n1,2.284,0.000282,4.3503,0.043114
O=S(=O)(O)OC[C@@H]1CNC[C@H](OCc2ccc3ccccc3c2)[C@H]1c1ccc(OCCCOCc2ccccc2)cc1,3.6444,0.000346,3.3802,0.05342
COc1ccc(Cn2ncc(NC(=O)c3cc(NC(=O)c4ccc(-c5cc(C(F)(F)F)ccc5Cl)o4)ccc3C)c2N)cc1,2.7215,0.000346,4.3333,0.030512
C/C=C/c1ccc2c(c1)[C@H]1[C@H](CCN1S(=O)(=O)c1ccccc1C)[C@@H](CO)N2,3.6704,0.00025,3.8633,0.02024
NS(=O)(=O)c1cc(C(=O)NCCCO)c(NCc2ccccc2)cc1Cl,2.1427,0.000192,3.5889,0.019623
CN[C@@H](C)C(=O)N[C@H]1CCC[C@H]2C[C@H]3CCN(CCc4ccccc4F)C[C@H]3N2C1=O,3.8506,0.000232,4.9999,0.020635
Fc1cccc(Cl)c1CNn1cnnc1S,2.9488,0.000139,2.8251,0.020576
CC(C)=CCC/C(C)=C/CC/C(C)=C/C(=O)OC/C=C/c1ccccc1,2.7231,0.000174,2.404,0.020741
O=S(=O)(NCc1ccccc1)c1ccccc1NCc1ccc(Cl)cc1,1.7938,0.000174,2.6749,0.020696
CC(=O)Nc1ccc(CN2CCOC3(C2)CC(C)(C)Oc2ccccc23)cc1,3.4117,0.000212,3.7998,0.019589
FC(F)(F)c1ccccc1C1CCN(Cc2[nH]nc3ccccc23)CC1,2.3453,0.000196,4.0139,0.031384
COCCNc1nc(C)nc2c1nc(-c1ccccc1)n2CC1CCN(C)CC1,2.5179,0.000208,4.9881,0.030766
CCCC(=O)N1CCN(c2ccc(NC(=O)c3ccc([N+](=O)[O-])o3)cc2)CC1,2.1868,0.000198,3.5304,0.041459
C=C(C=O)[C@@H]1CC[C@]2(C(=O)OC)CC[C@]3(C)[C@H](CC[C@@H]4[C@@](C)(CC#N)[C@H](C(C)(C)C(=O)CBr)CC[C@]43C)[C@@H]12,5.3511,0.000286,4.0133,0.050515
O=C(O)c1cnc2c(cnn2-c2ccccc2)c1Nc1cccc([N+](=O)[O-])c1,2.2629,0.000205,3.6315,0.062553
Nc1nc(Cl)c2ncn([C@H]3CCC[C@H]3CO)c2n1,3.4127,0.000163,3.6367,0.072591
CN(C(=O)Nc1nncs1)C1CCN(c2ccccc2Cl)C1=O,3.0924,0.00019,4.3288,0.051649
CN(C)c1ccc(-c2cncnc2NCc2ccccc2)cc1,2.0002,0.000184,3.4818,0.041767
O=C(Nc1ccc(Cc2ccc(NC(=O)[C@@H]3CCCN3C(=O)Cc3ccccc3)cc2)cc1)[C@@H]1CCCN1C(=O)Cc1ccccc1,3.0727,0.000295,4.404,0.051455
C[C@H]1C(=O)O[C@@H]([C@](C)(O)[C@H]2CC[C@@]3(O)[C@@H]4CC=C5CC=CC(=O)[C@]5(C)[C@H]4CC[C@]23C)[C@@H](O)[C@@H]1CO,5.5026,0.000285,3.7263,0.051344
CCN(CC)c1ccc(NC(=O)c2c(-c3ccccc3-c3ccccc3)noc2C)cc1,2.1623,0.000219,3.332,0.014742
c1ccc(Cc2nsc(C3CN4CCC3CC4)n2)cc1,3.749,0.000182,3.8849,0.047367
CN1CCN(c2nc(Oc3ccc(C#N)cn3)nc(-c3ccc(N4C(=O)CSC4c4ccccc4)cc3)n2)CC1,3.305,0.000273,4.7838,0.012816
Oc1ccc(CCNc2ncnc3ccccc23)cc1,1.851,0.000167,3.3132,0.043264
CC(=O)OC1CC2C(C)(C)C(O)CCC2(C)C2CC[C@]3(C)C(=CC(=O)OC3c3ccoc3)C12C,4.8803,0.000259,3.7235,0.052624
CC1CN([C@H]2CC[C@H](n3cc(C(N)=O)c(Nc4ccc(S(=O)(=O)C(F)(F)F)cc4)n3)[C@@H](C#N)C2)C1,4.1543,0.000255,4.9939,0.02272
COc1cccc(-c2nc(Nc3ccc(C#N)cc3)c3cc([N+](=O)[O-])ccc3n2)c1,2.2311,0.000218,3.3063,0.024442
CCCN1C(=O)CCc2cc(-n3cnnc3)ccc21,2.5027,0.00016,3.5793,0.024493
C=C1c2ccccc2C(=O)c2c1c1c(C(=O)OC)c(O)ccc1n2Cc1ccccc1,2.6446,0.000222,3.7587,0.036594
CCOC(=O)CC1=NC(C)=C(C#N)C(c2ccccc2C(F)(F)F)/C1=C(\O)OCC,3.422,0.000215,3.2645,0.021652
CCn1nnc2c(N3CCOCC3)nc(-c3ccc(NC(=O)Nc4ccc(C(=O)NCCc5ccccn5)cc4)cc3)nc21,2.7164,0.000297,5.0,0.040421
CC(C)c1sc(Cl)nc1C(=O)N1CCN(c2ccccc2)CC1,2.34,0.000181,3.5009,0.037435
CC(C)(C)CNc1c(C#N)c(C(F)F)nn1-c1ccc(S(N)(=O)=O)cn1,3.0931,0.00019,4.5011,0.032724
Cc1ccc(Cn2c(SCC(=O)NCc3ccco3)nc3ccsc3c2=O)cc1,2.3021,0.000226,4.3315,0.059531
COc1cc(Nc2cncc(Oc3cccc(Cl)c3)n2)cc(OC)c1OC,2.2977,0.000196,3.2942,0.045567
O=C(Nc1cccc(C(F)(F)F)c1)c1csc(-c2ccncc2)n1,2.0897,0.000179,3.2169,0.031703
O=C(Nc1ccc(NC(=O)C2CC2)cn1)c1ccccc1,1.6784,0.00016,3.0224,0.045589
Cc1cccc(NC(=O)Nc2cccc(CNc3ncnc4c(C(N)=O)cccc34)c2)c1,2.2247,0.000223,4.5517,0.04763
O=C(CCC(F)(C(F)(F)F)C(F)(F)F)N1CCC(c2nc(-c3cccs3)no2)CC1,2.875,0.000209,4.1453,0.049556
Cc1ccc(/C=N/NC(=O)CC(=O)NCc2cccnc2)cc1,2.0429,0.000174,3.1359,0.045613
COc1ccc(N2C(=O)/C(=C\c3ccco3)N=C2SCC(=O)N(C(C)C)C(C)C)cc1Cl,2.7802,0.000222,3.7929,0.06066
O=C(CSc1nc(-c2ccccc2)c(-c2ccccc2)o1)Nc1nnc(-c2ccccc2)s1,2.2711,0.000233,3.7156,0.051538
OCc1cc(C(O)CNCCc2ccc(Nc3cccc4ccccc34)cc2)ccc1O,2.67,0.000225,4.3939,0.061536
CNC[C@H]1CC[C@H](Nc2c(C(=O)C3CC3)cnc3ccc(-c4cc(Cl)c(O)c(Cl)c4)cc23)CC1,2.7387,0.00025,4.9956,0.051542
COc1cc(C2C(N3C(=O)c4ccccc4C3=O)C(=O)N2c2cccc(C)c2)cc(OC)c1OC,3.1428,0.000249,3.2533,0.05149
CN1CCc2c(sc(NC(=O)C3CCCC3)c2C(N)=O)C1,2.2893,0.000175,3.7112,0.049512
NCc1cccc(-c2ccccc2)c1,1.3798,0.000125,2.3587,0.052684
CCOC(=O)c1cc(-c2ccccc2)nc2nc(N(CC)CC)sc12,2.4092,0.000192,3.3301,0.045744
Cc1ccc(C)c(NC(=O)CSc2nc(=O)n(CCN3CCOCC3)c3c2CCCC3)c1,2.5262,0.000226,4.5388,0.041619
