smiles,rascore,ra_sec
CN(C)CCNc1c2c(nc3ccccc13)CCCC2O,0.9509,0.049991
C#CCN(Cc1cc2c(=O)n(C)c(CN3CCN(CC)CC3)nc2cc1Cl)c1ccc(C(=O)NCc2cccnc2)cc1,0.9654,0.030721
CCC(=O)NCC1(O)CCC(C(C)(C)C)CC1,0.9652,0.027047
CN(C)C(=O)NCc1ccccc1-c1ccc(CN2C(=O)[C@H](NC(=O)C(C)(C)N)CCc3ccccc32)cc1,0.9885,0.023706
O=C(c1ccc(NC2=NC3CS(=O)(=O)CC3S2)cc1)N1CCN(C(=O)c2ccco2)CC1,0.9495,0.027849
CCOC(=O)Cc1oc2c(c1/C=C/c1ccccc1)C(=O)c1ccccc1C2=O,0.4887,0.035013
CCSc1cc(C2C(C#N)=C(N)Oc3[nH]nc(C)c32)c(C)o1,0.0329,0.032467
CCCCNC(=O)[C@H](C)C[C@H](O)[C@@H](N)C[C@H](Cc1ccc(OC)c(OCCCOC)c1)C(C)C,0.0106,0.031524
O=C(O)c1cn(CCO)c2ccc(I)cc2c1=O,0.9961,0.026997
CC(C)(C(=O)Nc1nccs1)[C@H](c1ccccc1)c1ccc2c(cnn2-c2ccc(F)cc2)c1,0.8913,0.030471
CCCOc1ccccc1-c1noc([C@@H]2CCN2C(=O)c2cc(C)ccc2-n2nccn2)n1,0.9952,0.018991
C=C1CC[C@H](O)C/C1=C/C=C1\CCC[C@]2(C)[C@@H](C(C)(C)O)CC[C@@H]12,0.0031,0.081086
C=CCc1ccc(OC)c(-c2ccc(O)c(CC=C)c2)c1,0.9976,0.070174
CC(C)c1nc(CN(C)C(=O)N[C@@H](CC(=O)O)C(=O)N[C@H](CC[C@H](Cc2ccccc2)NC(=O)OCc2cncs2)Cc2ccccc2)cs1,0.8112,0.068759
CCCC[N+](CCCC)(CCCC)CCCC,0.0341,0.076126
Cc1cc(CCC(=O)O)ccc1-c1nnc(-c2ccc(-c3cccs3)c(C#N)c2)s1,0.9911,0.059567
CN1CC2c3ccccc3Oc3ccc(Cl)cc3C2C1,0.9354,0.073434
CCCCCOc1cc(O)c2c(c1CC=C(C)C)OC(c1ccc(O)cc1)CC2=O,0.8731,0.143305
CN1c2nc(-c3ccccc3)cnc2C(NCCN)=NS1(=O)=O,0.5915,0.151589
Cn1c(=O)c2c(cc(N3CCC[C@@](C)(N)C3)n2Cc2cc(F)ccc2Cl)n(CCCO)c1=O,0.8959,0.135496
CC(C)(C)CN1CCC2(CC1)CN(c1ccccc1Nc1nnc(-c3cc(Cl)cc(Cl)c3)s1)c1c(O)ccc(Cl)c12,0.8415,0.09625
CCC(=O)N[C@H]1[C@H](O)[C@@H](O)[C@@H](O[C@@H]([C@H](N)[C@H](O)CO)[C@@H](O)CN)O[C@@H]1CO,0.0315,0.099786
CCCN1C[C@@H](c2ccccc2)N(C2CCN(C(C)CCNC(=O)c3c(C)cc(Cl)nc3C)CC2)C1=O,0.8985,0.093362
O=C([C@@H]1Cc2ccccc2CN1C(=O)CCCCc1ccccc1)N1CCCC1,0.9981,0.060624
Cc1nc(-c2noc3c(F)c4c(cc23)CC2(C(=O)NC(=O)NC2=O)[C@H]2[C@H](C)O[C@H](C)CN42)co1,0.0013,0.060839
c1ccc(COc2ncccc2-c2nnc(Nc3ccc4c(c3)OCCO4)o2)nc1,0.9494,0.056979
CN1CCN(CCCCNc2cc3cccc4ccc5cccc2c5c43)CC1,0.9744,0.059483
COC(=O)[C@@H]1c2ccoc2C[C@H]2[C@H]1[C@@H](OC(C)=O)[C@H](O)[C@H]1[C@](C)(COC(C)=O)CCC[C@]21C,0.0023,0.062915
Cc1cncc(-c2cc3c(cn2)cnn3-c2ccc(=O)n([C@H]3CCCNC3)n2)n1,0.7368,0.06759
Cc1noc(C)c1COc1ccc(S(=O)(=O)N(CC(C)C)c2ccc(Cl)cc2)cc1,0.9752,0.059978
O=c1ccc2c3c(cc[n+]2Cc2c(F)cccc2F)c2ccccc2n13,0.1828,0.042971
CC(C)C(NC(=O)/C=C/c1cccc([N+](=O)[O-])c1)C(C)C,0.998,0.054008
CC(Nc1nc2ccccc2n(C2CCN(C3CCCCCCC3)CC2)c1=O)C(=O)O,0.9842,0.05498
CCn1cc(NC(=O)c2nc(C3CC3)cnc2Nc2cncnc2)c(C(=O)NC)n1,0.9724,0.05055
COc1cc(OC)c2c(c1Cl)O[C@@]1(C=C([S+]([O-])c3ccccc3)C(=O)C[C@H]1C)C2=O,0.0169,0.059007
CC(C)(C)c1ccc(S(=O)(=O)N2CCC3=Cc4c(cnn4-c4ccc(F)cc4)C[C@]3(COCCN3CCCCC3)C2)cc1,0.0243,0.045846
Cc1ccc2nc3[nH]nc(N)c3nc2c1,0.9114,0.041288
CCOC(=O)/C=C/c1cc(C(=O)c2ccc(F)cc2)cn1C,0.9894,0.041117
CC(Sc1nc(N)cc(O)n1)C(=O)NNC(=O)c1cccc(Cl)c1,0.9129,0.040656
COc1ccc(N2CCN(C(=O)n3nnc4ccccc43)CC2)cc1,0.9987,0.061126
O=C(O)CCC[C@H]1NC[C@@H]2CCC[N+]3([O-])CCC[C@H]1[C@H]23,0.1581,0.094468
C[C@@H](Nc1nc(NCC(N)=O)nc(-c2cccc(C(F)(F)F)n2)n1)C1CC1,0.9649,0.054271
O=C(Nc1ccc(-c2cccc3c2CNC3=O)cc1)Nc1cc(C(F)(F)F)ccc1F,0.9886,0.057039
COc1ccc(C#Cc2ccc3c(c2)[C@H]2[C@H](CCN2Cc2nccs2)[C@@H](CO)N3)cc1,0.0422,0.062958
COc1ccc(-n2nc(C(=O)CCCO)cc2-c2ccc(S(C)(=O)=O)cc2)cc1,0.9842,0.081079
O=C(COC(=O)c1ccc(Cl)c(S(=O)(=O)N2CCOCC2)c1)NCc1ccco1,0.9997,0.092236
O=C(NCc1ccc(Cl)cc1)c1ccc2c(c1)NC(=O)C(CS(=O)(=O)Cc1ccccc1Cl)N2,0.7653,0.084166
C/C=C1/[C@H](O)C[C@H]2[C@@H]3CCC4C[C@@H](N5CCCCC5)CC[C@]4(C)[C@H]3CC[C@]12C,0.0387,0.063459
CCCN1CCC2Cc3c(O)cccc3C[C@H]21,0.9665,0.076474
CCN(CC)C(C)/C=C\c1cc(F)ccc1S(=O)(=O)Nc1ccc2c(c1C(=O)O)CCCC2,0.942,0.103219
C[C@H]1CN(CCCc2ccsc2)CC[C@@]1(C)c1cccc(O)c1,0.9565,0.117787
Cc1ccc(NC(=O)c2sc3nc(-c4ccncc4)ccc3c2N)cc1,0.9903,0.112001
CC(=O)Nc1cc(F)c(C(=O)O)cc1NC(=O)c1ccccc1,0.9953,0.098861
C/C(=C\CC[C@]1(C)CC[C@@H]([C@@H](C)C(=O)O)OO1)CCC12OC1(C)CCCC2(C)C,0.003,0.089646
COc1ccc(C(=O)NC(CC(=O)O)c2ccc(C(C)(C)C)cc2)cc1,0.9882,0.094319
CN(Cc1ccc(-c2ccccc2S(N)(=O)=O)cc1)C(=O)CCC(=O)NCc1cccc(OC(F)(F)F)c1,0.9901,0.112184
COc1ccc(C(CNCCc2ccc(C)cc2)N2CCN(c3ccccc3)CC2)cc1,0.9972,0.095504
Cc1nn(CC(=O)NC(=O)NC2CCCC(C)C2C)c(=O)c(C#N)c1C,0.9337,0.070112
COc1ccc(C2C(c3ccc(OC)c(OC)c3)[C@H](C(=O)NCCCC/N=C(\N)NCC=C(C)C)[C@@H]2C(=O)NCCCC/N=C(\N)NCC=C(C)C)cc1OC,0.0145,0.085869
O=C(NCc1ccccc1)C1=C[C@H](c2ccc(C(F)(F)F)cc2)C[C@H](OCc2ccc(CO)cc2)O1,0.0204,0.089011
CN1C(=O)NC(=O)C12Cc1ccc(NC(=O)CN(Cc3ccccc3F)C(=O)C(C)(C)C)cc1C2,0.9655,0.080956
Cc1cnn(C2CN(CC(=O)NCCOc3ccccc3)C2)c1,0.9934,0.068069
O=C(CSc1nc2ccc(Nc3nc(N4CCCCC4)nc(N4CCCCC4)n3)cc2s1)Nc1ccccc1,0.9947,0.093978
COc1ccccc1CN1CCC(CNC(=O)c2cnn(-c3ccc(C)c(C)c3)c2C2CCN(C(=O)OC(C)(C)C)CC2)CC1,0.9813,0.102863
CN(C)CCN1C(=O)c2cccc3cc4c(O)cccc4c(c23)C1=O,0.7584,0.069967
COc1ccc(-c2csc(NC(=O)[C@H]3CCCCN3S(=O)(=O)c3ccccc3Cl)n2)cc1,0.9807,0.068095
O=C1Nc2cc([N+](=O)[O-])ccc2/C1=C(/Nc1ccc(CN2CCCCC2)cc1)c1ccccc1,0.8177,0.076909
CC(C)[C@H](NC(=O)[C@@H](N)CNC(=O)c1cc(O)ccc1O)C(=O)N[C@@H](CC1CCCCC1)C(=O)NC(C)(C)Cc1ccc(I)cc1I,0.9463,0.079983
Nc1nc(NCCNc2ncc(-c3ncc[nH]3)c(-c3ccc(Br)cc3F)n2)ccc1[N+](=O)[O-],0.8718,0.072974
COc1ccc2[nH]cc(C3=CCCN(C)C3)c2c1,0.9931,0.074018
CN(C)c1ccc(/C=C/c2sc3ccccc3[n+]2Cc2cccc(Oc3ccccc3)c2)cc1,0.2922,0.081962
NS(=O)(=O)c1ccc(Nc2nc(-c3cc4ccccc4oc3=O)cs2)cc1,0.9491,0.124
CC1(C)N([O])C(c2ccc(C(=O)[O-])cc2)=[N+]([O-])C1(C)C,0.3054,0.12194
CC(=O)NC[C@H]1CN(c2ccc(-c3ccc(Cn4ccnn4)cc3)c(F)c2)C(=O)O1,0.9921,0.071449
Cc1c(S(=O)(=O)Nc2cccc(CCN3CCCCC3CCN3CCCC3)c2)sc2ccc(Cl)cc12,0.9425,0.049036
CCOc1ccc(-c2c(C)nn3c(C)c(C(=O)Nc4ccccc4C(=O)OC)cnc23)cc1OCC,0.9877,0.095999
Cc1cc(C)cc(C(=O)N[C@H](Cc2ccc(-c3ccc(CN(C)C)o3)cc2)C(=O)N[C@@H](Cc2c[nH]c3ccccc23)C(=O)O)c1,0.9736,0.051508
CC(OC(=O)Nc1cccc(Cl)c1)C(=O)O,0.9946,0.059373
O=C(/C=C/c1ccc(F)cc1)c1ccc([N+](=O)[O-])cc1,0.9987,0.103891
COCO[C@@H](c1ccccc1)[C@@H](CN1CCOCC1)c1ccccc1,0.9635,0.080172
COc1ccc(OC)c(S(=O)(=O)N/N=C\c2ccc3c(c2)OCO3)c1,0.9967,0.040984
C[N+](C)(C)CCSP1(=O)OCCCO1,0.8399,0.079037
CC1(c2ccc(Oc3ccccc3)cc2)OC(=O)N(Nc2ccc(C(F)(F)F)cc2)C1=O,0.2713,0.037912
Cc1cccc(Nc2nc(-c3ccccn3)cs2)n1,0.9759,0.084022
CCCCC(NC(=O)[C@@H](Cc1c(C)[nH]c2ccccc12)NC(=O)C(CC(C)C)NC(=O)N1[C@H](C)CCC[C@@H]1C)C(=O)O,0.3822,0.069443
COc1ccc(C(=O)O)cc1CCCn1cnc2c1NC=NCC2O,0.9478,0.067973
Oc1ccc(Cl)cc1Cn1c(O)nc2ccncc21,0.9544,0.043409
COc1ccc(/C=C/C(=O)CC(=O)/C=C/c2ccc(O)cc2)cc1,0.9986,0.085565
COc1cc([C@@H](C(=O)N2CCCC[C@H]2C(=O)N[C@@H](CC(C)C)C(N)=O)C2CCCCC2)cc(OC)c1OC,0.9365,0.078953
CC(C)CC(Br)C(=O)Nc1nnc(C(F)(F)F)s1,0.9824,0.06051
CCN(CC)CCCOC(=O)C(C)(c1ccccc1)C1CCCCC1,0.977,0.080998
C=C(C)[C@@H]1CC[C@]2(C(=O)O)CC[C@]3(C)[C@H](CC[C@@H]4[C@@]5(C)CC[C@H](OCc6cn(-c7ccc8c(c7)OCO8)nn6)C(C)(C)[C@@H]5CC[C@]43C)[C@@H]12,0.9397,0.07445
CC[C@@](C)(O)[C@H]1C[C@@]23C=C[C@]1(OC)[C@@H]1Oc4c(OC)ccc5c4[C@@]12CCN(CC1CC1)[C@@H]3C5,0.0009,0.038211
O=C(NCCNCC(O)COc1ccc(OCCOC2CCCC2)cc1)Nc1ccccc1C(F)(F)F,0.9976,0.094798
Cc1nc2c(c(C)c1CC(=O)NCc1cccc(C#N)c1)c(=O)[nH]n2C,0.8196,0.03804
COc1ccc(NC(=O)CCNS(=O)(=O)c2ccc3c(c2)CCN3C(=O)C2CC2)cc1Cl,0.9983,0.081456
Cc1ccc(-n2nc(C)cc2NC(=O)COc2cc(C)cc3oc(=O)c4c(c23)CCC4)cc1,0.9722,0.027079
N=C(N)c1ccc2oc(/C=C/C=C/C=C/c3cc4cc(C(=N)N)ccc4o3)cc2c1,0.8846,0.047618
Nc1c(C(=O)c2ccccc2)cnn1-c1ccccc1F,0.928,0.054268
C(=C/Cc1cc2ccc(C3=NCCN3)cc2[nH]1)\Cc1cc2ccc(C3=NCCN3)cc2[nH]1,0.9115,0.068503
CCOC(=O)[C@H](CCc1ccccc1)N[C@@H](C)C(=O)N1CCC[C@H]1C(=O)O,0.9816,0.058292
CC1(CCCCCCc2ccccc2)C(=O)N(c2ccc(Cl)cc2)N(c2ccc(Cl)cc2)C1=O,0.6681,0.060608
CC(N)C(=O)c1ccco1,0.9776,0.04398
N=C(N)c1ccc(NC(=O)[C@H](NS(=O)(=O)c2ccc(C(F)(F)F)cc2)C2CCCCC2)cc1,0.9799,0.081039
CC1CCN(C(c2ccc(C(F)(F)F)nc2)c2ccc(C(C)C(=O)O)cc2-c2ccc(C(F)(F)F)cc2)CC1,0.78,0.083482
C=C(C)[C@@H]1CC[C@]2(C(=O)OCCCBr)CC[C@]3(C)[C@H](CC[C@@H]4[C@@]5(C)CCC(=O)C(C)(C)[C@@H]5CC[C@]43C)[C@@H]12,0.9087,0.108474
Cc1nc(N)sc1-c1csc(Nc2cc(N(C)C)ccc2Cl)n1,0.8805,0.059958
CC(C)(COc1ccc(-c2ccc(-c3ncc(C(C)(C)C(F)(F)F)[nH]3)cn2)cc1)C(=O)O,0.9359,0.06881
C[n+]1ccc(Nc2ccc(NC(=O)c3ccc(N)cc3[N+](=O)[O-])cc2)cc1,0.8737,0.072216
Cc1ccccc1NC(=O)CSc1nnc2ccc(-c3ccccn3)nn12,0.9991,0.065901
CCCCCNC(=O)CC[C@H](NS(=O)(=O)c1ccc(-c2ccccc2)cc1)C(=O)O,0.9848,0.052179
COc1ccc(C(=O)CSc2cc(C)nc(O)n2)cc1,0.9971,0.047359
Cc1cc(C)cc(Nc2cnn(C34CC5CC(CC(CC(=O)O)(C5)C3)C4)c(=O)c2Cl)c1,0.8032,0.097625
O=C(CCCCc1cc(C(=O)NO)no1)Nc1nc(-c2ccccc2)cs1,0.9322,0.086467
O=C(c1ccoc1)N(Cc1cccnc1)C1CC1,0.9921,0.062568
CN1CCN(c2ccc(N/C=C3\C(=O)NC(=O)c4ccc(-c5ccccc5)cc43)cc2)CC1,0.9302,0.05558
O=C(CSCC(=O)N1CCOCC1)Nc1nc(-c2ccccc2)cs1,0.9966,0.050756
O=c1[nH]c(=O)n([C@H]2C[C@H](O)[C@@H](CO)O2)cc1-c1cn(-c2cc(F)cc(F)c2)nn1,0.1324,0.067932
CCOC(=O)C1CCN(CCC(=O)Nc2ccc(C)c(C)c2)CC1,0.999,0.056439
COc1ccccc1N1CCC2(CCN(CCCSc3nnc(-c4ccccc4)n3C)CC2)CC1,0.9932,0.044943
Cc1cccc(NC(=O)c2nn(C)c(-c3ccccc3)c2C)n1,0.9946,0.054182
O=S(=O)(Nc1nc2ccccc2nc1Cl)c1ccc(F)cc1,0.9938,0.047421
Fc1ccc(-c2cc(-c3nc4ncccc4[nH]3)c3ccccc3n2)cc1,0.99,0.041842
Cc1ccc(-c2cc(Cc3ccncc3)c(O)nn2)cc1,0.9654,0.044011
O=[N+]([O-])c1ccc2[nH]c3c(c2c1)CCCC3NCc1ccccc1,0.9912,0.062643
CC1N=CN(Nc2cccc(Cl)c2)C1c1cccc(C#N)c1,0.1448,0.050118
COc1ccc(CNC(=O)C2CCCN2C(=O)Nc2cccc(Cl)c2)cc1,0.9975,0.069086
C[C@]12CC[C@H](c3ccc(O)cc3F)C[C@@H]1CC[C@@H]2O,0.7059,0.072621
NC(=O)CC[C@H](NC(=O)CNC(=O)c1ccc2c(c1)C(=O)C(=O)c1ccccc1-2)C(=O)N1CCC[C@H]1C(=O)N[C@@H](CCC(=O)O)C(=O)NCC(=O)O,0.7986,0.084543
Cc1c2c(=O)n(-c3nc4ccccc4s3)n(Cc3ccccn3)c2cc(=O)n1CC1CCOC1,0.7073,0.10002
CCCC/C=C/C(=O)N[C@@H](Cc1cc(F)cc(F)c1)C(=O)N[C@H]1CNC(=O)[C@@H]2C[C@@H](C)CN2C(=O)[C@H](C)NC(=O)[C@@H]2CCCCN2C(=O)[C@@H]2CCCN2C1=O,0.0161,0.069926
Cc1noc([C@H]2C[C@H]3CN(C(=O)Cc4ccsc4)CC[C@H]3O2)n1,0.6113,0.106014
CCOC(=O)C1CCN(C(=O)c2c(-c3c(Cl)cccc3Cl)noc2C)CC1,0.9978,0.098985
CC1=N/C(=C/c2ccc(F)cc2)C(=O)N1c1ccc(/C(C)=N/NC(N)=S)cc1,0.5586,0.072955
COCCN(c1sc2ccccc2c1Br)S(=O)(=O)c1ccc(C(=O)O)cc1,0.9935,0.072973
COc1cc(C(=O)N2CCCC(C(=O)N3CCN(c4ncccn4)CC3)C2)cc(OC)c1OC,0.9992,0.085268
O=C(O)[C@@H]1NCC=C[C@@H]1O,0.8979,0.078708
CC(=O)Nc1nc(=O)c2[nH]cnc2[nH]1,0.9798,0.096643
COc1ccc(/C=N/N2CCOCC2)cc1COc1ccc(F)cc1,0.9975,0.07434
Cc1ccc2c(c1)-c1nc(N)nc(-c3ccco3)c1C2,0.9434,0.108484
CCCCCC(O)(Cn1cncn1)c1ccc(Cl)cc1Cl,0.9908,0.084674
NS(=O)(=O)c1cccc(N2CCNCC2)c1,0.9955,0.07487
COc1ccc(-c2nc3cc(NC(=O)COc4ccccc4C)ccc3o2)cc1,0.9984,0.108072
CCN(CC)C(=O)COc1c(CNCCCNC(=O)C2=CC(C)(C)NC2(C)C)cccc1OC,0.9962,0.062869
Cc1oc(-c2ccccc2)nc1CCOc1ccc(CCC(=O)O)c(CNC(=O)NCc2ccccc2)c1,0.4069,0.086575
CN(C)C(=N)c1ccc2cc(-c3cnc(-c4cc5ccc(C(=N)N(C)C)cc5[nH]4)s3)[nH]c2c1,0.8049,0.063202
Fc1cccc(N2CCCC3(C2)CN(c2cnccn2)CCO3)c1,0.9949,0.058288
CC[C@H]1OC(=O)[C@H](C)C(=O)[C@H](C)[C@@H](O[C@@H]2O[C@H](C)C[C@H](N(C)C)[C@H]2O)[C@](C)(OC)C[C@@H](C)/C(=N\OC[C@@H](N)C(=O)[O-])[C@H](C)[C@@H](O)[C@]1(C)O,0.0084,0.055294
NC1CCN(c2c(F)cc3c(=O)c(C(=O)O)cn(-c4ccc(F)cc4F)c3c2F)C1,0.9884,0.053503
O=[N+]([O-])c1cc(CSc2nnc(CCCCCN3CCCCC3)o2)cc([N+](=O)[O-])c1,0.9795,0.13111
FC(F)(F)c1cc(NC(=S)OCCc2ccccn2)ccc1Cl,0.9977,0.032857
CCOC(=O)CN(c1ccccn1)S(=O)(=O)c1ccc(OC)cc1,0.9856,0.063176
COc1ccc2c(c1)[C@@]1(C)CCC[C@@](C)(C(=O)O)[C@@H]1CC2,0.9088,0.088872
Nc1cc(OCCN2c3ccccc3C=Cc3ccccc32)nc(N)n1,0.8961,0.07228
Oc1ccc(CSc2cc3ccccc3[n+](CCCCCC3CCCCC3)c2)cc1,0.0774,0.076951
Cc1cc(N2CCN(C)CC2)nc2ccccc12,0.9955,0.085602
O=c1c2ccccc2nc2n1C(CSc1ccc(F)cc1)CS2,0.8684,0.137119
COc1ccc(CCNc2cc(C)nc3c(-c4ccccc4)c(C)nn23)cc1OC,0.9061,0.072401
CC1CCC(NC(=O)C2CCN(c3cnccn3)CC2)CC1,0.9968,0.060489
COc1cccc2c1CCCC2NCCN1CCN(c2ccccc2)CC1,0.9636,0.074984
CCN(CCCCCCOc1ccc(/C=C/c2cc(OC)cc(OC)c2)cc1)Cc1ccc(F)cc1,0.9973,0.053971
CCCCCc1nc2ccccc2c(O)c1C(=O)OCC,0.977,0.043023
c1ccc2c(c1)[nH]c1c[n+](CCCCCCCCC[n+]3ccc4c(c3)[nH]c3ccccc34)ccc12,0.0225,0.047996
O=C(Cc1c[nH]c2ccccc12)NNC(=S)Nc1cccnc1,0.9976,0.07199
O=C1NC(=O)C(c2ccc(Oc3ccccc3)cc2)(N2CCCN(C(=O)Cc3ccc(Cl)cc3)CC2)C(=O)N1,0.4791,0.071988
COc1ccc(Br)c2oc(SC)cc(=O)c12,0.9271,0.093985
O=C(O)CCC(NC(=O)Oc1ccc(N(CCCl)CCCl)cc1)C(=O)O,0.8827,0.054
COc1cc2[nH]c(C(=O)c3cnn(-c4ccc5[nH]c(C)nc5c4)c3N)cc2cc1Cl,0.8299,0.044626
NC1CC1c1cccc(OCC[C@H](NC(=O)c2ccccc2)C(=O)NCc2ccccc2)c1,0.983,0.048738
O=C(COC(=O)[C@@H]1CCCN1C(=O)c1cccs1)NCCc1ccccc1,0.9974,0.040606
C[C@@H](O[C@H]1CN2C(=O)C(N)C[C@H]2[C@@H]1c1ccc(F)cc1)c1cc(C(F)(F)F)cc(C(F)(F)F)c1,0.0237,0.059179
Cc1noc(NS(=O)(=O)c2ccc(NC(=O)/C(C#N)=C/c3ccco3)cc2)c1C,0.9956,0.058001
Cc1nc(O)nc(O)c1N1CCOCC1,0.8563,0.067597
COc1ccc(S(=O)(=O)N2CCc3ccc(Cl)cc32)cc1C(=O)O,0.9943,0.071762
CC[C@@]1(OC(=O)CN/C(CCOCC2CC(C)(C)N([O])C(C)(C)C2)=N/S(=O)(=O)c2ccc(C)cc2)C(=O)OCc2c1cc1n(c2=O)Cc2cc3ccccc3nc2-1,0.0216,0.053665
CC(C)=CCC/C(C)=C/CO/N=C1/C[C@@H](O)[C@@H](O)[C@@H]2[C@@H]3C(=O)N(Cc4ccccc4)C(=O)[C@H]3CC[C@@H]12,0.0063,0.042705
CC(C)C[C@H](NC(=O)OCc1ccccc1)C(=O)N[C@@H](Cc1ccccc1)C(=O)N[C@H](/C=C/C(=O)N1CCCC1=O)CCC(N)=O,0.5058,0.067963
CCN(CCO)Cc1ccn2c(-c3ccnc([C@@H](C)c4ccccc4)n3)c(-c3ccc(F)cc3)nc2c1,0.9022,0.091527
CC(C)n1cc(C(=O)c2cncc(NC(=O)Cc3cccc(CN4CCC4)c3)c2)c2cncnc21,0.9981,0.045313
CC(C)N1CC(CNC(=O)c2cc3ccccc3n2Cc2cc(-c3ccc(Cl)s3)on2)C1,0.9907,0.040199
CN(C)CCC(/C=C/c1ccccc1)=N\Nc1ccccc1,0.8113,0.054825
COc1ccc(N2CCN(C(=O)C(NC(=O)c3c(F)cccc3F)C(C)C)CC2)cc1,0.9984,0.059835
Cc1ccc([C@H]2N[C@]3(CCCN(Cc4ccccc4)C3=O)[C@H]3C(=O)N(C)C(=O)[C@@H]23)cc1,0.0492,0.062268
Cc1cc(-c2ccc3c4c([nH]c3c2F)-c2ccc(C3=NCCN3)cc2CC4)ccc1F,0.9738,0.038319
CCCOCCc1cc(-c2ccc(S(C)(=O)=O)cc2)n(-c2cccc(F)c2)c1C,0.9876,0.050442
O=C(CN1CCCC(c2ncc[nH]2)C1)NCCCN1CCCCCC1=O,0.994,0.04973
O=C(/C=C/c1cn(S(=O)(=O)c2ccc([N+](=O)[O-])cc2)c2ccccc12)c1ccncc1,0.9878,0.034553
CCCCN1CCC2(C1)OC(OC)Cc1ccccc12,0.4567,0.049663
O=P(O)(O)C(F)(F)c1ccc(COCCOCc2ccc(C(F)(F)P(=O)(O)O)cc2)cc1,0.9107,0.042217
COC(=O)C1=CO[C@H](O[C@@H]2O[C@H](CO)[C@@H](O)[C@H](O)[C@H]2O)[C@H]2[C@@H]1C=C[C@@]21C=C(C(=O)c2ccc(O)cc2)C(=O)O1,0.0553,0.036625
CSc1ccc(Cc2nn(C)c(=O)c3ccccc23)cc1,0.9724,0.043894
Cc1ccc2c(c1)/C(=C(\O)Nc1ncc(C)s1)C(=O)N(C)C2=O,0.9696,0.045472
COc1ccc(-c2nc3scc(CCNC(=O)c4cc(OC)cc(OC)c4)n3n2)cc1,0.9597,0.076142
CN(C)C(=O)N1CCC2(CC1)CN(CC1CC1)CC21CCNC1=O,0.9458,0.057916
O=S(=O)(CCl)Nc1ccc(Nc2c3ccccc3nc3ccccc23)cc1,0.9726,0.070002
CCCCCCOc1cccc(CC2CN=C(N)N=C2N)c1,0.879,0.066975
CCc1ccc(NC(=O)CSc2nnc[nH]2)cc1,0.9994,0.067989
CC(=O)N1CCN(/N=C/c2c(Cl)nc3sccn23)C1=O,0.9905,0.031008
Cc1c(CC(=O)O)c2cc(OC(=O)CCC(=O)OCc3ccccc3)ccc2n1C(CCCOc1ccccc1)c1ccc(Cl)cc1,0.8295,0.074968
COC(=O)[C@H](NC(=O)[C@@H](N)CC(=O)O)[C@@H](C)O,0.928,0.071001
CC(C)[C@H]1NC(=O)[C@@H](Cc2cccc(Cl)c2)NCCOc2ccccc2CCCNC(=O)[C@H](CN)NC1=O,0.1048,0.103937
O=C(CCN1CCN2Cc3ccccc3CC2C1)Nc1ccccc1Cl,0.9958,0.051008
COc1ccc(Nc2nc(C)nc3c(Cc4ccccc4)c[nH]c23)c(OC)c1,0.9606,0.05656
Cc1cc(SC2=C(O)OC(CCc3ccc(O)cc3)(C3CC3)CC2=O)c(C(C)(C)C)cc1NS(=O)(=O)c1ccccc1,0.5703,0.073472
Cc1c(CN(C)C(=O)/C=C/c2cnc3c(c2)NCCC(=O)N3)[nH]c2ccccc12,0.9038,0.072978
Cc1cc(N2CCOCC2)nc(N2CCOCC2)c1C#N,0.9909,0.081986
COC(=O)CSCc1nc2ccccc2nc1O,0.9321,0.110635
CC(C)n1c2ccccc2c2cc([N+](=O)[O-])ccc21,0.965,0.076296
COc1cc2c(cc1-c1c(C)noc1C)[nH]c1nc(C)nc(Nc3nn(C)c4cccc(F)c34)c12,0.4939,0.067553
C[C@H](CCCOS(=O)(=O)[O-])[C@H]1CC[C@H]2[C@@H]3CC[C@H]4C[C@H](OS(=O)(=O)[O-])[C@@H](OS(=O)(=O)[O-])C[C@]4(C)[C@H]3CC[C@]12C,0.1427,0.071956
CC(C)[Si](OC1=C(C(=O)N(C)c2ccccc2Cl)CCCCC1)(C(C)C)C(C)C,0.9693,0.080908
CCCOc1nn(CCC)cc1C(=O)N1CCN(c2ccccc2Cl)CC1,0.998,0.085398
CN(Cc1cccc(Cl)c1Cl)C(=O)CCNC(=O)c1ccco1,0.9971,0.077591
COc1cc2c(cc1OC)C(=O)/C(=C\c1cn(-c3ccc(F)cc3)nc1-c1cc3ccccc3oc1=O)C2,0.4592,0.062814
COc1cccc(CCOc2cc(C(=O)NCC3CCN(c4ccncc4)CC3)ccc2Cl)c1,0.9983,0.062907
Cc1cc2cc3c(O)nc(O)nc3nc2cc1C,0.9445,0.062881
COCCC1CCCCN1C(=O)c1ccc2nc(Cc3ccccc3F)oc2c1,0.9907,0.063018
Oc1ccc(-c2cnc3c(O)nc(O)nc3n2)cc1,0.9254,0.059884
CO[C@@H]1[C@H](OP(=O)(O)OCCc2ccc(CCN(C)C(=O)[C@H]3[C@@H](C(=O)O)[C@@H]4CC[C@H]3O4)cc2)[C@@H](CO)O[C@H]1n1cnc2c(=O)[nH]c(N)nc21,0.0366,0.06274
CC(=O)Nc1ccc(S(=O)(=O)Nc2cccn(Cc3ccc(C)cc3)c2=O)cc1,0.9958,0.055724
C/C(N)=C(/C#N)C(=O)COC(=O)CNS(=O)(=O)c1ccc2ccccc2c1,0.9763,0.049703
CCN(CC)CN1C(=O)C(=O)c2c(Cl)cccc21,0.94,0.049553
COc1nc(NCc2ccccc2)nc([N+]23CC[N+](CCCl)(CC2)CC3)n1,0.0744,0.0378
Cc1c(NC(=O)CSc2nc(C(C)(C)C)cs2)c(=O)n(-c2ccccc2)n1C,0.9961,0.048667
O=C(COc1ccccc1)N(Cc1ccc(-c2ccc(CNC3Cc4ccccc4C3)cc2)cc1)C1CCNCC1,0.8699,0.049471
Cc1ccc(Oc2ccc(C(=O)NC3CC(C)(C)NC(C)(C)C3)cc2)cc1,0.9965,0.055707
O=C1Nc2ccccc2CN(CC2CC2)C12CCNC2,0.858,0.069742
CO[C@]1(C)C[C@H](c2ccc(O)cc2)c2c(c3ccccc3oc2=O)O1,0.7966,0.069714
CC(C)S(=O)(=O)NC[C@H]1CC[C@H](NC(=O)CN2CCc3cc(F)ccc32)CC1,0.9964,0.044538
CCN(CC)CCCNCc1nccc2c3ccccc3n(CCCc3ccccc3)c12,0.9945,0.04936
COc1ccc2c(c1)c(CC(=O)Nc1ccc(NC(C)=O)cc1)c(C)n2C(=O)c1ccc(Cl)cc1,0.9911,0.049337
COc1ccccc1C1C2=C(N=c3s/c(=C\c4cccc(OCC(=O)O)c4)c(=O)n31)c1ccccc1C(OC)C2,0.0027,0.053996
CCC[C@@H](C(=O)O)c1c(C)nc2ccc(Cl)cc2c1-c1ccccc1,0.7369,0.058509
O=C1OC2(CCN(Cc3ccccc3)CC2)Cc2ccccc21,0.9372,0.067457
CC[C@H]1OC(=O)[C@H](C)[C@H]2OC/C(=N\Oc3ccccc3-c3ccccc3)CCO[C@](C)(C[C@@H](C)C(=O)[C@H](C)[C@H]3NC(=O)O[C@@]31C)[C@H](O[C@@H]1O[C@H](C)C[C@H](N(C)C)[C@H]1O)[C@H]2C,0.0345,0.062915
CCOCn1cc(C#N)c2c(N(C)C)ncnc21,0.991,0.058493
CC(=O)O[C@H]1CC[C@]2(C)[C@H]3CC[C@@H]4C5=C(C(C)C)C(=O)C[C@]5(C(=O)OCCN5CCCC5)CC[C@@]4(C)[C@]3(C)CC[C@H]2C1(C)C,0.0779,0.053282
Cc1nc2ccc(C(=O)NC(C)C)cc2n2c(-c3cc(F)ccc3Cl)nnc12,0.9895,0.054782
COc1ccc(-c2nc3cc(C)c(C)cc3[nH]2)c(OC)c1OC,0.9883,0.068698
CCc1ccc(/C=N/n2c(S)nnc2-c2cnccn2)cc1,0.9717,0.076323
O=C(O)C(Br)C(Br)c1ccccc1[N+](=O)[O-],0.9512,0.103334
Cc1ccc(C(=O)O)c(N)c1,0.9922,0.053975
O=C(CSc1nc2ccc[nH]c-2n1)c1ccc(F)cc1,0.9921,0.053985
O=C(Nc1ccc2c(c1)OCO2)C1CC1,0.9979,0.05655
CN(C)Cc1ccc(CSCCNC(=O)NCCSCc2ccc(CN(C)C)o2)o1,0.9037,0.062809
CC(=O)N1CCN(C(=O)Cc2ccc(Cl)c(Cl)c2)C(CN2CCCC2)C1,0.9978,0.071902
CCCn1c(=O)c2nc(-c3ccc(OCC(=O)Nc4ccc(F)cc4)cc3)[nH]c2n(CCC)c1=O,0.9777,0.071909
Cc1cccc2c1OCN(c1ccccc1)C2,0.9897,0.070667
CN(/N=C/c1cccc2ccccc12)C(N)=S,0.9966,0.055375
N#Cc1cc(S(=O)(=O)Nc2ccc(F)cn2)ccc1Oc1ccc(Cl)cc1-c1cn[nH]c1,0.9899,0.067345
C=C(C)c1cnc([N+](=O)[O-])n1C,0.8353,0.064351
Fc1cccc(CNC2=N[C@H](c3cccc(F)c3)[C@H](c3cccc(F)c3)N2)c1,0.4067,0.058325
CC(C)C(=O)CC[C@]1(C)C2Cc3ccc(O)cc3[C@@]1(C)CCN2C,0.0039,0.062914
O=C(NCCN1CCCC1)c1cccnc1Oc1ccc(Nc2ccccn2)cc1,0.9983,0.080878
c1ccc(Cc2nnc(CN3CCCC(Cn4cncn4)C3)o2)cc1,0.9925,0.053968
O=C(O)c1noc(-c2ccccc2)c1-c1cccc(-c2cccc(O)c2)c1,0.9824,0.047004
CCCCOc1ccc(C(=O)C2=C(O)C(=O)N(CCN(C)C)C2c2ccc(O)c(OC)c2)cc1,0.2111,0.08084
Cc1nn(C)cc1CNC(=O)C1C2CCC(O2)C1C(=O)O,0.9551,0.07187
COP1(=S)NCC(c2cc(Cl)cc(Cl)c2)O1,0.9034,0.071886
CC(C)CC1C(=O)N(Cc2cn(Cc3ccco3)nn2)CCS(=O)(=O)N1Cc1ccc(-c2cccc(CO)c2)cc1,0.4465,0.062926
O=C(CSc1ccc2nnc(-c3ccccc3)n2n1)N1CCN(c2ccccc2)CC1,0.9978,0.058464
COc1ccc(N2C(=O)C(Cl)=C(N3CCOCC3)C2=O)cc1,0.9901,0.035936
O=C(Cc1cc(Br)cc(Br)c1OC(=O)c1ccccc1Cl)Nc1ccncc1[N+](=O)[O-],0.9959,0.035809
COc1ccc(/C=N/NC(=O)c2cccc(C(=O)N/N=C/c3ccc(OC)c(OC)c3)n2)cc1OC,0.9885,0.046309
N#Cc1ccc(C(=O)N[C@H]2C[C@@H]2c2ccccc2)cc1,0.9927,0.044962
CN(C1(C(=O)O)CCCC1)S(=O)(=O)c1ccc2c(Cl)cnc(N=C(N)N)c2c1,0.7957,0.058396
COc1ccc(/C=C2\CCC/C(=C\c3ccc(O)cc3)C2=O)cc1OC,0.9954,0.07168
NNC[C@H](O)c1ccccc1,0.9943,0.071679
O=C(NCCCCCCn1c(-c2ccccc2)c(-c2ccccc2)c2ccccc21)Oc1ccccc1,0.9911,0.06719
C[C@@H]1CN(c2cc(-c3cc(Cl)c4c(N)ncnn34)ccc2C#N)C(=O)C(C)(C)O1,0.6571,0.053922
CC(=O)N[C@@H]1[C@@H](OC(C)=O)[C@H](OC(C)=O)[C@@H](COC(C)=O)O[C@H]1SC(=S)N(C)C,0.154,0.06287
CCCCC/C=C/C(=O)CCc1ccc(OC)c(OC)c1,0.993,0.062734
c1ccc2nc(COc3ccc4ncn(Cc5ccncc5)c4c3)ccc2c1,0.9966,0.062724
CCCCc1c(-c2ccccc2OC)ncn1Cc1cccc(-c2ccccc2)c1,0.9683,0.071811
CC[C@@H](NC(=O)[C@@H]1CNC[C@H](N2CC(=O)N(c3ccccc3Cl)CC2(C)C)C1)c1ccc(F)cc1,0.6077,0.071699
Cc1ccc(S/C(=C/c2sccc2C)C(=O)c2ccc(Cl)cc2)cc1,0.96,0.049472
O=C(c1ccc(NS(=O)(=O)c2cccc3cccnc23)cc1)N1CC(O)(c2ccccc2)C1,0.9917,0.053777
CCCCNC(=O)C[C@@H]1C[C@@]2(C(=O)OC)CCCCC=C2N(CCc2ccc(OC)c(OC)c2)C1=O,0.02,0.0539
COc1ccc2ccn(S(=O)(=O)c3ccc(Cl)c(NC4CCN(C)CC4)c3)c2c1,0.9926,0.053753
CNC(=O)[C@H](NC(=O)C(CCc1ccccc1)CP(=O)(O)Cc1ccccc1)C(C)(C)C,0.9566,0.053761
Cc1ccc(NC(=O)c2oc3ccc(S(=O)(=O)N4CCCCCC4)cc3c2C)c(C)c1,0.9976,0.04503
CC1CCc2c(sc3nc(-c4cc5cc(Br)ccc5oc4=O)[nH]c(=O)c23)C1,0.6431,0.053762
CC(C)[C@H](NC(=O)OCc1ccccn1)C(=O)N[C@@H](Cc1ccccc1)C(O)[C@H](Cc1ccccc1)NC(=O)[C@H](NC(=O)OCc1ccccn1)C(C)C,0.0489,0.049378
COC(=O)N/N=C/c1sc(N2CCCCC2)nc1-c1cccs1,0.9873,0.049409
C[C@H]1CN(c2ccncc2Nc2ncc3ccc(-c4nccs4)nn23)C[C@@H](N)[C@@H]1O,0.6484,0.053755
CC1(C)N=C(N)N=C(N)N1c1ccc2ccccc2c1,0.9746,0.053763
CN(CC(=O)Nc1nc2cc3nc(NC(=O)CN(C)C4CCCCC4)sc3cc2s1)C1CCCCC1,0.9919,0.062753
COc1ccc(-n2c(C)c([N+](=O)[O-])c3ccc(O)c(CN(C)C)c32)cc1,0.9554,0.076313
O/N=C1\CN2CCC1CC2,0.973,0.071634
[3H]C1C[C@@H](C(=O)O)N(C(=O)CCC(=O)[C@H](Cc2ccccc2)NC(=O)c2ccccc2)C1,0.9908,0.071708
CCOc1ccc(N(CC(=O)N2CCN(C(=O)CN(c3ccc(OCC)cc3)S(C)(=O)=O)CC2)S(C)(=O)=O)cc1,0.9979,0.067347
COC1(C)C(=O)N(C)c2cc(-c3ccc(C[C@@H](C#N)NC(=O)[C@H]4N[C@@H]5CC[C@H]4C5)cc3)ccc21,0.689,0.07184
Cc1cc(Cn2cc(CN(C(=O)[C@H]3CNCC[C@]3(O)c3ccc(F)c(F)c3)C3CC3)c3c(F)cccc32)ccn1,0.8333,0.071689
N#Cc1ccc2sn(-c3ccc(Cl)cc3)c(=O)c2c1,0.8841,0.071675
O=C(CCCc1cn[nH]c1)N1C[C@@H](CN2CCCC2)C[C@H](CO)C1,0.9807,0.071668
COc1ccc(/C(=N/NC(N)=O)c2ccccc2)cc1OC1CCCC1,0.9509,0.056811
O=C(O)C1(Cc2nc3cc(OCc4ccc5ccccc5n4)ccc3n2Cc2ccccn2)CCCC1,0.9875,0.05
CCCCn1c(=O)[nH]c(=O)c2c1nc(-c1ccc([N+](=O)[O-])cc1)n2CC,0.9297,0.049908
COc1nc(Cl)nc(C)c1Nc1nc(Br)cn([C@@H](COCCF)C2CC2)c1=O,0.8439,0.05474
Nc1nc(NCCc2cccnc2)nc2sc(-c3ccco3)nc12,0.961,0.080906
COC(=O)c1ccc(C2C(C(=O)c3cccnc3)=C(O)C(=O)N2CCc2coc3ccccc23)cc1,0.5204,0.094929
O=C(/C(=C\c1ccc(F)cc1F)S(=O)(=O)c1ccc(Br)cc1)c1ccc(Br)cc1,0.9734,0.060266
CCCCc1c(OC(C)=O)c2cccnc2n(-c2ccc(OC(C)=O)c(C(=O)O)c2)c1=O,0.204,0.064819
CC(=O)Nc1nc(CN2CCCC2Cn2cccn2)cs1,0.996,0.05471
COc1c(C)cc(N)c(C[S+]([O-])c2nc3ccccc3[nH]2)c1C,0.8746,0.069772
COc1cccc(-c2cc(F)ccc2[C@H]2Cc3nc(N)nc(C)c3C(NOCC3O[C@@H](OC)[C@H](O)[C@@H]3O)=N2)n1,0.1591,0.077487
O=C(c1ccccc1)c1c(-c2ccccc2)[nH]c2ccc(Cl)cc2c1=O,0.9864,0.070992
COc1ccc(C2=NOC(C)(c3nnc(-c4ccc(F)cc4)o3)C2)cc1,0.9225,0.093373
CCOC(=O)O/C(=C1\C(=O)N(C(N)=O)c2cc(Cl)c(F)cc21)c1cccs1,0.8852,0.087586
N[C@@H](Cc1ccc(O)cc1)C(=O)N1CCC[C@H]1C(=O)N[C@@H](Cc1ccccc1)C(=O)Nc1cccc2cnccc12,0.8143,0.076551
O=C(CSc1cc(-c2nn(CC(O)CN3CCC(c4ccccn4)CC3)c3c2CNCC3)ccc1C(F)(F)F)N1CCOCC1,0.986,0.06089
NC(=S)N1N=C(c2ccc(Br)c(Br)c2)CC1c1ccc(O)cc1,0.9054,0.049453
O=C(NCCNCC1COc2ccccc2O1)c1ccco1,0.998,0.045647
COc1ccccc1NC(=O)CSc1nc(N)c(-c2ccccc2)c(O)n1,0.9425,0.058563
O=c1[nH]c(=O)n([C@H]2C[C@H](O[N+](=O)[O-])[C@@H](CO)O2)cc1I,0.3209,0.064362
O=C(CCCl)Nc1cccc2cccnc12,0.9986,0.07648
COc1cccc(-c2nc(Nc3cccc(C#N)c3)c3ccccc3n2)c1,0.9915,0.060458
CNc1cc[n+](C)c2ccccc12,0.8255,0.049636
CCOc1ccc(Nc2c(C)c(NCC3CCCN3)c(C#N)c3ccnn23)cc1,0.7015,0.094227
C[C@H](O)[C@@H](C)Nc1nc(Nc2ccc(S(=N)(=O)CCO)cc2)ncc1Br,0.8508,0.107922
CCOC(=O)c1c(-c2ccc(F)cc2)cc2c3ccccc3ccn12,0.9906,0.121158
COc1ccc2c(c1NC(=O)C(C)(C)CCCCCCOCC(C)C)OCCC2=O,0.9191,0.084552
CC(C)Cn1nnnc1S(=O)(=O)CC#N,0.9802,0.060926
O=C(Nc1cc(Cl)ccc1N1CCCC(O)C1)c1cnn2cccnc12,0.9985,0.054907
C/N=C(\S)N(C)CCNc1c2ccccc2nc2c(C(=O)NCCOC(C)=O)cccc12,0.6206,0.053121
Cn1cc[n+](CC(=O)c2ccc(-c3ccccc3)cc2)c1,0.9472,0.080509
CCCCNC(=O)Oc1ccc(Cl)cc1C(=O)Nc1cccc(Cl)c1,0.9977,0.056465
CCCCCC1=CC2=C(C(=O)OC)C(c3ccccc3)NC(=O)N2CC1,0.7727,0.058596
CCCCOC(=O)c1cccc(-c2cc(C(=O)Nc3ccncc3)ccc2CN)c1,0.9942,0.049649
O=C(CN1CCOCC1)N1CC=C(c2ccc(NC(=O)N3Cc4ccccc4C3)cc2)CC1,0.9988,0.045168
CCn1cc(NC(=O)NCC(c2ccsc2)N(C)C)cn1,0.9964,0.04254
COCCNC(=O)CCCn1c(SCC(=O)c2ccc(Br)cc2)nc2c(sc3ccccc32)c1=O,0.9778,0.049471
CC(=O)c1ccc(-c2cccc(Nc3nccc(C(F)(F)F)n3)c2)cc1,0.9969,0.057579
C=C1C[C@@]23O[C@]2(c2ccccc21)C1CC(OC(=O)[C@H](O)[C@@H](NC(=O)NC(C)C)c2ccccc2)C3(C)C1(C)C,0.0035,0.053428
O=C(CCOCCOCCO)Oc1ccc2c3c1O[C@H]1C(=O)CC[C@@]4(O)[C@@H](C2)N(CC2CC2)CC[C@]314,0.0015,0.049628
Cc1cc(C(=O)N/N=C/c2ccc(N(C)C)cc2)c2ccccc2n1,0.9969,0.06031
COc1ccc(OCC(O)CN2CCN(CC(O)COc3ccc(OC)cc3)CC2)cc1,0.992,0.052048
C/C(=N/NC(N)=S)c1ccccc1[N+](=O)[O-],0.9576,0.046558
CCCCCCCCCCC(NC(=O)OC(C)(C)C)C(=O)N(CCC[N+](C)(C)C)OCc1ccccc1,0.0632,0.038429
OC[C@H]1O[C@H](Cn2cc(-c3cccnc3)nn2)[C@@H](O)[C@@H](O)[C@@H]1O,0.6686,0.041375
CCOC(=O)C1=C(C)N(c2cccc(C(F)(F)F)c2)C(=O)N(C)C1c1ccc(C#N)cc1-c1ccnn1C,0.9765,0.046157
CCCCCC1CC(COc2ccccc2)OC1=O,0.9525,0.037449
CCCN1CCCC1CNC(=O)c1ccc2c(c1)NC(=O)/C(=C/c1ccccc1F)S2,0.9916,0.058401
N#Cc1ccc(Cn2ccnn2)cc1,0.9826,0.080993
COC(=O)C1=C(N)Oc2c(oc(CO)cc2=O)C1c1c(F)cccc1Cl,0.3369,0.064358
[O-]/[N+](=C\c1ccccc1)c1ccc(Br)cc1,0.1335,0.050757
CC#C[C@H](c1ccc(Oc2ccc(C(F)(F)F)cc2OC(F)F)cc1)[C@H]1OC(=O)NC1=O,0.4042,0.044946
CC(C)c1ccc(C(=O)Nc2ccc(-c3nc4ccccc4s3)c(Cl)c2)cc1,0.9973,0.050685
Cc1nc2ccccc2c2c1O[C@]1(CC2)C[C@H]2C(=O)N[C@]3(C(=O)NS(=O)(=O)C4(C)CC4)C[C@H]3/C=C\CCCCC[C@H](NC(=O)OC(C)(C)C)C(=O)N2C1,0.0424,0.055711
Fc1ccc2nc(-c3ccccc3)nc(Nc3ccccc3)c2c1,0.9804,0.051415
O=C(CN1CCN(c2ccc(F)cc2)CC1)Nc1nc2c(o1)CCCC2,0.9972,0.059514
O=C(NO)C1COC(c2cc(F)cc(C(F)(F)F)c2)=N1,0.9916,0.063771
COCC(=O)Nc1ccc2c(c1)[C@@H]1C[C@H](CC(=O)NCc3ccccc3)O[C@@H](CO)[C@@H]1O2,0.0119,0.048481
Cn1nccc1C(=O)N1CCN(c2ccc(F)cc2)CC1,0.9993,0.049046
O=C(/C=C(O)/C=C/c1cccnc1)/C=C/c1ccc(O)c(O)c1,0.9862,0.077968
COC(=O)NCCCc1cc([C@@H](C)N(C(=O)[C@H]2CNCCO2)C2CC2)cc(OC)n1,0.6884,0.113517
CC(=O)C1C(c2ccncc2)NC(=O)NC1(O)C(F)(F)F,0.7343,0.063915
COc1ccc2ncc(C(=O)N3CCC4(CC3)Cc3cn(C(C)(C)C)nc3C(=O)N4)cc2c1,0.9108,0.085423
CC(C)[C@@H]1NC(=O)Cn2cc(nn2)-c2csc(n2)CNC(=O)C[C@@H](/C=C/CCS)OC1=O,0.2066,0.091503
C/C=C(/C)C(=O)OC[C@H]1c2c(O)c(OC)c(C)c(OC(=O)c3cnc4ccccc4c3)c2C[C@H]2[C@H]3C4=C(C[C@H]([C@H](C#N)N12)N3C)C(=O)C(C)=C(OC)C4=O,0.0062,0.076311
CC(C)(C)OC(=O)NCCCCCCCCCCn1c2c(c3ccccc3c1=O)C(=O)c1ccccc1-2,0.9579,0.071962
CN(C)CCN1CCC[C@H](NC(=O)N2CC[C@@H]3[C@H]2C(=O)N3S(=O)(=O)O)CC1,0.1139,0.054131
Cc1cccc(CN2CC[C@@H]3O[C@@H](C(=O)N4CCN(C)CC4)C[C@@H]32)n1,0.2571,0.063055
COc1ccccc1C(=O)C[n+]1ccn(C)c1,0.9076,0.067028
CCc1ccc2c(c1)c(-c1ccc[nH]c1=O)c(C(=O)NS(=O)(=O)C1CC1)n2Cc1cc(S(C)(=O)=O)c(C#N)cc1F,0.6918,0.057551
Cc1nc2c(c(-c3ccc(Cl)cc3Cl)c1CN)C(=O)N(Cc1ccn(C)n1)C2,0.939,0.049726
CC(C)[C@H]1NC(=O)C[C@@H](/C=C/CCCC(=O)O)NC(=O)[C@@H](Cc2ccc(O)cc2)NC(=O)[C@@H](C)NC1=O,0.0124,0.062952
CCCn1c(=O)c2c(nc(-c3ccccc3)n2C)n(CCSCC)c1=O,0.9033,0.072052
COc1cnc2nc(-c3ccc(C4(N)CCC4)cc3)c(-c3ccccc3)n2c1,0.9729,0.07025
O=C(CNC(=O)c1ccccc1Cl)N/N=C/C=C/c1ccccc1,0.9793,0.053919
CC(=O)OC[C@H]1O[C@@H](Sc2ccc(NC(=O)c3ccc4nc(C)ccc4c3O)cc2)[C@H](OC(C)=O)[C@@H](OC(C)=O)[C@@H]1OC(C)=O,0.0137,0.067708
O=C(O)c1cn(Cc2ccc(-c3ccccc3)cc2)c2cnccc2c1=O,0.996,0.058399
Cc1ccc(CCNC(=O)c2cn(C)c3ccc(S(=O)(=O)N(C)C4CCCCC4)cc3c2=O)cc1,0.9823,0.04493
CCCCC(=O)O[C@H]1C[C@@H](C)C=C2C=C[C@H](C)[C@H](CC[C@@H]3C[C@@H](O)CC(=O)O3)C21,0.4074,0.050471
C[C@@H](CO)Nc1cc(-n2ncc3cc(C#N)cnc32)ncc1C(=O)NCCC1CC1,0.487,0.05339
CCCCCCCCCC(=O)C(O)c1ccc(Cl)cc1,0.8458,0.058771
COc1ccc2c(O)c(Br)c(C)nc2c1,0.9916,0.045108
N#Cc1c(/N=C/c2ccccc2)sc2c1CCCC2,0.9927,0.057676
O=C(NCCCN1CCOCC1)C(=O)NCc1ccco1,0.9957,0.058745
CN1CCCC1CCNCc1coc(-c2ccc(OC3CCCC3)cc2)n1,0.9929,0.052352
Nc1nc(C(CCN2CCCCC2)C(=O)NCc2cc(C(F)(F)F)cc(C(F)(F)F)c2)cs1,0.9821,0.035379
Cc1c(-c2ccccc2)c(N2CC[C@H](N(C)C)C2)c2[nH]c(C(C)(C)C)nc2c1C#N,0.8293,0.045482
C#CC(CC)(CC)NC(=O)c1cc(S(=O)(=O)N2CCCCC2)ccc1N1CCOCC1,0.9996,0.050011
CCCNC(=S)Nc1cc(-n2cccn2)ncn1,0.987,0.054516
NC1=NC(c2cccc(OCc3ccccc3)c2)N(c2ccc(Cl)cc2)C(N)=N1,0.3048,0.059967
CN(CC(=O)Nc1cccc(F)c1)C(=O)c1cn(-c2ccccc2)nc1-c1ccccc1,0.9985,0.050405
CC(C)(C)/C(COc1ccccc1[N+](=O)[O-])=N/O,0.8988,0.060077
CCCC(=O)OC[C@H](O)[C@H]1OC(O)=C(O[C@@H]2OC(CO)[C@@H](O)C(O)[C@@H]2O)C1=O,0.3746,0.050515
CCCCc1ccc(Oc2nc(NCc3ccccc3)c3sccc3n2)cc1,0.9924,0.05524
COc1cccc(C(=O)/C=C/c2cc3c(c4c2OC(C)(C)C=C4)OC[C@@H](c2ccc(OC)cc2OC)C3)c1,0.9052,0.054069
COc1ccccc1Nc1nnc(SCC(=O)N2CCCC2=O)s1,0.9481,0.067568
COc1ccc2c(Sc3ccccc3)c(C(=O)NCc3cccc(OC)c3OC)[nH]c2c1,0.9871,0.072016
CS(=O)(=O)c1cccc(-c2nc(C3(c4ccc(-c5cnc(N)nc5)nc4)CCC3)no2)c1,0.9311,0.071998
CO[C@@H]1C=C[C@]23C(=O)CN(Cc4cc5c(cc42)OCO5)[C@H]3C1,0.0069,0.063031
COc1cccc(-c2cccc(C3(c4ccncc4)N=C(N)N(C)C3=O)c2)c1,0.0763,0.048865
CC(C)(C)NCC(O)CSc1nc(-c2ccc(C(N)=O)s2)cs1,0.9913,0.054108
Cc1c(F)cccc1NC(=O)Nc1ccc(Cl)c(S(=O)(=O)[C@H]2CCNC2)c1O,0.9416,0.049319
Clc1cc(CO/N=C/C2CN3CCC2CC3)on1,0.9677,0.058176
O=C(NCCCCSSCCCCNC(=O)/C(Cc1ccc(O)c(Br)c1)=N/O)/C(Cc1ccc(O)c(Br)c1)=N/O,0.8081,0.037521
CC(=O)Nc1ccccc1NC(=O)C/C(C)=N/NC(=O)C(=O)Nc1cccc(Cl)c1C,0.9743,0.065792
CCOc1nc(-c2sc3sc(-c4ccc(C#N)c(OCC)n4)c(-c4ccccc4)c3c2C)ccc1C#N,0.0482,0.071969
CC(C)c1csc2ncnc(N3CC4CC3CC4OCCN3CC[C@@H](F)C3)c12,0.3867,0.051259
CCN(C(=O)C1CCN(S(=O)(=O)c2ccc3c(c2)CCCN3C(=O)C2CCC2)CC1)c1cccc(C)c1,0.9884,0.044514
CN(C(=O)c1cc2c(s1)-c1ccccc1OC2)c1cccc(F)c1,0.9954,0.050102
O=C(CO)N1CCC(c2nnc3ccc(Sc4ccc(F)cc4F)cn23)CC1,0.9846,0.044201
CNc1nc(Nc2cc(OC)c(C(=O)N3CCC(C#N)C3)cc2Cl)ncc1Cl,0.9302,0.066485
Nc1ccn([C@@H]2O[C@H](CNCc3ccc(C#CCCO)cc3)[C@@H](O)[C@H]2O)c(=O)n1,0.6516,0.115066
CCCCCCNC1=C(C)C(=O)c2ccccc2C1=O,0.8807,0.069853
C=C1CCC2[C@@](C)(CO)CCC[C@]2(C)[C@H]1CC/C(C)=C/C(=O)O,0.0019,0.08727
CCc1nc(CN2CCCN(C(=O)c3ccccc3)CC2)cs1,0.9991,0.054724
CC(=O)OC1CCN(C(c2ccc(Cl)cc2)c2c(O)ccc3ccccc23)CC1,0.9913,0.064896
CCCCNC(=O)Nc1ccc(-c2nonc2-c2ccc(C)cc2)cc1,0.9919,0.074363
c1ccc2c(c1)C1CC(c3ccoc3)(c3ccoc3)C2c2n(Cc3ccc4ccccc4c3)cc[n+]21,0.0139,0.050205
N=C(N)N/N=C/c1cccc(C(=N)N)c1,0.9967,0.065926
O=C(Nc1ccc(Cl)c(OCF)c1)c1ccccn1,0.9987,0.048137
CN1CCN(/C=C2\N=C3CN=C(c4ccccc4F)c4cc([N+](=O)[O-])ccc4N3C2=O)CC1,0.1856,0.04194
COc1cc2[nH]c(Cl)c([N+](=O)[O-])c2cc1OC,0.9088,0.04799
CCCn1c(Sc2ccc(Nc3c(C#N)cnc4cc(NCCCN(C)C)c(OC)cc34)cc2Cl)nc(C)c1C,0.6845,0.050993
CCn1ncc2cc(Cc3cc([C@@H]4O[C@H](CO)[C@@H](O)[C@H](O)[C@H]4O)ccc3Cl)ccc21,0.0065,0.055004
CCCCC1(C)CC(=O)N(Nc2ccccc2Cl)C1=O,0.7684,0.048981
CNC(=O)[C@H](Cc1c[nH]c2ccccc12)NC(=O)[C@@H](CC(=O)NOCC(=O)OC)CC(C)C,0.4879,0.053987
CC(=O)Nc1ccc(S(=O)(=O)Nc2ccc(S(=O)(=O)Nc3ncccn3)cc2)cc1,0.992,0.053974
NC(=O)CCC1CCCN(c2ncnc3c2Cc2ccccc2OC3)C1,0.9497,0.040968
Nc1nonc1-n1nnc(C(=O)O)c1-c1cccs1,0.9208,0.044982
O=C(NS(=O)(=O)c1ccc(COc2ccccc2)cc1)c1cccc(-c2cc(Cl)cc(Cl)c2)c1,0.9917,0.042989
O=C(Nc1ccccc1)C1=Cc2cc(NC(=O)c3ccccc3)ccc2S1(=O)=O,0.9301,0.044992
O=C(C1CCCC1)N1CCN(Cc2ccncc2)[C@@H]2CS(=O)(=O)C[C@@H]21,0.9762,0.043987
Cc1ccnc(-n2[nH]cc(-c3cncc(C#N)c3)c2=O)c1,0.9785,0.045992
COc1ccc(-c2cc(C(=O)Oc3ccccc3)c3cc(C)ccc3n2)cc1,0.9973,0.044983
CC(=O)Nc1ccc(S(=O)(=O)NC2CCC(Nc3nc(Oc4c(C)cc(C#N)cc4C)c4sccc4n3)CC2)cc1,0.729,0.044997
CCCN1CCC(c2nc3c(C(N)=O)cccc3[nH]2)C1,0.9627,0.046994
O=C(CN1C(=O)c2ccccc2S1(=O)=O)Nc1ccc(O)cc1,0.9978,0.045009
COc1ccc(OC)c(/C=N/n2c(N)nc(C(F)(F)F)cc2=O)c1,0.9904,0.049987
COC(=O)[C@@]1(C)[C@@H](OC(C)=O)CC[C@@]2(C)[C@H]1CC(=O)[C@H]1[C@@H](C)/C(=C/C(=O)N(C)CCO)CC[C@@H]12,0.0014,0.054673
COc1cccc(CNC(=O)Cn2nc3c(cc2=O)CCCC3)c1OC,0.9884,0.054985
Cc1nn(C)c(Oc2cccc(Cl)c2)c1C#N,0.9884,0.076783
CN1CCC(Oc2ccc(NC(=O)c3ccc4c(=O)n(Cc5ccccc5)cnc4c3)cc2Cl)CC1,0.9965,0.057196
O=C(/C=C/c1cccc(C(F)(F)F)c1)NO,0.9979,0.059833
COC(=O)c1nnc(C(=O)NCc2ccccc2)c2[nH]c3ccccc3c12,0.956,0.054604
Cc1nn(C)cc1S(=O)(=O)N1CCN(c2ccc(F)cc2)CC1,0.9967,0.048914
O=C(/C=C/c1ccc(F)cc1)N[C@H]1C(=O)N(c2ccc(F)cc2)[C@@H]1c1ccc(O)cc1,0.6066,0.062728
Cc1ccc(-n2c(N)c(C(N)=O)sc2=S)cc1,0.9783,0.061819
CN(C)CCOc1cncc(Br)c1,0.9949,0.056738
Cn1c(SCc2cccnc2)nc2c(c1=O)SCC2,0.9899,0.062605
O=P(O)(NN1CCCCC1)Oc1ccccc1,0.9868,0.070558
CCCCCCCCCCCCCC[n+]1ccc(-c2cc[n+](C)cc2)cc1,0.9508,0.084518
CCCNC(=O)N(C)c1nncnc1C(=O)NC,0.9842,0.066403
CCc1nc2c([nH]1)C(=O)/C(=N/CCN(C)C)C=C2O,0.0252,0.058055
CCOc1nc(N2CC(=O)Nc3cc(OC)ccc32)c2ccccc2n1,0.9791,0.065982
Cc1cc(Nc2ncnc3ccc(-c4ccc(CNCCS(C)(=O)=O)o4)cc23)ccc1Oc1ccn2ncnc2c1,0.9766,0.065997
CCc1ccc(-c2sc3cc(O)ccc3c2C(=O)c2ccc(OCCN3CCCCC3)cc2)cc1,0.9836,0.065992
N#CCCN1CCC(c2ccc(NC(=O)c3nc(C#N)cn3OC(=O)C(F)(F)F)c(C3=CCCCC3)c2)CC1,0.1331,0.049417
CN(C)Cc1ccc(-c2c(-c3ccc(N4CCNCC4)cc3)n(C)c3nc(C(N)=O)cc(Cl)c23)cc1,0.7804,0.044955
Cc1ccc(Oc2cccc(-c3ccc(OCCCC(=O)O)cc3)c2)cc1,0.9971,0.062622
CC(C(=O)NCc1ccc(C(C)(C)C)cc1OCc1ccccc1)c1ccc(NS(C)(=O)=O)c(F)c1,0.9929,0.09186
Oc1nccc2ccccc12,0.9843,0.13107
CCOc1ccccc1Cn1c(=O)sc2ccccc21,0.9819,0.082351
COc1cc2nc(NC3CCCc4ccccc43)nc(N)c2cc1OC,0.8542,0.06155
NS(=O)(=O)c1ccc(Nc2nccc(-c3c(-c4cccc(NC(=O)c5c(F)cccc5F)c4)nn4ccccc34)n2)cc1,0.9427,0.081445
Cc1nc(O)c2cc(CN(C)c3ccc(C(=O)N[C@@H](CCC(=O)N[C@H](CCC(=O)O)C(=O)O)C(=O)O)c(F)c3)c(C)cc2n1,0.3765,0.065577
CC(C)N1CCN(Cc2c(-c3ccccc3)nc3ccccc3c2C(=O)NC2CCCCC2)CC1,0.9942,0.058842
O=C(c1cccc(CN2CCN(C(=O)n3nnc4ccccc43)CC2)c1)N1CCCCC1,0.9982,0.068463
Fc1ccc(-n2cc(CCCCN3CCC4(CC3)OCc3ccc(F)cc34)c3ccccc32)cc1,0.9866,0.068216
CCCCCCCC(c1c[nH]c2ccc(C#N)cc12)c1c[nH]c2ccc(C#N)cc12,0.7586,0.066391
Cc1oc2c3c(ccc2c(=O)c1I)OC(C)(C)[C@H](OC(=O)[C@@]12CC[C@@](C)(C(=O)O1)C2(C)C)[C@@H]3OC(=O)[C@@]12CC[C@@](C)(C(=O)O1)C2(C)C,0.0053,0.057166
COc1ccc(Cl)c(-c2ccc(NC(=O)c3conc3C)nc2N)c1,0.9848,0.052706
O=C(CC[C@H](CCCC(=O)Nc1ccccc1)Cc1ccccc1)NO,0.9952,0.053975
N=C1S/C(=C\c2c[nH]nc2-c2ccc(-c3ccccc3)cc2)C(=O)N1c1nccs1,0.985,0.05736
O=C(O)c1cc(C(=O)O)c2cc(OCCc3ccccc3)ccc2n1,0.9969,0.05838
CC(=O)Nc1ccc(S(=O)(=O)N2Cc3ccccc3C[C@@H]2C(=O)NO)cc1,0.9847,0.081711
O=C(NNC(=S)Nc1ccc(Br)cc1)c1cccc(Cl)c1,0.9993,0.056545
Cc1ccc(-c2nn(-c3ccccc3)cc2/C=N/n2c(S)nnc2-c2ccncc2)cc1,0.9842,0.054591
CC(C)(N)C(=O)N[C@H](COCc1ccccc1-c1cccnc1)c1nnnn1CCOC(=O)NCCCCO,0.9791,0.094839
COc1cccc(F)c1C[C@@]1(O)CCC[C@@H](NC(=O)c2ccc3[nH]nc(-c4ccc5nccn5c4)c3c2)C1,0.9671,0.099772
Oc1ccc(CCNc2nc(NCc3cccc(OCc4cccc(F)c4)c3)nc(N3CCNCC3)n2)cc1,0.9915,0.098923
Cc1nc2ccccn2c1C(=O)N/N=C/c1ccc([N+](=O)[O-])cc1,0.9982,0.082813
Cn1cnc2cc(-c3ccc(N4CCOCC4)cc3)nc(NCC3OCCO3)c2c1=O,0.9415,0.093149
CN1CCN(c2nc(O)c(C#N)c(-c3ccc(N(C)C)cc3)n2)CC1,0.9829,0.088297
CC(=O)Nc1cc(O)cc(N/C(C)=C2\C(=O)OC(=O)C(C(C)=O)=C2O)c1,0.5408,0.079991
Cc1nccc(/C=C/c2ccccc2)n1,0.986,0.104224
COc1cc(NC(=O)N2CCCC2c2ccco2)cc(OC)c1,0.9968,0.076151
CC(C)CC1=NN(c2ccc(F)cc2)C(=O)C1Sc1ccccc1,0.5969,0.076233
O=[N+]([O-])c1cncs1,0.9833,0.070643
O=C(Nc1ccc(Cl)cc1)c1cc([N+](=O)[O-])ccc1Cl,0.9967,0.076237
O=C(NCCOCCOCCNC(=O)c1cc2cc(Cl)ccc2[nH]1)c1cc2cc(Cl)ccc2[nH]1,0.9723,0.107485
O=c1[nH]c(=S)[nH]c2nc(Cc3ccc(Br)cc3)nn12,0.9699,0.096898
COc1ccc(/C=C2\Oc3ccccc3C2=O)cc1O,0.9724,0.091554
COc1ccc(-c2cc3cc(/C=C/c4ccccc4)ccc3oc2=O)cc1OC,0.9926,0.066354
CNCC(NC(=O)c1ccc(-c2ccc(C)c(F)c2)[nH]1)c1nc(C)c(CO)s1,0.967,0.075136
FC(F)(F)c1ccc(N2CCNCC2)nc1Cl,0.9952,0.084544
NC1CC2CC3CC(C2)C1C3,0.9548,0.062791
OCCN(CO)CO,0.9895,0.070585
Cc1ccc(CC(CN)(Cc2ccc(C)cc2)C(=O)N[C@@H](CCCCNC(=N)N)C(N)=O)cc1,0.8324,0.073563
CN1CC(CO)=C[C@@H]2c3cccc4[nH]cc(c34)C[C@H]21,0.0183,0.073961
CCCN(CCc1cccs1)[C@H]1CCc2c(O)cccc2C1,0.9903,0.062466
CSCCC(NC(=O)OC(C)(C)C)C(=O)Oc1cccc2oc(=O)[nH]c12,0.8883,0.070557
CCc1nc(NCC2CC2)c2nnn(Cc3ccccc3)c2n1,0.9864,0.06299
Cc1cc(CCN2CCN(c3noc4ccccc34)CC2)c2c(c1)C(C)CC(=O)N2,0.35,0.062221
Nn1c(S)nnc1Cc1ccc(Br)cc1,0.989,0.064209
CNC(C)C(=O)Nc1cc(-c2c(C)ccc3ncccc23)cc(NC(=O)c2ccc3cnccc3c2)n1,0.9511,0.056538
COc1ccccc1N1/C(=N/C(=O)C2CCCCC2)SC2CS(=O)(=O)CC21,0.0045,0.05045
COCC1CC2(CCN(C(=O)c3ccccc3C)CC2)CN1C(C)C,0.9627,0.054473
O=C(COc1ccc(S(=O)(=O)N2CCOCC2)cc1)N1CCN(c2ccccc2)CC1,0.999,0.055059
CC(C)c1onc(-c2c(Cl)cccc2Cl)c1COc1ccc2c(ccn2C(=O)c2cccc(C(=O)O)c2)c1,0.9513,0.060863
NCCCCNC1=NCCCCC1,0.9665,0.069656
Nc1nc(Cl)c(-c2nccs2)c(N[C@@H]2C[C@H](CO)[C@@H](O)[C@H]2O)n1,0.1576,0.086313
CCC1(O)C(=O)OCc2c1cc1n(c2=O)CC2Cc3ccccc3N(C=O)C12,0.1331,0.072591
COc1ccc(OCCn2cnc(Cl)c2Cl)cc1,0.9944,0.066988
Cc1cc2cc(NC(=O)c3ccco3)ccc2[nH]1,0.999,0.068415
O=C(c1ccc(I)cc1)N1CCCCc2ccccc21,0.9831,0.069947
O=C(O)c1ccc(NC(=O)C(Cc2cccnc2)n2ccc(-c3cc(Cl)ccc3Br)cc2=O)cc1,0.9467,0.082621
COC(=O)c1c(Oc2cc(C)cc(O)c2C(=O)OCC(C)C(=O)O)c(OC)cc(O)c1[N+](=O)[O-],0.8003,0.083385
O=C(O)CCCCCCCn1nc(-c2ccccc2)c(-c2ccccc2)nc1=O,0.9632,0.076445
COC/C(=C/c1cc(OCc2ccsc2)ccc1C#N)c1ccccc1C,0.9825,0.092575
CN1c2cccnc2Nc2ncccc2S1(=O)=O,0.9297,0.05948
CC(C(=O)Nc1ccc(CC2=NNNN2)cc1)c1ccc2cc(OCc3ccc4ccccc4n3)ccc2c1,0.9014,0.081017
C[C@H]1CCC[C@]2(C)C[C@H]3OC(=O)C(CN4CCCCCC4)[C@H]3C=C12,0.0981,0.077612
O=C1NC(=O)C(=C2CCCCCC2)S1,0.9099,0.082978
COc1cccc(N2CCN(C3CCOC3=O)CC2)c1,0.9921,0.117016
NC(=O)C1Cc2ccccc2N1C(=O)Cc1nc(N2CCOCC2)cc(=O)[nH]1,0.9774,0.09696
O=C(CSc1snnc1-c1ccc2ccccc2c1)Nc1ccccc1F,0.994,0.071108
COc1cccc(Oc2nc(Cl)ncc2[N+](=O)[O-])c1,0.9952,0.085485
CC1=C(C)C(=O)O[C@@H]([C@@H](C)[C@H]2CC=C3[C@@H]4C[C@H]5O[C@]56[C@@H](O)C=CC(=O)[C@]6(C)[C@H]4CC[C@@]32C)C1,0.0009,0.087854
CC(C)N(C(=O)SCC(Cl)=C(Cl)Cl)C(C)C,0.8898,0.054821
O=C(CN1C(=O)NC2(CCCC2)C1=O)N1CCN(S(=O)(=O)c2ccccc2Br)CC1,0.9993,0.054743
O=C(CCN1CCc2ccccc2C1)Nc1cccc(F)c1,0.9983,0.062966
CC1CCN(CC(O)COCCC23CC4CC(CC(C4)C2)C3)CC1,0.9808,0.071953
CC(C)N1CC2CC(CN(C(=O)c3ccccc3)C2)C1,0.9958,0.135003
CO/N=C(\C#N)C(=O)NC1=NOC(C)(CCl)C1,0.5071,0.10042
CC(C)=CCC/C(C)=C\CC/C(C)=C\Cc1cc(O)c(C)cc1O,0.4591,0.072791
C#CCn1cc(C(=O)NC23CC4CC(CC(C4)C2)C3)c(=O)c2cc(Br)ccc21,0.9785,0.051128
[N-]=[N+]=NC1CC(n2ccc(N)nc2=O)OC1COP(=O)(O)OP(=O)(O)OP(=O)(O)O,0.3563,0.060028
COc1cccc(NC(=O)C2c3ccccc3C(=O)N(C3CCCC3)C2c2cccs2)c1,0.9261,0.046815
N#Cc1c(C(F)(F)F)nn(-c2ccc(S(N)(=O)=O)cn2)c1NCC1CCCO1,0.9596,0.094318
C[C@H](CCCN1CCN(C)CC1)Nc1ccnc2cc(Cl)ccc12,0.9947,0.082744
C=CCNc1nc(NCC=C)nc(N2CCC(NCC3c4ccccc4C=Cc4ccccc43)CC2)n1,0.8975,0.064546
Cc1nc(CO)nc(N2C[C@@H](C)N(c3ccnc([C@@H](C)O)n3)[C@@H](C)C2)n1,0.9652,0.060536
CCCCCCCCNC(=O)N1CCC(Nc2ccc(CCNC[C@H](O)c3ccc(O)c(C(N)=O)c3)cc2)CC1,0.9888,0.070971
CCCS(=O)(=O)NC(C)c1cccc(-n2cccn2)c1,0.9854,0.067468
NC(=O)C1CCCN1C(=O)C(Cc1c[nH]cn1)NC(=O)C1CCCC1,0.9339,0.055434
O=C1NC(=O)[C@H]2C3C(C(O)(c4ccccc4)c4ccccn4)=CC(C3=C(c3ccccc3)c3ccccc3)[C@@H]12,0.0742,0.03871
FC(F)(F)c1ccc(NCC2CCc3ccc4ccccc4c3O2)cc1,0.965,0.031493
CCCOc1ccc(C(=O)C2=C(O)C(=O)N(CCN(C)C)C2c2ccc(OC)c(OC)c2)cc1,0.5056,0.06295
COc1ccccc1CNC1=C2C[C@@H](C)C[C@H](OC)[C@H](O)[C@@H](C)/C=C(\C)[C@H](OC(N)=O)[C@@H](OC)/C=C\C=C(/C)C(=O)NC(=CC1=O)C2=O,0.0289,0.046066
O=C(CSc1nnc(-c2ccccc2O)[nH]1)Nc1nc2ccc([N+](=O)[O-])cc2[nH]1,0.8718,0.049264
CC(=O)OCCN1CCC(c2cc(-c3ccncc3)c(-c3ccc(F)cc3)[nH]2)CC1,0.816,0.063031
NC(=O)N1CCC(C(=O)NCc2nncn2-c2ccccc2)CC1,0.9988,0.086869
OC[C@H]1O[C@@H](c2nc(-c3ccc(O)cc3)n[nH]2)[C@H](O)[C@@H](O)[C@@H]1O,0.7556,0.064623
O=C(CCN1CCN(C/C=C/c2ccccc2)CC1)Nc1cccc(F)c1,0.9991,0.064018
CN1Cc2c(C(=O)OC(C)(C)C)ncn2-c2cccc(F)c2C1=O,0.9822,0.063696
NC(=N[N+](=O)[O-])N1CCN(C(=O)c2ccc(Cl)cc2)CC1,0.8945,0.053296
CC(=O)O[C@H]1C[C@@H]2C[C@@H](OC(=O)c3ccccc3Cl)C[C@@H]1N2C,0.9488,0.067594
O=C(O)/C=C/c1cccc(B(O)O)c1,0.9579,0.058907
CCN(C(=O)C1CCN(c2ncnc3c2nc2n3CCCCC2)CC1)c1cccc(Cl)c1,0.9952,0.076037
O=C(OC1CSSC1)c1cc([N+](=O)[O-])cc([N+](=O)[O-])c1,0.9784,0.066047
Cc1ccc(CNC(=O)NC2CCCc3c2cnn3CCO)cn1,0.9741,0.068409
Cc1ccc(Cn2c(C(=O)O)c(CNC3CCCC3)c3ccc(C)cc32)cc1,0.9939,0.115441
O=C1NC(=O)/C(=C/c2ccc(OCCOc3ccc(Cl)cc3Cl)cc2)S1,0.9976,0.133556
CC(C)=CN1Cc2cc(Cl)cc3[nH]c(=S)n(c23)C[C@@H]1C,0.7935,0.095813
c1ccc(-c2csc3c4ccccc4c4ccccc4[n+]23)cc1,0.4058,0.088647
Cc1ccc2c(N)nc(-c3ccc4c(c3)OCO4)cc2c1,0.9865,0.053459
Cc1ccccc1CNC(=O)C(=O)N[C@@H](C)C(=O)N[C@@H](CC(=O)O)C(=O)COc1c(F)c(F)cc(F)c1F,0.9223,0.068836
COc1ccccc1-c1csc2nc(N3CCC(O)C3)nc(N3C4CCC3COC4)c12,0.9948,0.060367
CCC[n+]1ccc(Nc2ccc(NC(=O)c3ccc(Nc4cc[n+](CCC)c5ccccc45)cc3N)cc2N)cc1,0.0115,0.060356
CNNC1=NS(=O)(=O)c2cc(C(=O)OC)c(Cl)cc2S1,0.7212,0.08337
COc1ccc(Nc2nccc(NCCNC(=O)Nc3ccccc3F)n2)cc1,0.9937,0.097065
Nc1ncnc(C#Cc2ccc(N3CCOCC3)nc2)c1Cc1cccc(Br)c1,0.9944,0.060433
COc1ccc(N2/C(=N/c3ccc(C(F)(F)F)cc3)SCC2(O)C(F)(F)F)cc1,0.0857,0.07846
CCN1CC[C@H]2[C@H](c3ccc(O)cc3)c3cc(C)ccc3[C@H]2C1,0.0188,0.070504
Cc1cccc(C)c1-c1noc(C)c1NC(=O)NCc1ccc(OC(C)C)nc1,0.9835,0.076441
CCOC(=O)C1CCCN(S(=O)(=O)c2cc(C(=O)OC)n(C)c2)C1,0.9947,0.094343
O=C(N/N=C/c1c(-c2ccccc2)no[n+]1[O-])c1ccccc1,0.9979,0.06191
Cc1nn(-c2ccc(C#N)cc2)c(C)c1Cc1ccc(F)cc1,0.9829,0.076688
CC(=O)c1cccc(NC(=O)CCN2CCN(c3ccccn3)CC2)c1,0.9991,0.02937
Cc1cc(C)nc(NS(=O)(=O)c2ccc(N)cc2)n1,0.9986,0.044776
CCOC(=O)c1c(C)n(-c2ccccc2)c2ccc(OC(=O)c3cccc(Cl)c3)cc12,0.9877,0.069669
Cc1nn(C)cc1-c1ccnc(N2CCSCC2)n1,0.988,0.054953
Cc1cn(N2CC(O)C(CO)C2)c(=O)[nH]c1=O,0.0841,0.08905
CC(=O)Nc1ccn([C@@H]2CO[C@H](CO)O2)c(=O)n1,0.2533,0.105977
CN1CCC(NC(=O)c2cccc3c(NCCCCCCNc4c5ccccc5nc5c(C(=O)NC6CCN(C)CC6)cccc45)c4ccccc4nc23)CC1,0.9237,0.065669
CC(=O)OCC1OC(n2c(-c3cccs3)c3c(c(C#N)c2=S)-c2ccccc2CC3)C(OC(C)=O)C(OC(C)=O)C1OC(C)=O,0.0225,0.074339
C1CC2C3C4C5CCC4C24CNCC54C13,0.4558,0.095822
Cc1cnc(-c2ccccc2C(C)C)nc1NCc1cccnc1,0.9974,0.121042
O=C(CNc1ccc(F)cc1)N/N=C1\CCCc2ccccc21,0.8756,0.074828
CCN(Cc1nc(-c2ccccc2)no1)C(=O)COc1cccc(OC)c1,0.9981,0.074991
COC(=O)C(CN)c1c[nH]c2cc(Cl)ccc12,0.9839,0.058469
Cc1cc(NC(=O)NC(=O)c2ccccc2)c(C(C)C)cc1O,0.9972,0.044501
O=C1CCCc2c1ccn2C(=O)c1cccc(-c2ccccc2)c1,0.974,0.04262
C=CC(=O)Nc1cccc(-n2c(=O)cc(C(F)(F)F)c3cnc(Nc4ccc(N5CCN(C)CC5)cc4OC)nc32)c1,0.7145,0.051491
CCCN1CCN(c2cc(-c3n[nH]c4ccc(OC(C)C)cc34)ncn2)CC1,0.9365,0.058529
N#Cc1ccc(-c2ccc(OS(N)(=O)=O)cc2)cc1,0.9929,0.086452
Cc1cc(=O)oc2cc(OCCCC(=O)N3CCC(O)(c4ccc(Br)cc4)CC3)ccc12,0.9955,0.069886
CCOC(=O)[C@H](C)NP(=O)(OC[C@H]1O[C@@H](n2ccc(N)nc2=O)[C@](C)(O)[C@@H]1O)Oc1ccc(C[C@H](N)C(=O)OC)cc1,0.0544,0.062997
O=C1c2ccccc2S(=O)(=O)N1CCCCN1CCC(n2c(=O)oc3cc(F)ccc32)CC1,0.934,0.114035
O=C(Cc1c(Cl)cccc1Cl)N1CCN(Cc2ccccc2)CC1,0.9984,0.081958
Cc1cc(C(=O)N(C)C)nc(C2(C)CCCN2c2ccccc2)n1,0.941,0.092884
CC1C(=O)N2CCCc3cc(S(=O)(=O)N4CCN(c5cccc(Cl)c5)CC4)cc1c32,0.9328,0.063989
CCCCCNC(=O)[C@H](Cc1ccc(OCC(=O)O)c(C(=O)O)c1)NC(=O)[C@H](Cc1ccccc1)N1CCCC1=O,0.9233,0.063995
COc1cccc(/C=C2\CCC/C(=C\c3cccc(Cl)c3Cl)C2=O)c1OC,0.9806,0.045227
Cn1ncc(C(=O)N2CCC(Nc3cnnc4ccccc34)CC2)c1Cl,0.9978,0.07586
O=C(O)[C@@H]1CCCN(CCOC=C(c2cc(F)ccc2F)c2cc(F)ccc2F)C1,0.9613,0.098838
N#Cc1ccc(N2CCN3CC2CCC3C(c2ccccc2)c2ccccc2)cc1,0.3901,0.088982
CC(C)c1noc(CN2CCC(C3CCCCCN3S(C)(=O)=O)CC2)n1,0.9924,0.069
CN1CC(O)(c2ccc(-c3cccs3)cc2)OC2CCCCC21,0.5608,0.056695
CC(C(=O)Nc1nnc(CCCCc2nnc(N)s2)s1)c1ccccc1,0.9822,0.074305
COc1ccc(C2CC(c3ccc(Cl)cc3)=NN2c2ccc(S(N)(=O)=O)cc2)c(OC)c1,0.9929,0.068991
CN(C)c1ccc2nc3ccc(N4CCOCC4)cc3[o+]c2c1,0.9865,0.082835
CCS(=O)(=O)Nc1cccc(-c2c(-c3ccc4nccnc4c3)n(C)n(C)c2=O)c1,0.9851,0.071958
COc1cnccc1-c1cccnc1OC1CN(C(=O)OCc2ccccc2)C1,0.9698,0.074806
CSc1c(F)c(N)c2c(=O)cc(-c3ccc(N)c(F)c3)oc2c1F,0.9854,0.066471
Clc1ccc(Cn2nnc(-c3ccc(N4CCOCC4)cc3)n2)cc1,0.9946,0.095624
C=CCO[C@H]1C[C@@H](C)C=C2C=C[C@H](C)[C@H](CCC3C[C@@H](O)CC(=O)O3)[C@H]21,0.8686,0.097357
Cc1c(NS(=O)(=O)c2cccc(C(=O)NCc3cccc(Cl)c3)c2)c(=O)n(-c2ccccc2)n1C,0.8668,0.091952
Nc1cccc(C(=O)NCC(=O)c2ccc(C(=O)Nc3ccccc3N)cc2)c1,0.9864,0.12123
CC(C)(C)CN1CCC2(CC1)CN(c1ccccc1NC(=O)Nc1nc3ccccc3s1)c1c(O)ccc(Cl)c12,0.9539,0.094723
C[C@H]1CN(C)[C@@H](CCO)CN1C(=O)N1Cc2c(NC(=O)c3ccccn3)n[nH]c2C1(C)C,0.1993,0.067023
COc1ccc(Cl)cc1NC(=O)CN1C(=O)NC(C)(Cc2ccc(OC)c(OC)c2)C1=O,0.9948,0.053426
C[C@H](CC(=O)N1CCn2c(nnc2C(F)(F)F)C1)[C@H](N)C(=O)N1CCC[C@H]1C#N,0.9793,0.062365
COc1cc2c(cc1OC)-c1n[nH]c(C#Cc3ccc(C#N)cc3)c1C2,0.9886,0.053923
COc1ccc(-c2cnn3cc(-c4ccsc4)cnc23)cc1,0.9609,0.067261
O=C(O)C[C@H](NC(=O)C1CCN(C(=O)c2cccc(Cl)c2)CC1)C(=O)COc1c(F)c(F)cc(F)c1F,0.9749,0.06312
CCN(CC)C(=O)Cn1cc(C(=O)C(=O)N2CCN(C)CC2)c2ccccc21,0.9915,0.085852
CCCCOc1cc(C(F)(F)F)ccc1CNC(=O)C(C)c1ccc(NS(C)(=O)=O)c(F)c1,0.9961,0.107907
CCN(CCO)C(=O)c1cc2c(C)ccnn2c1-c1cccc(C(F)(F)F)c1,0.9832,0.092446
COC(=O)/C=C/c1cccc2c1N(Cc1ccc(OC)cc1)C(=O)C2=O,0.9941,0.078397
C#CCOCCOCCOCCNc1nc(N2CCOCC2)nc(N2CCN(C(=O)[C@H](CCCCN)n3cc([C@@H](N)C(C)CC)nn3)CC2)n1,0.8175,0.085249
C/C(=N/NC(=O)c1ccccc1)C1=C(O)CC(C)(C)CC1=O,0.8401,0.062963
Nc1sc2c(c1C(=O)c1ccccc1)CCNC2,0.9759,0.076968
Clc1ccc(C2[C@H]3CN(Cc4cccnc4)[C@H](c4ccccc4)C34CC2(c2cccnc2)C4)cn1,0.0297,0.068059
On1c(-c2ccccc2Cl)nc2ccccc21,0.9905,0.064924
COC(=O)N[C@@H](C(=O)N1CCC[C@H]1c1ncc(-c2ccc(-c3ccc(-c4cnc([C@@H]5CCCN5C(=O)[C@@H](c5ccccc5)N(C)C)[nH]4)cc3)cc2)[nH]1)c1ccccc1,0.5664,0.057821
Cc1ccc(-c2nnc(-c3cc(C)on3)o2)cc1,0.9899,0.074195
COc1ccc(C#Cc2ccc(C3=CC(=O)CC(C)(C)C3=O)cc2)cc1,0.946,0.061198
Cc1ccc(C)c(-c2ccc(/N=N/c3cc(S(=O)(=O)[O-])c4ccccc4c3N)cn2)c1,0.9474,0.063435
COc1cc(/N=N/c2ccccc2C(=O)O)ccc1O,0.9903,0.059327
COc1ccc2c(c[n+]3c4c2ccc2c5c(cc(c24)CC3)OCO5)c1OC(C)=O,0.1808,0.042594
CC(C)[C@H]1C(=O)N(C)[C@@H](C)C(=O)NCCC[C@H](NC(=O)/C=C/C=C/[C@@H](O)[C@@H](C)O)C(=O)N1C,0.075,0.054363
CC(=O)C[C@@H](CC(=O)Oc1ccc(C#N)cc1)c1ccccc1,0.9818,0.053772
O=C(NC1CCCCCCC1)c1cc2cc(Cl)ccc2o1,0.9976,0.053942
COC1CCCc2nc3ccccc3c(N)c21,0.8132,0.056272
C#C[C@]1(O)CC[C@H]2[C@@H]3CCC4=C/C(=N/CCOC(=O)c5cccc6c(=O)c7ccccc7[nH]c56)CC[C@@H]4[C@H]3CC[C@@]21C,0.2083,0.058419
CC(CC1C(C#N)=C(N)OC2=C1C(=O)CCC2)c1ccccc1,0.6119,0.06301
CNC(=O)NC(=O)COc1ccc2oc3c(c2c1)CCCC3,0.9989,0.062988
CCC(C(=O)NCc1ccncc1)N(c1ccc(F)cc1)S(C)(=O)=O,0.9904,0.062748
Cc1ccc(S(=O)(=O)Nc2cc(Cl)ccc2Cn2ccnn2)cc1C,0.9973,0.061454
Cc1c(C)c2c(c(C)c1O)CCC(C)(CCN(C)C)O2,0.972,0.040456
COc1cc(-c2nc3ccccc3nc2-c2ccc(O)c(OC)c2)ccc1O,0.9928,0.055792
CC1(C)C=C(N2CCCC2=O)c2ccc(Br)cc2C1=O,0.3988,0.053944
Cc1ccc([C@]2(O)CC[C@H](N3CC[C@H](NC(=O)CNC(=O)c4cccc(C(F)(F)F)c4)C3)CC2)cc1,0.5796,0.047057
O=C(Nc1ccccc1-c1cnco1)N1CCN2C(=O)N([C@H]3C[C@@H]3c3ccccc3)C(=O)C2C1,0.2039,0.047469
O=C(CCCCc1ccn(Cc2ccc(OCc3ccccc3)cc2)n1)NO,0.9924,0.050238
Brc1ccc(-c2[nH]c3ccccc3c2-c2nc(-c3ccccc3)c(-c3ccccc3)n2-c2ccc(Br)cc2)cc1,0.9575,0.062821
CCc1cc(-c2noc(-c3cc(C)cc(CC(C)C)n3)n2)cc(C)c1OC[C@@H](O)CNC(=O)CO,0.9797,0.084189
COc1ccc(NC(=O)Nc2ccc3c(c2)C(=O)N([C@H](C)CO)C[C@@H](C)[C@H](CN(C)Cc2ccc(C(=O)O)cc2)OCCCC[C@@H](C)O3)cc1,0.0289,0.055277
Cc1cc(C(=O)Nc2ccc(-c3ccccc3S(N)(=O)=O)cc2)n(-c2ccc(N)nc2)n1,0.9654,0.060509
O=C(c1ccc(-c2cnc3ccc(NCc4ccc(Cl)c(Cl)c4)nn23)cc1)N1CCC(N2CCCC2)CC1,0.8474,0.064179
O=C(Nc1cccc(C2=NCCCN2)c1)Nc1cccc(C2=NCCCN2)c1,0.995,0.076371
CCCCCc1ccc(-c2cn(Cc3cc4c(nc3C)-c3cc(C)c(C)cc3CCC4)nn2)cc1,0.8458,0.063096
O=C(Nc1ccc(Cc2nnn(Cc3ccccc3)n2)cc1)C(F)(F)C(F)(F)C(F)(F)C(F)(F)C(F)(F)C(F)(F)C(F)(F)F,0.994,0.061838
N#Cc1ccnc(N2CCC[C@H]2C(=O)N(c2cccc(F)c2)[C@@]2(C(=O)NC3CC(F)(F)C3)CCc3ccccc32)c1,0.6533,0.056356
COc1ccc(N2C(=O)/C(=C\NNS(=O)(=O)c3ccc(C)cc3)c3ccccc3C2=O)cc1OC,0.825,0.033966
O=C(C1CC1)N1CCN(c2ccc(-n3cncn3)nn2)CC1,0.9973,0.044158
Cc1[nH]cnc1Cn1ccc2cc(Br)c3ccccc3c2c1=O,0.9375,0.06086
C=CCN1C(=O)C(C(=O)c2ccc(O)cc2)C(=O)N(CC=C)C1=O,0.6284,0.062747
CS(=O)(=O)NCc1ccc(N2CCCCC2)c(NC(=O)c2ccc(C#N)o2)c1,0.9962,0.062725
CC1(C)C2CCC1(C)C(NC(=O)CCN1CCOCC1)C2,0.9123,0.040714
O=C(c1ccco1)N(c1nc2ccccc2o1)C1CCN(CCc2ccccc2)CC1,0.9871,0.040462
Cc1cc(C(=O)N2CCC3(CCN(C(=O)OCC(C)(C)C)C3)CC2)cc2cn[nH]c12,0.9632,0.045678
CC(=O)Nc1ccc(S(=O)(=O)Nc2nc3ccccc3nc2Cl)cc1,0.9948,0.053795
Cc1oc(C(=O)O)cc1COc1cccc(-c2ccccc2)c1,0.9945,0.066593
O=C(Nc1ncc([N+](=O)[O-])s1)c1ccccc1O,0.9973,0.07356
NOCc1cccc(I)c1,0.9929,0.05133
CC(C)(C)c1ccc(S(=O)(=O)NCCc2ccc(S(N)(=O)=O)cc2)cc1,0.9911,0.062713
FC(F)(F)c1ccccc1/C=N/Nc1ncnc2sc3c(c12)CCCC3,0.9925,0.076226
CCCCCCCCCCCCCCOc1ccc(/C=C(\C)C(=O)OCCN(C)C)cc1,0.9953,0.038663
Cc1ccc(NC(=O)/C(C#N)=C2\S/C(=N\Nc3ccccc3)C(=O)N2c2ccccc2)cc1,0.209,0.06042
CCc1cccc(C(C)C)c1NC(=O)C(=O)C(CC(=O)Nc1ccc(Cl)c(Cl)c1)C(=O)OC,0.7514,0.073358
COc1ccccc1C1C(C#N)=C(N)Oc2c1oc(CO)cc2=O,0.0756,0.06451
CCn1c(Cn2cncn2)nnc1C1CCN(C2CCNCC2)CC1,0.9756,0.036563
COc1ccc2nccc([C@@H](O)CN3CCC(NCc4nc5ccccc5s4)CC3)c2c1,0.9961,0.053579
COc1ccc(Cl)cc1-c1ncn(/C=C\C(=O)OC(C)C)n1,0.3748,0.051817
NC(c1ccccc1)[PH](=O)O,0.9735,0.047458
COC(=O)C(C)NP(=O)(OC[C@@H]1C=C[C@H](n2cc(C)c(=O)[nH]c2=O)O1)Oc1ccc(C(F)(F)F)cc1,0.5328,0.075576
O=C(CC(Nc1ccc([N+](=O)[O-])cc1)c1cccc(F)c1)c1ccccc1,0.9968,0.066942
CCCCCCOc1ccc(C(=O)Nc2cccc3c2OC(c2nnn[nH]2)CO3)cc1,0.9813,0.080053
COc1ccc(CCNCCC2CN(Cc3ccc(OC)c(OC)c3)c3ccccc3O2)cc1OC,0.9798,0.072917
COC(=O)CNC(=O)c1cc(-c2ccncc2)nc2ccc(C)cc12,0.9975,0.040677
COc1ccc(-c2csc(NC(=O)COC(=O)c3ccc(Br)o3)n2)cc1,0.9933,0.033942
CCCCCCN(CCCCCC)C(=O)[C@H](C)NC(=O)[C@@H](NC(=O)[C@H](Cc1ccc(C(F)(F)P(=O)(O)O)cc1)NC(C)=O)C(C)C,0.5496,0.059236
CC(C)c1ccc(NS(=O)(=O)c2ccc3[nH]cc(C(=O)NC4CCCC4)c(=O)c3c2)cc1,0.9927,0.058276
CC(C)C(O)(c1ccc(-c2ccc(F)cc2)cc1)c1c[nH]cn1,0.9883,0.059256
OCCC1CCCCN1CCc1ccc(Nc2nc(-c3ccc4ccccc4c3)cs2)cc1,0.9669,0.062768
Cc1cccc(-c2nc(CN3CCCCC3Cn3cncn3)no2)c1,0.9959,0.06517
c1ccc(-c2cc(CNCCN3CCCCC3)cc(CNCCN3CCCCC3)c2)c(CN2CCOCC2)c1,0.9932,0.062858
CC[C@H](C)[C@@H](CO)NC(C)Cc1ccc(C)cc1,0.9859,0.056967
C=C[C@@H]1C[N@@]2CC[C@@H]1C[C@H]2[C@H](O)c1ccnc2ccc(OC)cc12,0.9781,0.058514
Cc1ccc(Cl)cc1NC(=O)c1cc(S(=O)(=O)N2CCCCCC2)cn1C,0.997,0.067333
CSC12c3cc(C)n(-c4ccccc4)c3CC(C)(C)CN1C(=O)C2Oc1ccccc1,0.0678,0.07135
Cc1ccc(Nc2ccnc(Nc3cccc(Br)c3)n2)cc1O,0.9935,0.074415
COc1cc(OC2CCN(Cc3c(C)cc(C)[n+]([O-])c3C)CC2)c(F)cc1C(=O)N1CCC(N2C(=O)OCc3ccccc32)CC1,0.861,0.070082
C[C@H]1O[C@@H](O[C@H]2[C@@H](O)C[C@H](O[C@H]3[C@@H](O)C[C@H](O[C@H]4CC[C@@]5(C)[C@H](CC[C@@H]6[C@@H]5CC[C@]5(C)[C@@H](C7=CC(=O)OC7)[C@@H](OC=O)C[C@]65O)C4)O[C@@H]3C)O[C@@H]2C)C[C@H](O)[C@@H]1O,0.0027,0.050996
O=C(/C=C/c1ccc(O)c(O)c1)NCc1cccc(Cl)c1,0.989,0.056873
CC(C)=CCOc1cc(C(CO)Cc2cccc3ccccc23)ncc1C,0.8278,0.064137
COc1ccc(-n2nc(C(=O)NCC(=O)N3CCCCC3)c3ccccc3c2=O)cc1,0.9898,0.050586
Cc1cc2ccccc2nc1-c1ccc(N(Cc2ccc(CN3CCOCC3)cc2)C(=O)c2ccc(O)cc2O)cc1,0.9741,0.060034
CCOC(=O)/C=C(C)/C=C/C=C(C)/C=C(/F)c1c(C)cc(OC)c(C)c1C,0.0044,0.055343
CC1(C)C2CCC1(C)C(OC(=O)[C@H](NC(=O)[C@@H](N)CC(=O)O)c1ccccc1)C2,0.9608,0.046461
[O-][n+]1nc2c(Cl)cnn2c2cc(Cl)ccc21,0.97,0.044928
CCOC(=O)C[n+]1ccc(/C=C/c2cccc3ccccc23)c(C)c1,0.1151,0.023531
Cc1ccc(C)c(NC(=O)CN(C)C(=O)c2ccc(COc3ccccc3)cc2)c1,0.9972,0.044168
Cc1cc(S(=O)(=O)Nc2ccc(C(=O)NCCN3CCOCC3)cc2)ccc1F,0.9992,0.049727
O=C(NCc1ccc(CN2CC[C@@H](O)C2)cc1)c1csc2nc[nH]c(=O)c12,0.9379,0.039534
CCCCCC(=O)Nc1ccc(S(=O)(=O)Nc2nccc(C)n2)cc1,0.9993,0.04398
CCOC(=O)c1sc(NC(=O)Cc2c(F)cccc2Cl)nc1C,0.9951,0.036564
Cn1ccnc1CN(Cc1ccccn1)Cc1ccccc1Cl,0.984,0.063491
C[C@]12CC[C@H](O)CC1=CC[C@@H]1C2CC[C@]2(C)C(=O)N(N)C(=O)CC12,0.2746,0.072518
CCOc1cc(S(=O)(=O)NCCc2ccc(OC)c(OC)c2)c(OCC)cc1-n1cnnn1,0.9809,0.041986
CNC(=O)c1c(C(N)=O)nc2n1C1CC(C1)c1ccc(C#CC3(O)CCC3)cc1-2,0.164,0.068164
CC1=CCC(C(C)(C)OC(=O)CN(C)CCO)CC1,0.9509,0.108262
COc1ccc(S(=O)(=O)NC2CCCC2)c(Cl)c1Cl,0.992,0.059068
ON=C1C=CC(=NNc2nncc3ccccc23)C=C1,0.0141,0.032143
O=C(NCC(c1cnc(C(F)(F)F)nc1)N1CCC(F)(F)CC1)c1c(Cl)cccc1Cl,0.9946,0.072526
Cc1ccc(NC(=O)C2(C)CCN2C(=O)Cc2ccc(-c3ccccc3)cc2)cc1,0.9965,0.036721
CN(C)c1cccc2c(S(=O)(=O)Nc3cnc(Cl)cn3)cccc12,0.9564,0.056027
O=c1[nH]nc([C@]2(Cc3cccc(Nc4cc[nH]n4)n3)CC[C@@H](S(=O)(=O)c3cccc(Cl)c3Cl)CC2)o1,0.8906,0.049498
Cc1cn(-c2ccc3n(c2=O)CCN([C@@H](C)[C@@H]2CC[C@H](c4cc(F)c(Cl)c(F)c4)O2)C3=O)cn1,0.2446,0.067426
O=C(Nc1nonc1NC(=O)c1cccc(C(F)(F)F)c1)c1cccc(C(F)(F)F)c1,0.9925,0.071873
Cc1ccc(C)c(OCc2nc3ccccc3[nH]2)c1,0.9959,0.071902
O=C1Cc2c(OCCNc3ccc4ccccc4c3)ccc(F)c2N1,0.961,0.06295
Cn1ccnc1Cc1ccc2ccccc2c1O,0.9921,0.062938
CCNC(=O)Nc1ccc(-c2nc(N3CCOC[C@@H]3C)c3nc(C(C)(C)O)n(CCO)c3n2)cc1,0.8996,0.045275
COc1ccccc1NC(=O)C(=O)NCCC1CCCCN1S(=O)(=O)c1ccccc1,0.9913,0.055611
COc1ccc(NC(=O)Cc2cs/c(=N\c3ccc(C)cc3C)n2C)cc1,0.9732,0.062957
CC(C)c1c(S(=O)(=O)Nc2ccc(C(N)=O)cc2)c(-c2ccc(F)cc2)c(-c2ccc(F)cc2)n1CC[C@@H](O)C[C@@H](O)CC(=O)[O-],0.4668,0.067411
COC(=O)Nc1nc(CN=C=S)c[se]1,0.9736,0.08086
O=C(CSc1nc2ccc(Nc3nc(N4CCCCC4)nc(N4CCCCC4)n3)cc2s1)c1ccc(F)cc1,0.9882,0.068803
O=C1CCC2(O)[C@@H]3Cc4ccc(O)c5c4[C@]2(CCN3Cc2ccoc2)C1O5,0.0029,0.060196
O=C(O)/C(Cc1ccc(F)cc1)=N\O,0.9803,0.062928
O=C(CC1CC1)N1CCCn2nnc(CNc3ncccn3)c2C1,0.998,0.06293
Cc1cc(Cn2nc(C(=O)O)cc2C)n2nc(-c3ccccc3)cc2c1,0.9665,0.054583
CC(C)(C)C(=O)CNCC(=O)C(C)(C)C,0.9715,0.062939
COc1ccc(-n2nc(C(=O)NCCC3=CCCCC3)c3ccccc3c2=O)cc1,0.9806,0.062956
CCOC1=NO[C@]2(C1)C[C@H]1CC[C@@H](C2)N1,0.117,0.051711
O=C(NCc1ccco1)[C@@H]1CCO[C@@H]2CCN(C3CCOCC3)C[C@H]21,0.5089,0.045961
Cc1nn(Cc2ccc(Cl)cc2)c(C)c1NC(=O)CSc1nc2c(c(C(F)(F)F)n1)CCc1ccccc1-2,0.9909,0.053745
COc1cc2c(cc1OC)C(c1cc(OC)c(OC)c(OC)c1)N(CC(O)CO)CC2,0.9479,0.049281
CC(=O)N[C@@H](Cc1ccccc1)C(=O)N[C@@H](C)C(=O)N[C@@H](CC(C)C)C(=O)N[C@@H](CCCC[N+](C)(C)C)C(=O)NC(CO)CO,0.1044,0.053767
c1ccc2cc(OCC3CCN(CC4CC4)CC3)ccc2c1,0.9958,0.053878
COc1ccc(OCC(=O)Nc2cc(S(=O)(=O)N3CCCC3)ccc2Cl)cc1,0.9989,0.053814
Cc1ccc(S(=O)(=O)N2CCC(C(=O)N3CCN(Cc4ccccc4)CC3)CC2)cc1,0.9971,0.054187
O=C(N1CCO[C@@H](CO)C1)N1CC[C@](c2ccc(C(OCc3c(F)cccc3F)(C(F)(F)F)C(F)(F)F)cc2)(S(=O)(=O)c2ccc(F)cc2)C1,0.3051,0.052442
CCOC(=O)[C@H]1N[C@@H](c2ccc(OC)cc2)[C@@H]([N+](=O)[O-])[C@@H]1c1ccc2c(c1)CCC(C)(C)O2,0.0676,0.047789
Cc1ccc(C(=O)Nc2ccccc2)cc1Nc1ncnc2cnc(N3CCCCC3)nc12,0.9708,0.044817
Cc1ccc(S(=O)(=O)N2CCN(C(=O)/C=C/c3ccco3)CC2)cc1,0.997,0.042918
O=C(Nc1nc(-c2ccncc2)cs1)NC(CO)c1ccccc1,0.9901,0.053849
COc1ncnc2c1ncn2O[C@H]1CSC(CO)O1,0.2466,0.058371
C1=CN2CCN=C2CS1,0.8311,0.055739
CCOC(=O)N1CCC(NC(=O)c2cc(-c3ccc(F)cc3)[nH]c2C)CC1,0.9916,0.059472
CCCCOc1ccc(-c2cc(C(=O)O)c3cc(F)ccc3n2)cc1,0.9935,0.046147
O=C1CCc2cc(-c3cncc4ccccc34)cc3c2N1CC3,0.9702,0.044899
CN(CCCCN1CCN(c2cccc3c2ccn3S(=O)(=O)c2ccccc2)CC1)Cc1ccccc1,0.9957,0.049366
OCCC#Cc1nc(-c2ccncc2)c(-c2ccc(F)cc2)n1C#Cc1ccccc1,0.9936,0.049087
C[C@@H](c1nc2ccc(C(=O)N[C@H](C#N)CCCCN)cc2n1C)N1C(=O)CN(c2ccc(Oc3ccncc3)cc2)C1=O,0.9507,0.044894
O=C(Cn1cc(CN(C2=CC(=O)c3ccccc3C2=O)c2ccc(Cl)cc2Cl)nn1)c1ccccc1,0.9743,0.053342
N/C(=N\C(=O)CCCCCCC(=O)/N=C(\N)NCCCc1c[nH]cn1)NCCCc1c[nH]cn1,0.6254,0.044803
O=C1C(Cl)=C(Nc2ccc(Cl)c(Cl)c2)C(=O)c2[nH]c(-c3ccncc3)nc21,0.1976,0.04481
CCc1ccc2nc(O)c(CN(Cc3ccc4c(c3)OCO4)C(=O)c3ccco3)cc2c1,0.9547,0.044994
COc1ccc2sc(CNc3nncc(-c4c(C)cccc4O)n3)nc2c1,0.9611,0.053759
O=C(/C=C/c1ccc(O)cc1)Nc1cccc(Cl)c1,0.9985,0.050348
NC(=O)c1ccc(CC(=O)N2CC[C@](c3ccc(C(OCc4c(F)cccc4F)(C(F)(F)F)C(F)(F)F)cc3)(S(=O)(=O)c3ccc(F)cc3)C2)cc1,0.0673,0.055449
CN1CCCN(c2nc(-c3ccncc3)cnc2N)CC1,0.9933,0.071684
O=C(N1CCc2c([nH]c3ccccc23)C1)C(O)(c1ccccc1)c1ccccc1,0.9447,0.087391
Cc1ccc(C(=O)c2sc3cc(O)ccc3c2Oc2ccc(/C=C/C(=O)O)cc2)c(C)c1,0.9921,0.086942
Cc1ccc2cccc(Oc3ncnc4scc(-c5ccc(Cl)cc5)c34)c2n1,0.9896,0.090568
O=C(Nc1cccc(S(=O)(=O)N2CCOCC2)c1)C1=NN(c2ccccc2)C(=O)CC1,0.9978,0.072386
CCC(C)NC(=O)C1c2ccccc2Oc2ccccc21,0.9756,0.091497
CO[C@H](C)c1cn(C2=NCC(=O)N3CCc4c(ccc(F)c4C4CC4)C3=C2)cn1,0.6955,0.059486
COC(=O)C(Cc1ccccc1)NC(=O)c1cccc(S(=O)(=O)N(C)C)c1,0.9915,0.043524
CCCCCCCCCCCCCC[N+](C)(C)CCN(C)CC[N+](C)(C)CCCCCCCCCCCCCC,0.0037,0.065377
Cc1ccc2c(c1)cc(CN(Cc1cccnc1)C(=O)NCc1ccccc1)c1nnnn12,0.9958,0.077104
C[C@@H]1CN(Cc2c[nH]nc2-c2ccc3c(c2)C(C)(C)NC(=O)O3)CCN1c1ccc(C(F)(F)F)cn1,0.676,0.062994
C[C@H](CO)N1C[C@H](C)[C@@H](CN(C)C(=O)NC2CCCCC2)Oc2ccc(NC(=O)c3ccncc3)cc2C1=O,0.0497,0.046509
CNC(=O)[C@H](Cc1ccc(OC)cc1)NC(=O)[C@H](CC(C)C)[C@@H](S)CC(=O)OC(C)(C)C,0.9154,0.080871
C[C@H]([C@H](O)/C=C/C(C)(C)O)[C@H]1CC[C@@]2(C)C3=CC[C@H]4C(C)(C)[C@@H](O)CC[C@]4(C)C3=CC[C@]12C,0.0033,0.05104
O=C(O)c1cn2c3c(c(N4CCN(CC(F)(F)F)CC4)c(F)cc3c1=O)SCC2,0.971,0.053879
CC(=O)Nc1ccccc1N(CC(O)Cn1c2ccccc2c2ccccc21)S(=O)(=O)c1ccc(C)cc1,0.9703,0.054712
Cn1ccnc1CCC1CCCCN1Cc1nccn1C,0.9924,0.060385
CC1(C)CC2(OC(=O)N(Cc3ccc(NS(C)(=O)=O)cc3)C2=N)c2ccccc2O1,0.1545,0.045537
CCN(c1ccccc1)S(=O)(=O)c1cccc(C(=O)NCC(c2ccco2)N2CCCCC2)c1,0.9872,0.044558
O=C(Nc1ccc(CN2CCN(S(=O)(=O)c3cccc(Cl)c3)CC2)cc1)c1cccs1,0.9993,0.053896
O=C(O)CSc1nnc(COc2ccc([N+](=O)[O-])cc2)n1-c1ccccc1,0.9965,0.050834
CC(CCc1cccc(OCc2ccc3ccccc3n2)c1)Cc1nnn[nH]1,0.9834,0.040305
CC(C)C[C@H](CO)Nc1nc(S[C@@H](C)c2cc(Cl)ccn2)nc2[nH]c(=O)sc12,0.9327,0.049841
O=C(O)C1=Cc2cc(Cl)c(OCC3CCCC3)c(Cl)c2OC1C(F)(F)F,0.9663,0.059083
CC[P+](Cc1ccc(C(=O)c2ccc(C[P+](CC)(c3ccccc3)c3ccccc3)cc2)cc1)(c1ccccc1)c1ccccc1,0.9611,0.047428
CC(C)C[C@H](NC(=O)Cc1cccc(F)c1)C(=O)N[C@@H](CC1CCCCC1)[C@@H](O)C(=O)Cc1ccccc1,0.0346,0.062065
c1c[nH]c(SCCc2c[nH]c3ccccc23)c1,0.9894,0.058561
N=C(N)NCCC[C@H](NC[C@H](Cc1ccccc1)NC(=O)[C@@H]1CCCN1)C(=O)O,0.9391,0.049765
O=C(NC12CC3CC(CC(C3)C1)C2)N[C@H]1CC[C@H](Oc2ccc(C(F)(F)F)cn2)CC1,0.9893,0.055942
COc1cc(-c2cccc(OC)c2F)cc(OC)c1O,0.9927,0.067418
Cc1ccc(C)c(NC(=O)CSc2nnc(CNc3c(C)cccc3C)n2-c2ccccc2)c1,0.9933,0.049264
NCc1c(O)c(Cl)cc(Cl)c1F,0.9951,0.046321
O=C(NCCN1CCC(c2noc3cc(Cl)ccc23)CC1)c1nsc2ccccc12,0.9952,0.053849
C[C@H](NC(=O)CNC(=O)Nc1ccc(C(=N)N)c(F)c1)c1cccc(Br)c1,0.9956,0.046123
COc1ccc(NC(=O)NO)c(OC)c1,0.9975,0.049494
CC(=O)c1cccc(OCCCC(=O)N(C)Cc2cccc(O)c2)c1,0.9895,0.053997
C/C(=C\COP(=O)(O)OP(=O)(O)O)CCCCCCCOCc1ccccc1,0.8371,0.062708
COc1ccc(-n2c(Cc3cccn3C)nnc2SCC(=O)Nc2ccc(F)cc2F)cc1,0.9936,0.062729
Cc1cncc(C2C(C#N)=C(N)Oc3c2ccc2[nH]ccc32)c1,0.4384,0.062556
COc1cccc(CC2(CO)CCN(C(=O)NCCc3ccccc3)CC2)c1,0.9937,0.053767
COc1ccc(Nc2ncnc3c2C(c2cccc(O)c2)c2c(c(=O)oc4ccccc24)O3)cc1,0.5759,0.058351
COc1ccc2[nH]c3c(c2c1)CCC1c2ccccc2C31O,0.8096,0.058231
Oc1noc2cc(CCc3nn[nH]n3)ccc12,0.9853,0.053866
OC(CN1CCC(c2nnc(-c3ccc(Cl)cc3)o2)CC1)(Cn1cncn1)c1ccc(F)cc1F,0.9493,0.053944
COc1ccc2c(c1)C(=O)N(c1ccc(N3CCOCC3=O)cc1)CN2C(=O)Cc1ccc(Cl)c(Cl)c1,0.9034,0.053839
Cc1cccc(C)c1N1CC2(C(=O)Nc3cc(C(F)(F)F)cc(C(F)(F)F)c3)C[C@@H](F)CC2C1=O,0.3794,0.053965
CCc1ccc(OCCCON2C(=N)N=C(N)NC2(C)C)cc1,0.7577,0.058318
CNc1ncc2cc(-c3cccc(C(=O)Nc4cccc(C(F)(F)F)c4)c3)ccc2n1,0.9982,0.071752
Nc1nc2ncc(CNc3ccc(C(=O)N[C@@H](CCC(=O)NCCCCCCC(=O)Nc4cc(-c5cccs5)ccc4N)C(=O)O)cc3)nc2c(=O)[nH]1,0.9396,0.053995
Cn1cc(-c2cnc(N)c(NCc3c(Cl)cccc3Cl)n2)cn1,0.9866,0.062495
Cc1cccc(/C=N\Nc2nnc(-c3ccccc3)c(O)n2)c1,0.9899,0.07254
CN(C)C(=O)[C@H]1C[C@@H]1c1ccc(-c2ncn([11CH3])c2Sc2ccc(Cl)cn2)cc1,0.9664,0.067946
COc1cccc(-c2nc(C[S+]([O-])CC(=O)NCCc3ccccc3)c(C)o2)c1,0.39,0.065904
Nc1nc(-c2ccccc2)cn1/N=C/c1ccnc2ccccc12,0.9749,0.061425
CCCCCCCCCCCCC(O)C1CCC(C(O)CCCCCCC(O)CCCCCCCC2=CC(C)OC2=O)O1,0.0119,0.12868
CNC(=Nc1ccccc1)SC1CC(=O)N(c2cccc(OC)c2)C1=O,0.5358,0.122576
COc1ccc(CCNC(=O)c2ccccc2NS(=O)(=O)c2cc(C(=O)O)ccc2OC)cc1,0.9914,0.099456
NCCSC(c1ccccc1)(c1ccccc1)c1ccc2ccccc2c1,0.982,0.066468
Clc1ccc(CN2C3=NCCCN3c3ccccc32)cc1Cl,0.9479,0.067513
Oc1nc2c3c(ccc2[nH]1)CCC(CNCc1ccccc1)O3,0.9754,0.161052
COc1ccc(S(=O)(=O)N2CCN(Cc3ccccc3OC)CC2)cc1,0.9987,0.081903
Cc1ccc(CN2CCN(Cc3cc(C)n[nH]3)CC2CCO)cc1,0.9946,0.050411
O=C1NC(=O)/C(=C/c2cn(-c3ccccc3)nc2-c2ccccc2)S1,0.9898,0.088568
CC(=O)Nc1ccc(Nc2nccc(-c3ccc(Oc4ccccc4N)cc3)n2)cc1,0.9948,0.054927
O=C([C@H](Cc1ccc(Cl)cc1Cl)NC(=O)C1(c2ccc(Cl)cc2Cl)CC1)N1CCNCC1,0.9889,0.107589
CCCN(C)c1ncc(-c2ccc(OCC)cc2)cc1C(=O)c1ccc(F)cc1,0.9942,0.059554
CCn1ccc2c(OCC(=O)Nc3ccc(C(C)=O)cc3)cccc2c1=O,0.9948,0.076864
Cc1cc(N2CCC(NS(C)(=O)=O)CC2)nc(C(C)C)n1,0.993,0.055757
Cc1cc(C)n(CC(=O)Nc2ccc3c(c2)OCO3)c(=O)c1C#N,0.9936,0.085136
OC(COc1cccc(CNC2CCOCC2)c1)CN1CCc2ccccc2C1,0.9945,0.092578
Cc1nc(-c2ccccc2)sc1C1(C)CC(c2ccc([N+](=O)[O-])cc2)=NO1,0.9508,0.083396
CC(C)(C)c1cc(O)cc(-c2ccc(C(=O)NCc3ccccc3)cc2)c1,0.9856,0.073574
CN(C)CCCC1(c2ccc(F)cc2)OCc2cc(C(=O)NNC(=O)c3cccc([N+](=O)[O-])c3)ccc21,0.8694,0.074055
O=C(O)c1cn(C2CC2)c2cc(N3CCN(C4OC(CO)C(O)C(O)C4O)CC3)c(F)cc2c1=O,0.2883,0.071595
CC(C)Oc1cccc(C(=O)NC2=NCCS2)c1,0.997,0.100083
O=C(c1ccc2[nH]ccc2c1)N1CCCSCC1CN1CCCC1,0.9942,0.066066
COc1cc(-c2ccc(F)c(F)c2)c(F)cc1-n1c(=O)cnc2cc(S(=O)(=O)Nc3ccon3)ccc21,0.88,0.103288
O=S(=O)(O)CI,0.9837,0.083762
COc1ccc(Cc2ccc3c(ccn3C)c2)c(OC)c1OC,0.9814,0.092068
CNC(=O)c1ccc(NC(=O)c2n[nH]c3ccccc23)cc1,0.9981,0.100533
Cc1ccc2c(c1)CC[C@@H]1[C@@H]2CCC(=O)N1C,0.8361,0.069415
Cc1ccc(NC(=O)Cn2c(=O)n(Cc3ccc4c(c3)OCO4)c(=O)c3ccccc32)c(C)c1,0.9895,0.059623
Cc1cc(C)c2cc(C(=O)NC3CCCCCCC3)[nH]c2c1,0.9908,0.053974
O=C(c1cccc(F)c1Cl)C1CCN(c2nc3cnccc3nc2NC2CC2)CC1,0.9829,0.059897
Nc1nc(N)c(C(CCc2ccccc2)C[N+](=O)[O-])c(=O)[nH]1,0.8264,0.057574
CCCn1c(N)c(C(=O)CSc2nnc(C3CC3)n2Cc2ccccc2)c(=O)n(C)c1=O,0.9951,0.047924
Cc1cc(OCCCc2c(C(=O)Nc3cccc(C(=O)O)c3)[nH]c3c(-c4c(C)nn(C)c4C)c(Cl)ccc23)cc(C)c1Cl,0.8951,0.072877
CC(C)CN1C(=O)c2ccc(NC(=O)c3cccs3)cc2C1=O,0.9979,0.083153
N#Cc1nc(C2SCCCS2)oc1N,0.8951,0.064828
O=S1(=O)C2CC3OC2(CN1Cc1ccc(C(F)(F)F)cc1)C1OC31,0.0488,0.058398
CC(=O)O[C@@]12COC1C[C@H](O)[C@@]1(C)C(=O)[C@H](O)C3=C(C)[C@@H](OC(=O)[C@H](O)Cc4ccccc4)C[C@@](O)([C@@H](OC(=O)c4ccccc4)[C@@H]12)C3(C)C,0.0033,0.091684
Fc1ccc(-n2ncc(-c3nc(-c4cc(F)ccc4F)no3)c2-c2ccccc2)cc1,0.9108,0.058542
CC[C@@H](CN(C)S(=O)(=O)C1CC1)N1C(=O)[C@](C)(CCC(=O)O)C[C@H](c2cccc(Cl)c2)[C@H]1c1ccc(Cl)cc1,0.0064,0.06972
O=C(Nc1ccc(F)cc1)c1ccc(CNc2nc(NC3CC3)nc3ccccc23)cc1,0.9907,0.077744
CCCCOC(=O)/C(C#N)=C1\SCC(=O)N1c1ccccc1F,0.3013,0.070048
O=c1c(-c2nnn[nH]2)coc2ccc(CO)cc12,0.9672,0.045903
Cc1sc2nc(CCN)nc(N(CCN(C)C)CC3CCCO3)c2c1C,0.9576,0.056503
O=C(O)c1ccccc1C(=O)c1ccc(Sc2ccc(Cl)cc2)c([N+](=O)[O-])c1,0.9972,0.063474
CN1C(=O)C(/C=N\Nc2ccc([N+](=O)[O-])cc2[N+](=O)[O-])C(=O)N(C)C1=O,0.8604,0.052963
O=C(O)[C@H]1CCCC[C@H]1C(=O)Nc1ccc(S(=O)(=O)N2CCOCC2)cc1,0.9916,0.082026
CC(=O)N(c1ccc(N2CCN(C)CC2)cc1)c1ncc2cc(C#N)c(=O)n(C3CCCC3)c2n1,0.8988,0.068982
O=C(Nc1cccc2cccnc12)c1cccc(N2C(=O)CCC2=O)c1,0.9854,0.065004
C[C@@H]1Cc2ccccc2N1C(=O)CN1CCN(Cc2ccc(Cl)cc2)CC1,0.9949,0.075508
COC(=O)c1cc(/C(=C\CCc2nnn(C)n2)c2cccc(C#N)c2)cc(C)c1OC,0.1442,0.063461
COc1ccc(-c2cn(CCO)nc2-c2ccc(OC)cc2)cc1,0.9923,0.079665
C/C(=N\NC(N)=O)C1CC(Cc2ccccc2)C(=O)O1,0.433,0.084853
CCOc1c(C)c(C)c2c(c1C)C=CC1(CCCCC1)N2,0.8971,0.08399
O=c1c2c(nc3ccccn13)CCCCCC2,0.9608,0.06347
COc1cc2c(cc1OC1CCCC1)CN(C(=O)c1ccc(OC(F)(F)F)cc1)C(C(=O)O)C2,0.9395,0.080521
Cc1nonc1CC(=O)NC1CC(C)(C)Cc2c1cnn2-c1ccc(F)cc1,0.9766,0.068511
CCN1CCc2c(c(O)c(OC)c3c2ccc2cc(O)c(OC)cc23)C1,0.0713,0.049977
CC1CCC2=C(C1)c1c(O)cc(C(C)C(C)CCc3ccc(F)cc3)cc1OC2(C)C,0.0239,0.061588
O=C(NCc1ccc(Cl)cc1Cl)N1CCC(O)(c2ccccc2)CC1,0.9923,0.087953
Nc1ccccc1-c1nnc(C(=O)NCCCn2ccnc2)o1,0.994,0.036992
O=C(c1ncc(Cl)cc1-n1nccn1)N1C2CCC1C(COc1ccc(F)cn1)C2,0.9865,0.091962
CC1(C)CC=C(c2cc(C(C)(C)CN3CC4OC(C)(C)OC4C3)ccc2NC(=O)c2nc(C#N)c[nH]2)CC1,0.3705,0.091955
CC1=CC(=C(C#N)c2nc3ccccc3s2)C=C(C)N1CC1CCCO1,0.9496,0.056023
COC(=O)c1cc(OCC(=O)NC2CCCc3ccccc32)cc(C(=O)OC)c1,0.9869,0.067987
CCCOc1c(OCCCn2ccnc2)cc([C@@H]2CC[C@@H](c3cc(OC)c(OC)c(OC)c3)O2)cc1S(=O)(=O)CC(C)=O,0.1456,0.089084
COc1ccccc1-c1cnccc1NS(=O)(=O)C(F)(F)F,0.9897,0.056843
Clc1ccc2c(NCCCN(CCc3ccccc3)Cc3ncc[nH]3)ccnc2c1,0.9894,0.054068
CCCNC(=O)c1cc(CN(C)C)c(O)c(C(C)(C)C)c1,0.9938,0.07638
C=CCC(=O)N[C@@H](Cc1ccc(Cl)cc1)C(=O)N[C@@H](Cc1ccccc1)C(=O)N[C@@H](CCCNC(=N)N)C(=O)N[C@@H](Cc1c[nH]c2ccccc12)C(N)=O,0.8755,0.083868
Cc1cccc2nc(-c3ccc(C(=O)N/N=C/c4ccccc4O)cc3)[nH]c12,0.997,0.080838
COC(=O)c1cn(CCOc2ccccc2OC)c2ccccc12,0.9958,0.068148
CCCc1cn2c(/C=N/N=C(N)N)c(-c3c(OC)ccc(OC)c3[N+](=O)[O-])nc2s1,0.9277,0.035547
Oc1c(Cc2ccc(Br)cc2)ccc2ccccc12,0.9947,0.075042
Cc1cc(C(=O)NCCN2CCOCC2)[nH]c1/C=C1\C(=O)N(C)c2ncnc(Nc3ccc(F)c(Cl)c3)c21,0.4569,0.08562
Cc1ccc(S(=O)(=O)N2CCCC[C@@H]2C(=O)Nc2nc(-c3ccc4occc4c3)cs2)cc1,0.9881,0.124132
CC(C)(C)C#Cc1nc(N)c2ncn([C@@H]3O[C@H](COS(=O)(=O)NC(=O)CCCC[C@@H]4SC[C@@H]5NC(=O)N[C@@H]54)[C@@H](O)[C@H]3O)c2n1,0.3207,0.090593
COc1ccc(-c2noc3cnc(N[C@@H](C)c4ccccc4)cc23)cc1OC,0.9377,0.058137
COc1ccc(C2NC(=O)c3ccccc3O2)c(OC)c1OC,0.9146,0.058462
CC1(C)[C@@H](O[C@H]2O[C@H](C(=O)O)[C@@H](O)[C@H](O)[C@H]2O[C@@H]2O[C@H](CO)[C@@H](O)[C@H](O)[C@H]2O)CC[C@]2(C)[C@H]3C(=O)C=C4[C@@H]5C[C@@](C)(C(=O)O)CC[C@]5(C)CC[C@@]4(C)[C@]3(C)CC[C@@H]12,0.0939,0.08107
CC(=O)O[C@@H]1CC[C@@]2(C)[C@@H]3CC[C@](C)(O)CC=C3CC[C@@H]2C1(C)C,0.1248,0.080328
O=C1[C@@H](CCO)[C@@H](c2ccccc2)N1c1ccccc1,0.5759,0.054032
O=C(Nc1ccc(OC(F)(F)F)cc1)c1ccc(N2CC[C@@H](O)C2)c(-c2cccnc2)c1,0.998,0.076466
CC(C)/C=N\n1c(N)c(C#N)c(C#N)c1C(C)C,0.8571,0.083731
Cc1sc(N)c(C(=O)c2cc(C)c3cc(Cl)ccc3c2)c1C,0.9899,0.065853
Cc1cc(-c2n[nH]c3ccc(C(=O)N[C@@H]4CCC[C@@](O)(Cn5ncccc5=O)C4)cc23)ccn1,0.923,0.071814
Cc1nc(COCC2CNCc3nccn3C2)cs1,0.956,0.080734
Cc1[se]c(/C=C2\C(=O)Nc3cc(-c4ccccc4O)ccc32)cc1C(=O)NCCN1CCCCO1,0.9107,0.098702
OC[C@H]1OC(n2c(O)nc3cc(Cl)c(Cl)cc32)[C@H](O)[C@@H]1O,0.7893,0.063487
Cc1cc(O)nc(N/N=C/c2cccs2)n1,0.9919,0.068054
CCOc1ncc(CCC(C)CC)nc1C,0.9677,0.08984
Oc1ccc(CCc2ccc(O)c(O)c2)cc1O,0.9896,0.06981
O=C1NC[C@H](CCCCN2C[C@H](Cc3ccccc3)N(CCC3CCCCC3)C(=O)C2=O)N(CCC2CCCCC2)C1=O,0.0425,0.07702
CCC(=O)NCC(CO)c1cccc2ccc(OC)cc12,0.9931,0.082004
Cc1cccc2c1nc(-c1ccc3ccccc3c1)n2Cc1c(F)cccc1F,0.9873,0.0636
CCN(C[C@H]1N[C@@](C)(C(=O)OC)[C@H]2C(=O)N(C)C(=O)[C@@H]12)C(=O)COC,0.0489,0.041858
c1ccc2c(c1)NC1SCCCN21,0.9569,0.07134
CCCCN=C(S)NNC(=O)c1cc(-c2ccncc2)nc2ccccc12,0.9655,0.065009
Cc1ccc(S(=O)(=O)N(C)C[C@@H]2Oc3c(NC(=O)Nc4ccccc4)cccc3C(=O)N([C@H](C)CO)C[C@H]2C)cc1,0.0754,0.073294
COCCn1c(=O)c(-c2ccc(Cl)cc2)nc2cncnc21,0.9869,0.050278
COCCc1noc(-c2cn(CCc3ccccc3)nn2)n1,0.9937,0.031485
O=[N+]([O-])c1ccc(NCc2ccc(O)c(O)c2)cc1,0.9981,0.057166
COC[C@H]1O[C@@H](OCc2ccc3ccccc3c2)[C@H](NC(=O)CCN)[C@@H](OCc2ccc3ccccc3c2)[C@@H]1O,0.7535,0.053855
CC1(C)CCC(CN2CCN(c3ccc(C(=O)NS(=O)(=O)c4ccc(OCC5CCOCC5)c([N+](=O)[O-])c4)c(Oc4cnc(N)c(Cl)c4)c3)CC2)=C(c2ccc(Cl)cc2)C1,0.7332,0.08088
CCNC(=O)c1oc2nc(-c3ccccc3)cc(C(F)(F)F)c2c1N,0.9854,0.076376
Cc1cc([C@](C)(N)C(=O)O)ccc1P(=O)(O)O,0.9361,0.067419
O=C(NC(c1ccccc1)c1c(O)ccc2ccccc12)c1ccccc1Cl,0.9831,0.058495
O=C(CCNC(=O)C1CCN(S(=O)(=O)c2ccc(F)cc2)CC1)NCc1ccc(F)cc1,0.9991,0.080894
[O-][S+](CCC(F)=C(F)F)c1nccs1,0.8043,0.059349
COc1ccc(-n2nc(C(=O)Nc3ccc(C(C)=O)cc3)nc2-c2ccccc2)cc1,0.9469,0.067245
CCCc1cc2c(cc1Cl)N(C(=O)Nc1cccnc1)CC2,0.9968,0.060774
CC(C)[C@H](NC(=O)CNC(=O)[C@H](CO)NC(=O)c1ccccc1N)C(=O)N[C@@H](CS)C(=O)N[C@@H](Cc1ccc(O)c([N+](=O)[O-])c1)C(N)=O,0.994,0.063696
O=C(COC(=O)CCCOc1ccc(Cl)cc1Cl)Nc1cccc(Cl)c1,0.9993,0.059412
C=CC[C@H](NC(=O)[C@H](Cc1ccccc1)NS(=O)(=O)N1CCOCC1)C(=O)N[C@@H](CC1CCCCC1)[C@@H](O)C[C@H](O)C(C)C,0.0583,0.101026
CC(C)C12CN3CC(C(C)C)(CN(C1)C3(C)C)C2=O,0.1426,0.060481
c1ccc(Nc2ncncc2-c2ccoc2)cc1,0.9673,0.082987
NS(=O)(=O)c1ccc(CCNC(=O)Cc2ccc(S(=O)(=O)N3CCCC3)s2)cc1,0.9982,0.09902
COC[C@@H]1C[C@@H](OC)CN1S(=O)(=O)c1ccc2c(c1)C(=O)C(=O)N2,0.5606,0.110985
COC1=C(C)C(=O)C2=C(C1=O)[C@H]1[C@@H]3CC4=C(C(=O)C(OC)=C(C)C4=O)[C@H](COC(=O)/C=C/c4c(F)c(F)c(F)c(F)c4F)N3[C@@H](C#N)[C@H](C2)N1C,0.0164,0.055966
CC(=O)Nc1ccc(C(=O)/C=C/c2ccc(O)c(O)c2)cc1,0.9978,0.041982
C[C@@H]1CN([C@@H](CN(c2ccc(Oc3ccc(C(F)(F)F)cc3)cc2)S(C)(=O)=O)C(=O)NO)C[C@H](C)O1,0.9724,0.060923
CN(C)CCn1c2c(c(SCC(=O)Nc3cccc(C(F)(F)F)c3)nc1=O)CCCC2,0.9956,0.047992
O=C1C[C@H](S(=O)(=O)O)c2ccccc2C1=O,0.5095,0.040877
NS(=O)(=O)c1ccc(NC(=O)c2ccc(/N=C3\C(=O)Nc4ccc(Br)cc43)cc2)cc1,0.9503,0.084092
COc1c(OC[C@H](O)CN2CCCC2)ccc2c1N=C(NC(=O)c1cncs1)N1CCN=C21,0.9586,0.093996
O=C(Nc1ccc(OC(F)(F)F)cc1)c1ccc(Cl)c(-c2cccnc2)c1,0.9985,0.117444
CCCCCCCC1=CC(=O)C=C(OC)C1=O,0.9079,0.091059
O=C(NCC(c1cccnc1)N1CCc2ccccc2C1)c1ccc(F)c(F)c1,0.9978,0.082134
Nc1nc(N)c2cc(NCc3ccc(CCNC(=O)c4ccc([N+](=O)[O-])cc4)cc3)ccc2n1,0.9881,0.096778
O=S(=O)(O)OC[C@@H]1CNC[C@H](OCc2ccc3ccccc3c2)[C@H]1c1ccc(OCCCOCc2ccccc2)cc1,0.0235,0.080972
COc1ccc(Cn2ncc(NC(=O)c3cc(NC(=O)c4ccc(-c5cc(C(F)(F)F)ccc5Cl)o4)ccc3C)c2N)cc1,0.6362,0.071973
C/C=C/c1ccc2c(c1)[C@H]1[C@H](CCN1S(=O)(=O)c1ccccc1C)[C@@H](CO)N2,0.0935,0.080994
NS(=O)(=O)c1cc(C(=O)NCCCO)c(NCc2ccccc2)cc1Cl,0.995,0.07498
CN[C@@H](C)C(=O)N[C@H]1CCC[C@H]2C[C@H]3CCN(CCc4ccccc4F)C[C@H]3N2C1=O,0.0359,0.085994
Fc1cccc(Cl)c1CNn1cnnc1S,0.9959,0.07798
CC(C)=CCC/C(C)=C/CC/C(C)=C/C(=O)OC/C=C/c1ccccc1,0.8995,0.053987
O=S(=O)(NCc1ccccc1)c1ccccc1NCc1ccc(Cl)cc1,0.9917,0.037004
CC(=O)Nc1ccc(CN2CCOC3(C2)CC(C)(C)Oc2ccccc23)cc1,0.9907,0.055955
FC(F)(F)c1ccccc1C1CCN(Cc2[nH]nc3ccccc23)CC1,0.9693,0.053994
COCCNc1nc(C)nc2c1nc(-c1ccccc1)n2CC1CCN(C)CC1,0.936,0.055
CCCC(=O)N1CCN(c2ccc(NC(=O)c3ccc([N+](=O)[O-])o3)cc2)CC1,0.9995,0.048543
C=C(C=O)[C@@H]1CC[C@]2(C(=O)OC)CC[C@]3(C)[C@H](CC[C@@H]4[C@@](C)(CC#N)[C@H](C(C)(C)C(=O)CBr)CC[C@]43C)[C@@H]12,0.0092,0.080658
O=C(O)c1cnc2c(cnn2-c2ccccc2)c1Nc1cccc([N+](=O)[O-])c1,0.9877,0.033711
Nc1nc(Cl)c2ncn([C@H]3CCC[C@H]3CO)c2n1,0.8908,0.066101
CN(C(=O)Nc1nncs1)C1CCN(c2ccccc2Cl)C1=O,0.9848,0.066466
CN(C)c1ccc(-c2cncnc2NCc2ccccc2)cc1,0.9951,0.049461
O=C(Nc1ccc(Cc2ccc(NC(=O)[C@@H]3CCCN3C(=O)Cc3ccccc3)cc2)cc1)[C@@H]1CCCN1C(=O)Cc1ccccc1,0.9876,0.069948
C[C@H]1C(=O)O[C@@H]([C@](C)(O)[C@H]2CC[C@@]3(O)[C@@H]4CC=C5CC=CC(=O)[C@]5(C)[C@H]4CC[C@]23C)[C@@H](O)[C@@H]1CO,0.002,0.06514
CCN(CC)c1ccc(NC(=O)c2c(-c3ccccc3-c3ccccc3)noc2C)cc1,0.9946,0.056429
c1ccc(Cc2nsc(C3CN4CCC3CC4)n2)cc1,0.8886,0.054337
CN1CCN(c2nc(Oc3ccc(C#N)cn3)nc(-c3ccc(N4C(=O)CSC4c4ccccc4)cc3)n2)CC1,0.9687,0.078896
Oc1ccc(CCNc2ncnc3ccccc23)cc1,0.9937,0.082933
CC(=O)OC1CC2C(C)(C)C(O)CCC2(C)C2CC[C@]3(C)C(=CC(=O)OC3c3ccoc3)C12C,0.0019,0.052432
CC1CN([C@H]2CC[C@H](n3cc(C(N)=O)c(Nc4ccc(S(=O)(=O)C(F)(F)F)cc4)n3)[C@@H](C#N)C2)C1,0.6649,0.070938
COc1cccc(-c2nc(Nc3ccc(C#N)cc3)c3cc([N+](=O)[O-])ccc3n2)c1,0.9666,0.078435
CCCN1C(=O)CCc2cc(-n3cnnc3)ccc21,0.9798,0.092426
C=C1c2ccccc2C(=O)c2c1c1c(C(=O)OC)c(O)ccc1n2Cc1ccccc1,0.9339,0.072438
CCOC(=O)CC1=NC(C)=C(C#N)C(c2ccccc2C(F)(F)F)/C1=C(\O)OCC,0.2363,0.070993
CCn1nnc2c(N3CCOCC3)nc(-c3ccc(NC(=O)Nc4ccc(C(=O)NCCc5ccccn5)cc4)cc3)nc21,0.9942,0.058438
CC(C)c1sc(Cl)nc1C(=O)N1CCN(c2ccccc2)CC1,0.9987,0.060645
CC(C)(C)CNc1c(C#N)c(C(F)F)nn1-c1ccc(S(N)(=O)=O)cn1,0.8373,0.104001
Cc1ccc(Cn2c(SCC(=O)NCc3ccco3)nc3ccsc3c2=O)cc1,0.9959,0.106985
COc1cc(Nc2cncc(Oc3cccc(Cl)c3)n2)cc(OC)c1OC,0.9462,0.061409
O=C(Nc1cccc(C(F)(F)F)c1)c1csc(-c2ccncc2)n1,0.9988,0.065522
O=C(Nc1ccc(NC(=O)C2CC2)cn1)c1ccccc1,0.9693,0.056396
Cc1cccc(NC(=O)Nc2cccc(CNc3ncnc4c(C(N)=O)cccc34)c2)c1,0.9915,0.085264
O=C(CCC(F)(C(F)(F)F)C(F)(F)F)N1CCC(c2nc(-c3cccs3)no2)CC1,0.9974,0.09566
Cc1ccc(/C=N/NC(=O)CC(=O)NCc2cccnc2)cc1,0.9968,0.057019
COc1ccc(N2C(=O)/C(=C\c3ccco3)N=C2SCC(=O)N(C(C)C)C(C)C)cc1Cl,0.2348,0.080756
O=C(CSc1nc(-c2ccccc2)c(-c2ccccc2)o1)Nc1nnc(-c2ccccc2)s1,0.9795,0.089753
OCc1cc(C(O)CNCCc2ccc(Nc3cccc4ccccc34)cc2)ccc1O,0.9947,0.085289
CNC[C@H]1CC[C@H](Nc2c(C(=O)C3CC3)cnc3ccc(-c4cc(Cl)c(O)c(Cl)c4)cc23)CC1,0.9628,0.069754
COc1cc(C2C(N3C(=O)c4ccccc4C3=O)C(=O)N2c2cccc(C)c2)cc(OC)c1OC,0.1875,0.061445
CN1CCc2c(sc(NC(=O)C3CCCC3)c2C(N)=O)C1,0.996,0.061063
NCc1cccc(-c2ccccc2)c1,0.9964,0.065078
CCOC(=O)c1cc(-c2ccccc2)nc2nc(N(CC)CC)sc12,0.9919,0.070817
Cc1ccc(C)c(NC(=O)CSc2nc(=O)n(CCN3CCOCC3)c3c2CCCC3)c1,0.9736,0.067565
