smiles,solved,bb_coverage,num_leaves,num_purchasable,u,synscore,min_steps,min_route_depth,expansions,sec,status
CN(C)CCNc1c2c(nc3ccccc13)CCCC2O,1,1.0,5,5,0,1.0,4,3,10,1.28,ok
C#CCN(Cc1cc2c(=O)n(C)c(CN3CCN(CC)CC3)nc2cc1Cl)c1ccc(C(=O)NCc2cccnc2)cc1,1,1.0,8,8,0,1.0,7,5,65,2.58,ok
CCC(=O)NCC1(O)CCC(C(C)(C)C)CC1,1,1.0,1,1,0,1.0,,,0,0.0,ok
CN(C)C(=O)NCc1ccccc1-c1ccc(CN2C(=O)[C@H](NC(=O)C(C)(C)N)CCc3ccccc32)cc1,1,1.0,5,5,0,1.0,4,3,10,0.37,ok
O=C(c1ccc(NC2=NC3CS(=O)(=O)CC3S2)cc1)N1CCN(C(=O)c2ccco2)CC1,1,1.0,5,5,0,1.0,4,3,9,0.23,ok
CCOC(=O)Cc1oc2c(c1/C=C/c1ccccc1)C(=O)c1ccccc1C2=O,1,1.0,3,3,0,1.0,2,2,5,0.17,ok
CCSc1cc(C2C(C#N)=C(N)Oc3[nH]nc(C)c32)c(C)o1,1,1.0,5,5,0,1.0,3,3,7,0.08,ok
CCCCNC(=O)[C@H](C)C[C@H](O)[C@@H](N)C[C@H](Cc1ccc(OC)c(OCCCOC)c1)C(C)C,0,0.5385,13,7,6,8e-06,,,38,0.58,ok
O=C(O)c1cn(CCO)c2ccc(I)cc2c1=O,0,0.1111,9,1,8,0.0,,,9,0.07,ok
CC(C)(C(=O)Nc1nccs1)[C@H](c1ccccc1)c1ccc2c(cnn2-c2ccc(F)cc2)c1,1,1.0,4,4,0,1.0,3,2,5,0.14,ok
CCCOc1ccccc1-c1noc([C@@H]2CCN2C(=O)c2cc(C)ccc2-n2nccn2)n1,1,1.0,3,3,0,1.0,2,2,4,0.1,ok
C=C1CC[C@H](O)C/C1=C/C=C1\CCC[C@]2(C)[C@@H](C(C)(C)O)CC[C@@H]12,0,0.5,6,3,3,0.015625,,,28,0.48,ok
C=CCc1ccc(OC)c(-c2ccc(O)c(CC=C)c2)c1,1,1.0,2,2,0,1.0,1,1,1,0.04,ok
CC(C)c1nc(CN(C)C(=O)N[C@@H](CC(=O)O)C(=O)N[C@H](CC[C@H](Cc2ccccc2)NC(=O)OCc2cncs2)Cc2ccccc2)cs1,1,1.0,8,8,0,1.0,7,4,36,0.65,ok
CCCC[N+](CCCC)(CCCC)CCCC,1,1.0,3,3,0,1.0,2,2,2,0.03,ok
Cc1cc(CCC(=O)O)ccc1-c1nnc(-c2ccc(-c3cccs3)c(C#N)c2)s1,1,1.0,7,7,0,1.0,6,4,25,0.62,ok
CN1CC2c3ccccc3Oc3ccc(Cl)cc3C2C1,0,0.0,3,0,3,0.015625,,,5,0.08,ok
CCCCCOc1cc(O)c2c(c1CC=C(C)C)OC(c1ccc(O)cc1)CC2=O,1,1.0,5,5,0,1.0,3,3,11,0.23,ok
CN1c2nc(-c3ccccc3)cnc2C(NCCN)=NS1(=O)=O,0,0.25,4,1,3,0.015625,,,40,0.47,ok
Cn1c(=O)c2c(cc(N3CCC[C@@](C)(N)C3)n2Cc2cc(F)ccc2Cl)n(CCCO)c1=O,1,1.0,7,7,0,1.0,6,5,37,0.42,ok
CC(C)(C)CN1CCC2(CC1)CN(c1ccccc1Nc1nnc(-c3cc(Cl)cc(Cl)c3)s1)c1c(O)ccc(Cl)c12,1,1.0,8,8,0,1.0,7,5,88,1.73,ok
CCC(=O)N[C@H]1[C@H](O)[C@@H](O)[C@@H](O[C@@H]([C@H](N)[C@H](O)CO)[C@@H](O)CN)O[C@@H]1CO,0,0.75,16,12,4,0.0016,,,106,1.45,ok
CCCN1C[C@@H](c2ccccc2)N(C2CCN(C(C)CCNC(=O)c3c(C)cc(Cl)nc3C)CC2)C1=O,1,1.0,5,5,0,1.0,4,3,18,0.43,ok
O=C([C@@H]1Cc2ccccc2CN1C(=O)CCCCc1ccccc1)N1CCCC1,1,1.0,2,2,0,1.0,1,1,1,0.1,ok
Cc1nc(-c2noc3c(F)c4c(cc23)CC2(C(=O)NC(=O)NC2=O)[C@H]2[C@H](C)O[C@H](C)CN42)co1,0,0.5385,13,7,6,8e-06,,,127,2.57,ok
c1ccc(COc2ncccc2-c2nnc(Nc3ccc4c(c3)OCCO4)o2)nc1,1,1.0,4,4,0,1.0,3,2,5,0.16,ok
CN1CCN(CCCCNc2cc3cccc4ccc5cccc2c5c43)CC1,0,0.25,8,2,6,8e-06,,,33,0.53,ok
COC(=O)[C@@H]1c2ccoc2C[C@H]2[C@H]1[C@@H](OC(C)=O)[C@H](O)[C@H]1[C@](C)(COC(C)=O)CCC[C@]21C,0,0.4,5,2,3,0.015625,,,10,0.29,ok
Cc1cncc(-c2cc3c(cn2)cnn3-c2ccc(=O)n([C@H]3CCCNC3)n2)n1,1,1.0,5,5,0,1.0,4,3,11,0.28,ok
Cc1noc(C)c1COc1ccc(S(=O)(=O)N(CC(C)C)c2ccc(Cl)cc2)cc1,0,0.7143,7,5,2,0.111111,,,23,0.16,ok
O=c1ccc2c3c(cc[n+]2Cc2c(F)cccc2F)c2ccccc2n13,1,1.0,2,2,0,1.0,1,1,1,0.02,ok
CC(C)C(NC(=O)/C=C/c1cccc([N+](=O)[O-])c1)C(C)C,1,1.0,2,2,0,1.0,1,1,1,0.04,ok
CC(Nc1nc2ccccc2n(C2CCN(C3CCCCCCC3)CC2)c1=O)C(=O)O,0,0.5,8,4,4,0.0016,,,22,0.21,ok
CCn1cc(NC(=O)c2nc(C3CC3)cnc2Nc2cncnc2)c(C(=O)NC)n1,1,1.0,4,4,0,1.0,3,3,15,0.32,ok
COc1cc(OC)c2c(c1Cl)O[C@@]1(C=C([S+]([O-])c3ccccc3)C(=O)C[C@H]1C)C2=O,0,0.0,3,0,3,0.015625,,,19,0.33,ok
CC(C)(C)c1ccc(S(=O)(=O)N2CCC3=Cc4c(cnn4-c4ccc(F)cc4)C[C@]3(COCCN3CCCCC3)C2)cc1,0,0.6364,11,7,4,0.0016,,,76,1.62,ok
Cc1ccc2nc3[nH]nc(N)c3nc2c1,1,1.0,3,3,0,1.0,2,2,4,0.05,ok
CCOC(=O)/C=C/c1cc(C(=O)c2ccc(F)cc2)cn1C,1,1.0,2,2,0,1.0,1,1,1,0.04,ok
CC(Sc1nc(N)cc(O)n1)C(=O)NNC(=O)c1cccc(Cl)c1,0,0.4,10,4,6,8e-06,,,27,0.13,ok
COc1ccc(N2CCN(C(=O)n3nnc4ccccc43)CC2)cc1,1,1.0,2,2,0,1.0,1,1,1,0.04,ok
O=C(O)CCC[C@H]1NC[C@@H]2CCC[N+]3([O-])CCC[C@H]1[C@H]23,0,0.2414,29,7,22,0.0,,,120,0.87,ok
C[C@@H](Nc1nc(NCC(N)=O)nc(-c2cccc(C(F)(F)F)n2)n1)C1CC1,1,1.0,4,4,0,1.0,3,3,10,0.26,ok
O=C(Nc1ccc(-c2cccc3c2CNC3=O)cc1)Nc1cc(C(F)(F)F)ccc1F,1,1.0,2,2,0,1.0,1,1,1,0.07,ok
COc1ccc(C#Cc2ccc3c(c2)[C@H]2[C@H](CCN2Cc2nccs2)[C@@H](CO)N3)cc1,0,0.6,10,6,4,0.0016,,,73,1.15,ok
COc1ccc(-n2nc(C(=O)CCCO)cc2-c2ccc(S(C)(=O)=O)cc2)cc1,1,1.0,4,4,0,1.0,3,3,11,0.24,ok
O=C(COC(=O)c1ccc(Cl)c(S(=O)(=O)N2CCOCC2)c1)NCc1ccco1,1,1.0,5,5,0,1.0,4,3,12,0.23,ok
O=C(NCc1ccc(Cl)cc1)c1ccc2c(c1)NC(=O)C(CS(=O)(=O)Cc1ccccc1Cl)N2,1,1.0,6,6,0,1.0,5,3,18,0.48,ok
C/C=C1/[C@H](O)C[C@H]2[C@@H]3CCC4C[C@@H](N5CCCCC5)CC[C@]4(C)[C@H]3CC[C@]12C,0,0.5714,14,8,6,8e-06,,,98,3.45,ok
CCCN1CCC2Cc3c(O)cccc3C[C@H]21,0,0.7778,9,7,2,0.111111,,,106,0.83,ok
CCN(CC)C(C)/C=C\c1cc(F)ccc1S(=O)(=O)Nc1ccc2c(c1C(=O)O)CCCC2,0,0.625,16,10,6,8e-06,,,110,0.84,ok
C[C@H]1CN(CCCc2ccsc2)CC[C@@]1(C)c1cccc(O)c1,1,1.0,2,2,0,1.0,1,1,1,0.08,ok
Cc1ccc(NC(=O)c2sc3nc(-c4ccncc4)ccc3c2N)cc1,1,1.0,4,4,0,1.0,3,3,11,0.21,ok
CC(=O)Nc1cc(F)c(C(=O)O)cc1NC(=O)c1ccccc1,1,1.0,3,3,0,1.0,2,2,4,0.1,ok
C/C(=C\CC[C@]1(C)CC[C@@H]([C@@H](C)C(=O)O)OO1)CCC12OC1(C)CCCC2(C)C,0,0.6667,12,8,4,0.0016,,,94,1.28,ok
COc1ccc(C(=O)NC(CC(=O)O)c2ccc(C(C)(C)C)cc2)cc1,0,0.5,4,2,2,0.111111,,,14,0.08,ok
CN(Cc1ccc(-c2ccccc2S(N)(=O)=O)cc1)C(=O)CCC(=O)NCc1cccc(OC(F)(F)F)c1,1,1.0,4,4,0,1.0,3,2,5,0.16,ok
COc1ccc(C(CNCCc2ccc(C)cc2)N2CCN(c3ccccc3)CC2)cc1,1,1.0,4,4,0,1.0,2,2,4,0.14,ok
Cc1nn(CC(=O)NC(=O)NC2CCCC(C)C2C)c(=O)c(C#N)c1C,0,0.7143,7,5,2,0.111111,,,19,0.16,ok
COc1ccc(C2C(c3ccc(OC)c(OC)c3)[C@H](C(=O)NCCCC/N=C(\N)NCC=C(C)C)[C@@H]2C(=O)NCCCC/N=C(\N)NCC=C(C)C)cc1OC,1,1.0,10,10,0,1.0,9,4,37,1.44,ok
O=C(NCc1ccccc1)C1=C[C@H](c2ccc(C(F)(F)F)cc2)C[C@H](OCc2ccc(CO)cc2)O1,1,1.0,5,5,0,1.0,4,3,15,0.39,ok
CN1C(=O)NC(=O)C12Cc1ccc(NC(=O)CN(Cc3ccccc3F)C(=O)C(C)(C)C)cc1C2,0,0.5556,9,5,4,0.0016,,,81,1.39,ok
Cc1cnn(C2CN(CC(=O)NCCOc3ccccc3)C2)c1,1,1.0,2,2,0,1.0,1,1,1,0.04,ok
O=C(CSc1nc2ccc(Nc3nc(N4CCCCC4)nc(N4CCCCC4)n3)cc2s1)Nc1ccccc1,1,1.0,4,4,0,1.0,3,2,9,0.31,ok
COc1ccccc1CN1CCC(CNC(=O)c2cnn(-c3ccc(C)c(C)c3)c2C2CCN(C(=O)OC(C)(C)C)CC2)CC1,1,1.0,5,5,0,1.0,4,4,46,0.81,ok
CN(C)CCN1C(=O)c2cccc3cc4c(O)cccc4c(c23)C1=O,0,0.1333,30,4,26,0.0,,,49,0.56,ok
COc1ccc(-c2csc(NC(=O)[C@H]3CCCCN3S(=O)(=O)c3ccccc3Cl)n2)cc1,0,0.6667,6,4,2,0.111111,,,31,0.25,ok
O=C1Nc2cc([N+](=O)[O-])ccc2/C1=C(/Nc1ccc(CN2CCCCC2)cc1)c1ccccc1,1,1.0,3,3,0,1.0,2,2,6,0.19,ok
CC(C)[C@H](NC(=O)[C@@H](N)CNC(=O)c1cc(O)ccc1O)C(=O)N[C@@H](CC1CCCCC1)C(=O)NC(C)(C)Cc1ccc(I)cc1I,0,0.7778,9,7,2,0.111111,,,39,0.81,ok
Nc1nc(NCCNc2ncc(-c3ncc[nH]3)c(-c3ccc(Br)cc3F)n2)ccc1[N+](=O)[O-],1,1.0,4,4,0,1.0,3,3,13,0.41,ok
COc1ccc2[nH]cc(C3=CCCN(C)C3)c2c1,1,1.0,2,2,0,1.0,1,1,1,0.03,ok
CN(C)c1ccc(/C=C/c2sc3ccccc3[n+]2Cc2cccc(Oc3ccccc3)c2)cc1,1,1.0,4,4,0,1.0,3,2,11,0.27,ok
NS(=O)(=O)c1ccc(Nc2nc(-c3cc4ccccc4oc3=O)cs2)cc1,1,1.0,2,2,0,1.0,1,1,1,0.04,ok
CC1(C)N([O])C(c2ccc(C(=O)[O-])cc2)=[N+]([O-])C1(C)C,0,0.4444,9,4,5,0.000129,,,34,0.16,ok
CC(=O)NC[C@H]1CN(c2ccc(-c3ccc(Cn4ccnn4)cc3)c(F)c2)C(=O)O1,1,1.0,10,10,0,1.0,7,4,21,0.36,ok
Cc1c(S(=O)(=O)Nc2cccc(CCN3CCCCC3CCN3CCCC3)c2)sc2ccc(Cl)cc12,1,1.0,9,9,0,1.0,8,4,55,0.86,ok
CCOc1ccc(-c2c(C)nn3c(C)c(C(=O)Nc4ccccc4C(=O)OC)cnc23)cc1OCC,1,1.0,9,9,0,1.0,6,4,33,0.59,ok
Cc1cc(C)cc(C(=O)N[C@H](Cc2ccc(-c3ccc(CN(C)C)o3)cc2)C(=O)N[C@@H](Cc2c[nH]c3ccccc23)C(=O)O)c1,0,0.4,5,2,3,0.015625,,,16,0.7,ok
CC(OC(=O)Nc1cccc(Cl)c1)C(=O)O,0,0.25,8,2,6,8e-06,,,19,0.05,ok
O=C(/C=C/c1ccc(F)cc1)c1ccc([N+](=O)[O-])cc1,1,1.0,2,2,0,1.0,1,1,1,0.04,ok
COCO[C@@H](c1ccccc1)[C@@H](CN1CCOCC1)c1ccccc1,1,1.0,3,3,0,1.0,2,2,6,0.21,ok
COc1ccc(OC)c(S(=O)(=O)N/N=C\c2ccc3c(c2)OCO3)c1,1,1.0,2,2,0,1.0,1,1,1,0.04,ok
C[N+](C)(C)CCSP1(=O)OCCCO1,1,1.0,4,4,0,1.0,2,2,4,0.05,ok
CC1(c2ccc(Oc3ccccc3)cc2)OC(=O)N(Nc2ccc(C(F)(F)F)cc2)C1=O,1,1.0,9,9,0,1.0,7,4,41,0.45,ok
Cc1cccc(Nc2nc(-c3ccccn3)cs2)n1,1,1.0,2,2,0,1.0,1,1,1,0.03,ok
CCCCC(NC(=O)[C@@H](Cc1c(C)[nH]c2ccccc12)NC(=O)C(CC(C)C)NC(=O)N1[C@H](C)CCC[C@@H]1C)C(=O)O,0,0.6667,12,8,4,0.0016,,,46,0.51,ok
COc1ccc(C(=O)O)cc1CCCn1cnc2c1NC=NCC2O,0,0.9,10,9,1,0.5,,,41,0.33,ok
Oc1ccc(Cl)cc1Cn1c(O)nc2ccncc21,1,1.0,2,2,0,1.0,1,1,1,0.02,ok
COc1ccc(/C=C/C(=O)CC(=O)/C=C/c2ccc(O)cc2)cc1,1,1.0,3,3,0,1.0,2,2,4,0.11,ok
COc1cc([C@@H](C(=O)N2CCCC[C@H]2C(=O)N[C@@H](CC(C)C)C(N)=O)C2CCCCC2)cc(OC)c1OC,1,1.0,5,5,0,1.0,4,3,12,0.29,ok
CC(C)CC(Br)C(=O)Nc1nnc(C(F)(F)F)s1,1,1.0,3,3,0,1.0,2,2,4,0.03,ok
CCN(CC)CCCOC(=O)C(C)(c1ccccc1)C1CCCCC1,0,0.6,5,3,2,0.111111,,,17,0.12,ok
C=C(C)[C@@H]1CC[C@]2(C(=O)O)CC[C@]3(C)[C@H](CC[C@@H]4[C@@]5(C)CC[C@H](OCc6cn(-c7ccc8c(c7)OCO8)nn6)C(C)(C)[C@@H]5CC[C@]43C)[C@@H]12,0,0.4667,15,7,8,0.0,,,54,0.56,ok
CC[C@@](C)(O)[C@H]1C[C@@]23C=C[C@]1(OC)[C@@H]1Oc4c(OC)ccc5c4[C@@]12CCN(CC1CC1)[C@@H]3C5,0,0.1429,7,1,6,8e-06,,,31,0.66,ok
O=C(NCCNCC(O)COc1ccc(OCCOC2CCCC2)cc1)Nc1ccccc1C(F)(F)F,1,1.0,6,6,0,1.0,5,4,29,0.45,ok
Cc1nc2c(c(C)c1CC(=O)NCc1cccc(C#N)c1)c(=O)[nH]n2C,1,1.0,2,2,0,1.0,1,1,1,0.04,ok
COc1ccc(NC(=O)CCNS(=O)(=O)c2ccc3c(c2)CCN3C(=O)C2CC2)cc1Cl,1,1.0,4,4,0,1.0,3,3,8,0.15,ok
Cc1ccc(-n2nc(C)cc2NC(=O)COc2cc(C)cc3oc(=O)c4c(c23)CCC4)cc1,1,1.0,3,3,0,1.0,2,2,4,0.09,ok
N=C(N)c1ccc2oc(/C=C/C=C/C=C/c3cc4cc(C(=N)N)ccc4o3)cc2c1,0,0.6364,11,7,4,0.0016,,,58,0.67,ok
Nc1c(C(=O)c2ccccc2)cnn1-c1ccccc1F,1,1.0,2,2,0,1.0,1,1,1,0.03,ok
C(=C/Cc1cc2ccc(C3=NCCN3)cc2[nH]1)\Cc1cc2ccc(C3=NCCN3)cc2[nH]1,0,0.0984,61,6,55,0.0,,,49,0.52,ok
CCOC(=O)[C@H](CCc1ccccc1)N[C@@H](C)C(=O)N1CCC[C@H]1C(=O)O,1,1.0,3,3,0,1.0,2,2,4,0.09,ok
CC1(CCCCCCc2ccccc2)C(=O)N(c2ccc(Cl)cc2)N(c2ccc(Cl)cc2)C1=O,1,1.0,6,6,0,1.0,4,2,6,0.16,ok
CC(N)C(=O)c1ccco1,0,0.5,2,1,1,0.5,,,14,0.04,ok
N=C(N)c1ccc(NC(=O)[C@H](NS(=O)(=O)c2ccc(C(F)(F)F)cc2)C2CCCCC2)cc1,1,1.0,4,4,0,1.0,3,3,13,0.18,ok
CC1CCN(C(c2ccc(C(F)(F)F)nc2)c2ccc(C(C)C(=O)O)cc2-c2ccc(C(F)(F)F)cc2)CC1,1,1.0,6,6,0,1.0,5,5,58,0.78,ok
C=C(C)[C@@H]1CC[C@]2(C(=O)OCCCBr)CC[C@]3(C)[C@H](CC[C@@H]4[C@@]5(C)CCC(=O)C(C)(C)[C@@H]5CC[C@]43C)[C@@H]12,0,0.5714,7,4,3,0.015625,,,20,0.43,ok
Cc1nc(N)sc1-c1csc(Nc2cc(N(C)C)ccc2Cl)n1,0,0.6,5,3,2,0.111111,,,12,0.09,ok
CC(C)(COc1ccc(-c2ccc(-c3ncc(C(C)(C)C(F)(F)F)[nH]3)cn2)cc1)C(=O)O,1,1.0,6,6,0,1.0,5,3,12,0.25,ok
C[n+]1ccc(Nc2ccc(NC(=O)c3ccc(N)cc3[N+](=O)[O-])cc2)cc1,1,1.0,3,3,0,1.0,2,2,5,0.11,ok
Cc1ccccc1NC(=O)CSc1nnc2ccc(-c3ccccn3)nn12,1,1.0,2,2,0,1.0,1,1,1,0.04,ok
CCCCCNC(=O)CC[C@H](NS(=O)(=O)c1ccc(-c2ccccc2)cc1)C(=O)O,1,1.0,4,4,0,1.0,3,3,13,0.22,ok
COc1ccc(C(=O)CSc2cc(C)nc(O)n2)cc1,1,1.0,2,2,0,1.0,1,1,1,0.03,ok
Cc1cc(C)cc(Nc2cnn(C34CC5CC(CC(CC(=O)O)(C5)C3)C4)c(=O)c2Cl)c1,1,1.0,5,5,0,1.0,4,3,10,0.28,ok
O=C(CCCCc1cc(C(=O)NO)no1)Nc1nc(-c2ccccc2)cs1,1,1.0,6,6,0,1.0,5,5,20,0.21,ok
O=C(c1ccoc1)N(Cc1cccnc1)C1CC1,1,1.0,1,1,0,1.0,,,0,0.0,ok
CN1CCN(c2ccc(N/C=C3\C(=O)NC(=O)c4ccc(-c5ccccc5)cc43)cc2)CC1,1,1.0,4,4,0,1.0,3,2,5,0.17,ok
O=C(CSCC(=O)N1CCOCC1)Nc1nc(-c2ccccc2)cs1,1,1.0,3,3,0,1.0,2,2,4,0.08,ok
O=c1[nH]c(=O)n([C@H]2C[C@H](O)[C@@H](CO)O2)cc1-c1cn(-c2cc(F)cc(F)c2)nn1,1,1.0,4,4,0,1.0,3,3,11,0.21,ok
CCOC(=O)C1CCN(CCC(=O)Nc2ccc(C)c(C)c2)CC1,1,1.0,2,2,0,1.0,1,1,1,0.05,ok
COc1ccccc1N1CCC2(CCN(CCCSc3nnc(-c4ccccc4)n3C)CC2)CC1,1,1.0,4,4,0,1.0,3,2,7,2.57,ok
Cc1cccc(NC(=O)c2nn(C)c(-c3ccccc3)c2C)n1,1,1.0,3,3,0,1.0,2,2,4,0.12,ok
O=S(=O)(Nc1nc2ccccc2nc1Cl)c1ccc(F)cc1,1,1.0,2,2,0,1.0,1,1,1,0.03,ok
Fc1ccc(-c2cc(-c3nc4ncccc4[nH]3)c3ccccc3n2)cc1,1,1.0,4,4,0,1.0,3,3,10,0.26,ok
Cc1ccc(-c2cc(Cc3ccncc3)c(O)nn2)cc1,0,0.8333,6,5,1,0.5,,,17,0.19,ok
O=[N+]([O-])c1ccc2[nH]c3c(c2c1)CCCC3NCc1ccccc1,1,1.0,2,2,0,1.0,1,1,1,0.03,ok
CC1N=CN(Nc2cccc(Cl)c2)C1c1cccc(C#N)c1,1,1.0,5,5,0,1.0,3,2,4,0.08,ok
COc1ccc(CNC(=O)C2CCCN2C(=O)Nc2cccc(Cl)c2)cc1,1,1.0,4,4,0,1.0,3,3,12,2.12,ok
C[C@]12CC[C@H](c3ccc(O)cc3F)C[C@@H]1CC[C@@H]2O,0,0.1875,16,3,13,0.0,,,86,0.64,ok
NC(=O)CC[C@H](NC(=O)CNC(=O)c1ccc2c(c1)C(=O)C(=O)c1ccccc1-2)C(=O)N1CCC[C@H]1C(=O)N[C@@H](CCC(=O)O)C(=O)NCC(=O)O,1,1.0,7,7,0,1.0,6,3,19,0.73,ok
Cc1c2c(=O)n(-c3nc4ccccc4s3)n(Cc3ccccn3)c2cc(=O)n1CC1CCOC1,0,0.6667,9,6,3,0.015625,,,53,0.33,ok
CCCC/C=C/C(=O)N[C@@H](Cc1cc(F)cc(F)c1)C(=O)N[C@H]1CNC(=O)[C@@H]2C[C@@H](C)CN2C(=O)[C@H](C)NC(=O)[C@@H]2CCCCN2C(=O)[C@@H]2CCCN2C1=O,0,0.8571,14,12,2,0.111111,,,113,3.61,ok
Cc1noc([C@H]2C[C@H]3CN(C(=O)Cc4ccsc4)CC[C@H]3O2)n1,0,0.7273,11,8,3,0.015625,,,35,0.35,ok
CCOC(=O)C1CCN(C(=O)c2c(-c3c(Cl)cccc3Cl)noc2C)CC1,1,1.0,2,2,0,1.0,1,1,1,0.04,ok
CC1=N/C(=C/c2ccc(F)cc2)C(=O)N1c1ccc(/C(C)=N/NC(N)=S)cc1,1,1.0,4,4,0,1.0,3,2,6,0.17,ok
COCCN(c1sc2ccccc2c1Br)S(=O)(=O)c1ccc(C(=O)O)cc1,1,1.0,5,5,0,1.0,4,4,26,0.19,ok
COc1cc(C(=O)N2CCCC(C(=O)N3CCN(c4ncccn4)CC3)C2)cc(OC)c1OC,1,1.0,5,5,0,1.0,4,4,13,0.24,ok
O=C(O)[C@@H]1NCC=C[C@@H]1O,1,1.0,4,4,0,1.0,3,2,6,0.07,ok
CC(=O)Nc1nc(=O)c2[nH]cnc2[nH]1,1,1.0,1,1,0,1.0,,,0,0.0,ok
COc1ccc(/C=N/N2CCOCC2)cc1COc1ccc(F)cc1,1,1.0,3,3,0,1.0,2,2,5,0.16,ok
Cc1ccc2c(c1)-c1nc(N)nc(-c3ccco3)c1C2,1,1.0,3,3,0,1.0,1,1,1,0.04,ok
CCCCCC(O)(Cn1cncn1)c1ccc(Cl)cc1Cl,0,0.4286,7,3,4,0.0016,,,34,0.13,ok
NS(=O)(=O)c1cccc(N2CCNCC2)c1,1,1.0,1,1,0,1.0,,,0,0.0,ok
COc1ccc(-c2nc3cc(NC(=O)COc4ccccc4C)ccc3o2)cc1,1,1.0,2,2,0,1.0,1,1,1,0.04,ok
CCN(CC)C(=O)COc1c(CNCCCNC(=O)C2=CC(C)(C)NC2(C)C)cccc1OC,1,1.0,4,4,0,1.0,3,2,6,0.14,ok
Cc1oc(-c2ccccc2)nc1CCOc1ccc(CCC(=O)O)c(CNC(=O)NCc2ccccc2)c1,1,1.0,4,4,0,1.0,3,3,8,0.21,ok
CN(C)C(=N)c1ccc2cc(-c3cnc(-c4cc5ccc(C(=N)N(C)C)cc5[nH]4)s3)[nH]c2c1,0,0.0,6,0,6,8e-06,,,17,0.52,ok
Fc1cccc(N2CCCC3(C2)CN(c2cnccn2)CCO3)c1,0,0.875,8,7,1,0.5,,,34,0.46,ok
CC[C@H]1OC(=O)[C@H](C)C(=O)[C@H](C)[C@@H](O[C@@H]2O[C@H](C)C[C@H](N(C)C)[C@H]2O)[C@](C)(OC)C[C@@H](C)/C(=N\OC[C@@H](N)C(=O)[O-])[C@H](C)[C@@H](O)[C@]1(C)O,0,0.1111,9,1,8,0.0,,,54,1.22,ok
NC1CCN(c2c(F)cc3c(=O)c(C(=O)O)cn(-c4ccc(F)cc4F)c3c2F)C1,0,0.4545,11,5,6,8e-06,,,39,0.25,ok
O=[N+]([O-])c1cc(CSc2nnc(CCCCCN3CCCCC3)o2)cc([N+](=O)[O-])c1,1,1.0,4,4,0,1.0,3,3,11,0.16,ok
FC(F)(F)c1cc(NC(=S)OCCc2ccccn2)ccc1Cl,1,1.0,3,3,0,1.0,2,2,4,0.07,ok
CCOC(=O)CN(c1ccccn1)S(=O)(=O)c1ccc(OC)cc1,1,1.0,3,3,0,1.0,2,2,4,0.07,ok
COc1ccc2c(c1)[C@@]1(C)CCC[C@@](C)(C(=O)O)[C@@H]1CC2,0,0.2222,9,2,7,0.0,,,20,0.11,ok
Nc1cc(OCCN2c3ccccc3C=Cc3ccccc32)nc(N)n1,1,1.0,4,4,0,1.0,3,2,5,0.12,ok
Oc1ccc(CSc2cc3ccccc3[n+](CCCCCC3CCCCC3)c2)cc1,1,1.0,4,4,0,1.0,3,3,10,0.26,ok
Cc1cc(N2CCN(C)CC2)nc2ccccc12,1,1.0,1,1,0,1.0,,,0,0.0,ok
O=c1c2ccccc2nc2n1C(CSc1ccc(F)cc1)CS2,1,1.0,5,5,0,1.0,4,3,14,0.2,ok
COc1ccc(CCNc2cc(C)nc3c(-c4ccccc4)c(C)nn23)cc1OC,0,0.7,10,7,3,0.015625,,,40,0.45,ok
CC1CCC(NC(=O)C2CCN(c3cnccn3)CC2)CC1,1,1.0,2,2,0,1.0,1,1,1,0.03,ok
COc1cccc2c1CCCC2NCCN1CCN(c2ccccc2)CC1,1,1.0,2,2,0,1.0,1,1,1,0.05,ok
CCN(CCCCCCOc1ccc(/C=C/c2cc(OC)cc(OC)c2)cc1)Cc1ccc(F)cc1,1,1.0,4,4,0,1.0,3,3,17,0.41,ok
CCCCCc1nc2ccccc2c(O)c1C(=O)OCC,1,1.0,2,2,0,1.0,1,1,1,0.02,ok
c1ccc2c(c1)[nH]c1c[n+](CCCCCCCCC[n+]3ccc4c(c3)[nH]c3ccccc34)ccc12,1,1.0,4,4,0,1.0,3,3,10,0.2,ok
O=C(Cc1c[nH]c2ccccc12)NNC(=S)Nc1cccnc1,1,1.0,2,2,0,1.0,1,1,1,0.05,ok
O=C1NC(=O)C(c2ccc(Oc3ccccc3)cc2)(N2CCCN(C(=O)Cc3ccc(Cl)cc3)CC2)C(=O)N1,1,1.0,5,5,0,1.0,4,4,22,0.5,ok
COc1ccc(Br)c2oc(SC)cc(=O)c12,0,0.0,3,0,3,0.015625,,,6,0.07,ok
O=C(O)CCC(NC(=O)Oc1ccc(N(CCCl)CCCl)cc1)C(=O)O,0,0.6,5,3,2,0.111111,,,19,0.19,ok
COc1cc2[nH]c(C(=O)c3cnn(-c4ccc5[nH]c(C)nc5c4)c3N)cc2cc1Cl,1,1.0,4,4,0,1.0,3,3,6,0.13,ok
NC1CC1c1cccc(OCC[C@H](NC(=O)c2ccccc2)C(=O)NCc2ccccc2)c1,1,1.0,5,5,0,1.0,4,3,7,0.18,ok
O=C(COC(=O)[C@@H]1CCCN1C(=O)c1cccs1)NCCc1ccccc1,1,1.0,3,3,0,1.0,2,2,3,0.09,ok
C[C@@H](O[C@H]1CN2C(=O)C(N)C[C@H]2[C@@H]1c1ccc(F)cc1)c1cc(C(F)(F)F)cc(C(F)(F)F)c1,0,0.2727,22,6,16,0.0,,,95,0.86,ok
Cc1noc(NS(=O)(=O)c2ccc(NC(=O)/C(C#N)=C/c3ccco3)cc2)c1C,1,1.0,4,4,0,1.0,3,2,5,0.11,ok
Cc1nc(O)nc(O)c1N1CCOCC1,1,1.0,1,1,0,1.0,,,0,0.0,ok
COc1ccc(S(=O)(=O)N2CCc3ccc(Cl)cc32)cc1C(=O)O,0,0.6,5,3,2,0.111111,,,27,0.17,ok
CC[C@@]1(OC(=O)CN/C(CCOCC2CC(C)(C)N([O])C(C)(C)C2)=N/S(=O)(=O)c2ccc(C)cc2)C(=O)OCc2c1cc1n(c2=O)Cc2cc3ccccc3nc2-1,0,0.5385,13,7,6,8e-06,,,101,1.45,ok
CC(C)=CCC/C(C)=C/CO/N=C1/C[C@@H](O)[C@@H](O)[C@@H]2[C@@H]3C(=O)N(Cc4ccccc4)C(=O)[C@H]3CC[C@@H]12,0,0.5,16,8,8,0.0,,,107,1.53,ok
CC(C)C[C@H](NC(=O)OCc1ccccc1)C(=O)N[C@@H](Cc1ccccc1)C(=O)N[C@H](/C=C/C(=O)N1CCCC1=O)CCC(N)=O,1,1.0,6,6,0,1.0,5,3,18,0.55,ok
CCN(CCO)Cc1ccn2c(-c3ccnc([C@@H](C)c4ccccc4)n3)c(-c3ccc(F)cc3)nc2c1,1,1.0,7,7,0,1.0,6,4,47,1.15,ok
CC(C)n1cc(C(=O)c2cncc(NC(=O)Cc3cccc(CN4CCC4)c3)c2)c2cncnc21,1,1.0,6,6,0,1.0,5,3,16,0.33,ok
CC(C)N1CC(CNC(=O)c2cc3ccccc3n2Cc2cc(-c3ccc(Cl)s3)on2)C1,1,1.0,4,4,0,1.0,3,3,15,0.35,ok
CN(C)CCC(/C=C/c1ccccc1)=N\Nc1ccccc1,0,0.5,6,3,3,0.015625,,,18,1.86,ok
COc1ccc(N2CCN(C(=O)C(NC(=O)c3c(F)cccc3F)C(C)C)CC2)cc1,1,1.0,3,3,0,1.0,2,2,3,0.09,ok
Cc1ccc([C@H]2N[C@]3(CCCN(Cc4ccccc4)C3=O)[C@H]3C(=O)N(C)C(=O)[C@@H]23)cc1,1,1.0,4,4,0,1.0,2,2,4,0.11,ok
Cc1cc(-c2ccc3c4c([nH]c3c2F)-c2ccc(C3=NCCN3)cc2CC4)ccc1F,0,0.1765,17,3,14,0.0,,,58,0.73,ok
CCCOCCc1cc(-c2ccc(S(C)(=O)=O)cc2)n(-c2cccc(F)c2)c1C,1,1.0,5,5,0,1.0,4,3,14,0.3,ok
O=C(CN1CCCC(c2ncc[nH]2)C1)NCCCN1CCCCCC1=O,1,1.0,4,4,0,1.0,3,3,15,0.32,ok
O=C(/C=C/c1cn(S(=O)(=O)c2ccc([N+](=O)[O-])cc2)c2ccccc12)c1ccncc1,0,0.6667,6,4,2,0.111111,,,29,0.24,ok
CCCCN1CCC2(C1)OC(OC)Cc1ccccc12,1,1.0,12,12,0,1.0,11,5,65,0.96,ok
O=P(O)(O)C(F)(F)c1ccc(COCCOCc2ccc(C(F)(F)P(=O)(O)O)cc2)cc1,1,1.0,5,5,0,1.0,4,2,6,0.09,ok
COC(=O)C1=CO[C@H](O[C@@H]2O[C@H](CO)[C@@H](O)[C@H](O)[C@H]2O)[C@H]2[C@@H]1C=C[C@@]21C=C(C(=O)c2ccc(O)cc2)C(=O)O1,0,0.25,12,3,9,0.0,,,117,3.75,ok
CSc1ccc(Cc2nn(C)c(=O)c3ccccc23)cc1,1,1.0,2,2,0,1.0,1,1,1,0.04,ok
Cc1ccc2c(c1)/C(=C(\O)Nc1ncc(C)s1)C(=O)N(C)C2=O,0,0.8,5,4,1,0.5,,,43,0.3,ok
COc1ccc(-c2nc3scc(CCNC(=O)c4cc(OC)cc(OC)c4)n3n2)cc1,1,1.0,4,4,0,1.0,3,3,5,0.09,ok
CN(C)C(=O)N1CCC2(CC1)CN(CC1CC1)CC21CCNC1=O,0,0.3333,12,4,8,0.0,,,102,1.5,ok
O=S(=O)(CCl)Nc1ccc(Nc2c3ccccc3nc3ccccc23)cc1,1,1.0,3,3,0,1.0,2,2,4,0.1,ok
CCCCCCOc1cccc(CC2CN=C(N)N=C2N)c1,0,0.7,10,7,3,0.015625,,,47,0.37,ok
CCc1ccc(NC(=O)CSc2nnc[nH]2)cc1,1,1.0,2,2,0,1.0,1,1,1,0.02,ok
CC(=O)N1CCN(/N=C/c2c(Cl)nc3sccn23)C1=O,1,1.0,4,4,0,1.0,3,3,14,0.24,ok
Cc1c(CC(=O)O)c2cc(OC(=O)CCC(=O)OCc3ccccc3)ccc2n1C(CCCOc1ccccc1)c1ccc(Cl)cc1,1,1.0,5,5,0,1.0,4,4,20,0.43,ok
COC(=O)[C@H](NC(=O)[C@@H](N)CC(=O)O)[C@@H](C)O,1,1.0,2,2,0,1.0,1,1,1,0.02,ok
CC(C)[C@H]1NC(=O)[C@@H](Cc2cccc(Cl)c2)NCCOc2ccccc2CCCNC(=O)[C@H](CN)NC1=O,0,0.8462,13,11,2,0.111111,,,101,1.57,ok
O=C(CCN1CCN2Cc3ccccc3CC2C1)Nc1ccccc1Cl,0,0.1034,29,3,26,0.0,,,99,1.14,ok
COc1ccc(Nc2nc(C)nc3c(Cc4ccccc4)c[nH]c23)c(OC)c1,1,1.0,4,4,0,1.0,3,3,10,0.2,ok
Cc1cc(SC2=C(O)OC(CCc3ccc(O)cc3)(C3CC3)CC2=O)c(C(C)(C)C)cc1NS(=O)(=O)c1ccccc1,1,1.0,10,10,0,1.0,9,4,90,0.89,ok
Cc1c(CN(C)C(=O)/C=C/c2cnc3c(c2)NCCC(=O)N3)[nH]c2ccccc12,1,1.0,5,5,0,1.0,4,4,28,0.33,ok
Cc1cc(N2CCOCC2)nc(N2CCOCC2)c1C#N,1,1.0,3,3,0,1.0,2,2,4,0.1,ok
COC(=O)CSCc1nc2ccccc2nc1O,1,1.0,2,2,0,1.0,1,1,1,0.03,ok
CC(C)n1c2ccccc2c2cc([N+](=O)[O-])ccc21,1,1.0,2,2,0,1.0,1,1,1,0.02,ok
COc1cc2c(cc1-c1c(C)noc1C)[nH]c1nc(C)nc(Nc3nn(C)c4cccc(F)c34)c12,0,0.6364,11,7,4,0.0016,,,32,0.6,ok
C[C@H](CCCOS(=O)(=O)[O-])[C@H]1CC[C@H]2[C@@H]3CC[C@H]4C[C@H](OS(=O)(=O)[O-])[C@@H](OS(=O)(=O)[O-])C[C@]4(C)[C@H]3CC[C@]12C,0,0.0,18,0,18,0.0,,,29,0.72,ok
CC(C)[Si](OC1=C(C(=O)N(C)c2ccccc2Cl)CCCCC1)(C(C)C)C(C)C,0,0.0,8,0,8,0.0,,,41,0.25,ok
CCCOc1nn(CCC)cc1C(=O)N1CCN(c2ccccc2Cl)CC1,1,1.0,2,2,0,1.0,1,1,1,0.04,ok
CN(Cc1cccc(Cl)c1Cl)C(=O)CCNC(=O)c1ccco1,1,1.0,2,2,0,1.0,1,1,1,0.03,ok
COc1cc2c(cc1OC)C(=O)/C(=C\c1cn(-c3ccc(F)cc3)nc1-c1cc3ccccc3oc1=O)C2,1,1.0,4,4,0,1.0,3,3,16,0.34,ok
COc1cccc(CCOc2cc(C(=O)NCC3CCN(c4ccncc4)CC3)ccc2Cl)c1,1,1.0,3,3,0,1.0,2,2,4,0.14,ok
Cc1cc2cc3c(O)nc(O)nc3nc2cc1C,1,1.0,1,1,0,1.0,,,0,0.0,ok
COCCC1CCCCN1C(=O)c1ccc2nc(Cc3ccccc3F)oc2c1,1,1.0,5,5,0,1.0,4,3,13,0.25,ok
Oc1ccc(-c2cnc3c(O)nc(O)nc3n2)cc1,0,0.5,8,4,4,0.0016,,,48,0.23,ok
CO[C@@H]1[C@H](OP(=O)(O)OCCc2ccc(CCN(C)C(=O)[C@H]3[C@@H](C(=O)O)[C@@H]4CC[C@H]3O4)cc2)[C@@H](CO)O[C@H]1n1cnc2c(=O)[nH]c(N)nc21,0,0.4286,7,3,4,0.0016,,,22,0.53,ok
CC(=O)Nc1ccc(S(=O)(=O)Nc2cccn(Cc3ccc(C)cc3)c2=O)cc1,1,1.0,4,4,0,1.0,3,3,6,0.09,ok
C/C(N)=C(/C#N)C(=O)COC(=O)CNS(=O)(=O)c1ccc2ccccc2c1,1,1.0,5,5,0,1.0,4,3,20,0.16,ok
CCN(CC)CN1C(=O)C(=O)c2c(Cl)cccc21,0,0.6667,3,2,1,0.5,,,30,0.11,ok
COc1nc(NCc2ccccc2)nc([N+]23CC[N+](CCCl)(CC2)CC3)n1,1,1.0,4,4,0,1.0,3,3,20,0.47,ok
Cc1c(NC(=O)CSc2nc(C(C)(C)C)cs2)c(=O)n(-c2ccccc2)n1C,1,1.0,3,3,0,1.0,2,2,3,0.07,ok
O=C(COc1ccccc1)N(Cc1ccc(-c2ccc(CNC3Cc4ccccc4C3)cc2)cc1)C1CCNCC1,1,1.0,4,4,0,1.0,3,3,14,0.54,ok
Cc1ccc(Oc2ccc(C(=O)NC3CC(C)(C)NC(C)(C)C3)cc2)cc1,1,1.0,2,2,0,1.0,1,1,1,0.04,ok
O=C1Nc2ccccc2CN(CC2CC2)C12CCNC2,1,1.0,10,10,0,1.0,9,5,112,0.96,ok
CO[C@]1(C)C[C@H](c2ccc(O)cc2)c2c(c3ccccc3oc2=O)O1,0,0.3333,9,3,6,8e-06,,,50,0.42,ok
CC(C)S(=O)(=O)NC[C@H]1CC[C@H](NC(=O)CN2CCc3cc(F)ccc32)CC1,1,1.0,3,3,0,1.0,2,2,4,0.1,ok
CCN(CC)CCCNCc1nccc2c3ccccc3n(CCCc3ccccc3)c12,1,1.0,3,3,0,1.0,2,2,4,0.14,ok
COc1ccc2c(c1)c(CC(=O)Nc1ccc(NC(C)=O)cc1)c(C)n2C(=O)c1ccc(Cl)cc1,1,1.0,3,3,0,1.0,2,2,4,0.12,ok
COc1ccccc1C1C2=C(N=c3s/c(=C\c4cccc(OCC(=O)O)c4)c(=O)n31)c1ccccc1C(OC)C2,0,0.5714,7,4,3,0.015625,,,10,0.24,ok
CCC[C@@H](C(=O)O)c1c(C)nc2ccc(Cl)cc2c1-c1ccccc1,1,1.0,6,6,0,1.0,5,5,53,0.43,ok
O=C1OC2(CCN(Cc3ccccc3)CC2)Cc2ccccc21,1,1.0,3,3,0,1.0,2,2,6,0.23,ok
CC[C@H]1OC(=O)[C@H](C)[C@H]2OC/C(=N\Oc3ccccc3-c3ccccc3)CCO[C@](C)(C[C@@H](C)C(=O)[C@H](C)[C@H]3NC(=O)O[C@@]31C)[C@H](O[C@@H]1O[C@H](C)C[C@H](N(C)C)[C@H]1O)[C@H]2C,0,0.3846,13,5,8,0.0,,,73,3.72,ok
CCOCn1cc(C#N)c2c(N(C)C)ncnc21,1,1.0,2,2,0,1.0,1,1,1,0.02,ok
CC(=O)O[C@H]1CC[C@]2(C)[C@H]3CC[C@@H]4C5=C(C(C)C)C(=O)C[C@]5(C(=O)OCCN5CCCC5)CC[C@@]4(C)[C@]3(C)CC[C@H]2C1(C)C,0,0.3636,11,4,7,0.0,,,37,1.1,ok
Cc1nc2ccc(C(=O)NC(C)C)cc2n2c(-c3cc(F)ccc3Cl)nnc12,1,1.0,4,4,0,1.0,3,3,13,0.26,ok
COc1ccc(-c2nc3cc(C)c(C)cc3[nH]2)c(OC)c1OC,1,1.0,2,2,0,1.0,1,1,1,0.03,ok
CCc1ccc(/C=N/n2c(S)nnc2-c2cnccn2)cc1,1,1.0,2,2,0,1.0,1,1,1,0.03,ok
O=C(O)C(Br)C(Br)c1ccccc1[N+](=O)[O-],0,0.3333,3,1,2,0.111111,,,5,0.18,ok
Cc1ccc(C(=O)O)c(N)c1,1,1.0,1,1,0,1.0,,,0,0.0,ok
O=C(CSc1nc2ccc[nH]c-2n1)c1ccc(F)cc1,1,1.0,2,2,0,1.0,1,1,1,1.08,ok
O=C(Nc1ccc2c(c1)OCO2)C1CC1,1,1.0,1,1,0,1.0,,,0,0.0,ok
CN(C)Cc1ccc(CSCCNC(=O)NCCSCc2ccc(CN(C)C)o2)o1,1,1.0,3,3,0,1.0,2,2,5,0.15,ok
CC(=O)N1CCN(C(=O)Cc2ccc(Cl)c(Cl)c2)C(CN2CCCC2)C1,1,1.0,6,6,0,1.0,5,4,11,0.31,ok
CCCn1c(=O)c2nc(-c3ccc(OCC(=O)Nc4ccc(F)cc4)cc3)[nH]c2n(CCC)c1=O,1,1.0,5,5,0,1.0,4,4,14,0.29,ok
Cc1cccc2c1OCN(c1ccccc1)C2,1,1.0,3,3,0,1.0,2,2,4,0.07,ok
CN(/N=C/c1cccc2ccccc12)C(N)=S,1,1.0,2,2,0,1.0,1,1,1,0.02,ok
N#Cc1cc(S(=O)(=O)Nc2ccc(F)cn2)ccc1Oc1ccc(Cl)cc1-c1cn[nH]c1,1,1.0,4,4,0,1.0,3,2,6,0.19,ok
C=C(C)c1cnc([N+](=O)[O-])n1C,1,1.0,3,3,0,1.0,2,2,4,1.24,ok
Fc1cccc(CNC2=N[C@H](c3cccc(F)c3)[C@H](c3cccc(F)c3)N2)c1,0,0.6667,6,4,2,0.111111,,,58,0.74,ok
CC(C)C(=O)CC[C@]1(C)C2Cc3ccc(O)cc3[C@@]1(C)CCN2C,0,0.0,3,0,3,0.015625,,,12,0.23,ok
O=C(NCCN1CCCC1)c1cccnc1Oc1ccc(Nc2ccccn2)cc1,1,1.0,3,3,0,1.0,2,2,5,0.16,ok
c1ccc(Cc2nnc(CN3CCCC(Cn4cncn4)C3)o2)cc1,1,1.0,4,4,0,1.0,3,3,21,0.31,ok
O=C(O)c1noc(-c2ccccc2)c1-c1cccc(-c2cccc(O)c2)c1,1,1.0,6,6,0,1.0,5,4,30,0.49,ok
CCCCOc1ccc(C(=O)C2=C(O)C(=O)N(CCN(C)C)C2c2ccc(O)c(OC)c2)cc1,1,1.0,5,5,0,1.0,2,2,4,0.12,ok
Cc1nn(C)cc1CNC(=O)C1C2CCC(O2)C1C(=O)O,1,1.0,6,6,0,1.0,5,4,48,0.52,ok
COP1(=S)NCC(c2cc(Cl)cc(Cl)c2)O1,0,0.4286,7,3,4,0.0016,,,16,0.1,ok
CC(C)CC1C(=O)N(Cc2cn(Cc3ccco3)nn2)CCS(=O)(=O)N1Cc1ccc(-c2cccc(CO)c2)cc1,0,0.6154,13,8,5,0.000129,,,85,1.39,ok
O=C(CSc1ccc2nnc(-c3ccccc3)n2n1)N1CCN(c2ccccc2)CC1,1,1.0,2,2,0,1.0,1,1,1,0.04,ok
COc1ccc(N2C(=O)C(Cl)=C(N3CCOCC3)C2=O)cc1,1,1.0,3,3,0,1.0,2,2,6,0.13,ok
O=C(Cc1cc(Br)cc(Br)c1OC(=O)c1ccccc1Cl)Nc1ccncc1[N+](=O)[O-],0,0.6,5,3,2,0.111111,,,22,0.21,ok
COc1ccc(/C=N/NC(=O)c2cccc(C(=O)N/N=C/c3ccc(OC)c(OC)c3)n2)cc1OC,1,1.0,3,3,0,1.0,2,2,4,0.1,ok
N#Cc1ccc(C(=O)N[C@H]2C[C@@H]2c2ccccc2)cc1,1,1.0,2,2,0,1.0,1,1,1,0.03,ok
CN(C1(C(=O)O)CCCC1)S(=O)(=O)c1ccc2c(Cl)cnc(N=C(N)N)c2c1,0,0.7143,7,5,2,0.111111,,,30,0.26,ok
COc1ccc(/C=C2\CCC/C(=C\c3ccc(O)cc3)C2=O)cc1OC,1,1.0,3,3,0,1.0,2,2,3,0.09,ok
NNC[C@H](O)c1ccccc1,1,1.0,1,1,0,1.0,,,0,0.0,ok
O=C(NCCCCCCn1c(-c2ccccc2)c(-c2ccccc2)c2ccccc21)Oc1ccccc1,1,1.0,6,6,0,1.0,5,4,26,0.5,ok
C[C@@H]1CN(c2cc(-c3cc(Cl)c4c(N)ncnn34)ccc2C#N)C(=O)C(C)(C)O1,0,0.8571,14,12,2,0.111111,,,48,0.51,ok
CC(=O)N[C@@H]1[C@@H](OC(C)=O)[C@H](OC(C)=O)[C@@H](COC(C)=O)O[C@H]1SC(=S)N(C)C,0,0.8333,6,5,1,0.5,,,78,2.42,ok
CCCCC/C=C/C(=O)CCc1ccc(OC)c(OC)c1,1,1.0,3,3,0,1.0,2,2,4,0.12,ok
c1ccc2nc(COc3ccc4ncn(Cc5ccncc5)c4c3)ccc2c1,1,1.0,3,3,0,1.0,2,2,3,0.08,ok
CCCCc1c(-c2ccccc2OC)ncn1Cc1cccc(-c2ccccc2)c1,1,1.0,6,6,0,1.0,5,3,13,0.34,ok
CC[C@@H](NC(=O)[C@@H]1CNC[C@H](N2CC(=O)N(c3ccccc3Cl)CC2(C)C)C1)c1ccc(F)cc1,0,0.5556,9,5,4,0.0016,,,69,1.25,ok
Cc1ccc(S/C(=C/c2sccc2C)C(=O)c2ccc(Cl)cc2)cc1,1,1.0,3,3,0,1.0,2,2,4,0.1,ok
O=C(c1ccc(NS(=O)(=O)c2cccc3cccnc23)cc1)N1CC(O)(c2ccccc2)C1,1,1.0,3,3,0,1.0,2,2,5,0.12,ok
CCCCNC(=O)C[C@@H]1C[C@@]2(C(=O)OC)CCCCC=C2N(CCc2ccc(OC)c(OC)c2)C1=O,0,0.7273,11,8,3,0.015625,,,76,1.37,ok
COc1ccc2ccn(S(=O)(=O)c3ccc(Cl)c(NC4CCN(C)CC4)c3)c2c1,1,1.0,4,4,0,1.0,3,3,14,0.17,ok
CNC(=O)[C@H](NC(=O)C(CCc1ccccc1)CP(=O)(O)Cc1ccccc1)C(C)(C)C,0,0.5,4,2,2,0.111111,,,6,0.16,ok
Cc1ccc(NC(=O)c2oc3ccc(S(=O)(=O)N4CCCCCC4)cc3c2C)c(C)c1,0,0.6667,6,4,2,0.111111,,,33,0.32,ok
CC1CCc2c(sc3nc(-c4cc5cc(Br)ccc5oc4=O)[nH]c(=O)c23)C1,0,0.5385,13,7,6,8e-06,,,57,0.52,ok
CC(C)[C@H](NC(=O)OCc1ccccn1)C(=O)N[C@@H](Cc1ccccc1)C(O)[C@H](Cc1ccccc1)NC(=O)[C@H](NC(=O)OCc1ccccn1)C(C)C,0,0.8182,11,9,2,0.111111,,,54,0.82,ok
COC(=O)N/N=C/c1sc(N2CCCCC2)nc1-c1cccs1,1,1.0,4,4,0,1.0,3,3,10,0.2,ok
C[C@H]1CN(c2ccncc2Nc2ncc3ccc(-c4nccs4)nn23)C[C@@H](N)[C@@H]1O,0,0.6667,15,10,5,0.000129,,,56,0.38,ok
CC1(C)N=C(N)N=C(N)N1c1ccc2ccccc2c1,0,0.4,5,2,3,0.015625,,,48,0.36,ok
CN(CC(=O)Nc1nc2cc3nc(NC(=O)CN(C)C4CCCCC4)sc3cc2s1)C1CCCCC1,1,1.0,3,3,0,1.0,2,2,4,0.13,ok
COc1ccc(-n2c(C)c([N+](=O)[O-])c3ccc(O)c(CN(C)C)c32)cc1,1,1.0,6,6,0,1.0,5,5,9,0.09,ok
O/N=C1\CN2CCC1CC2,0,0.5,2,1,1,0.5,,,47,0.22,ok
[3H]C1C[C@@H](C(=O)O)N(C(=O)CCC(=O)[C@H](Cc2ccccc2)NC(=O)c2ccccc2)C1,0,0.3333,15,5,10,0.0,,,61,0.32,ok
CCOc1ccc(N(CC(=O)N2CCN(C(=O)CN(c3ccc(OCC)cc3)S(C)(=O)=O)CC2)S(C)(=O)=O)cc1,1,1.0,5,5,0,1.0,4,2,6,0.25,ok
COC1(C)C(=O)N(C)c2cc(-c3ccc(C[C@@H](C#N)NC(=O)[C@H]4N[C@@H]5CC[C@H]4C5)cc3)ccc21,0,0.5,6,3,3,0.015625,,,14,0.28,ok
Cc1cc(Cn2cc(CN(C(=O)[C@H]3CNCC[C@]3(O)c3ccc(F)c(F)c3)C3CC3)c3c(F)cccc32)ccn1,1,1.0,6,6,0,1.0,5,3,16,0.3,ok
N#Cc1ccc2sn(-c3ccc(Cl)cc3)c(=O)c2c1,0,0.3333,6,2,4,0.0016,,,12,0.05,ok
O=C(CCCc1cn[nH]c1)N1C[C@@H](CN2CCCC2)C[C@H](CO)C1,1,1.0,6,6,0,1.0,5,4,26,0.43,ok
COc1ccc(/C(=N/NC(N)=O)c2ccccc2)cc1OC1CCCC1,1,1.0,4,4,0,1.0,3,3,9,0.18,ok
O=C(O)C1(Cc2nc3cc(OCc4ccc5ccccc5n4)ccc3n2Cc2ccccn2)CCCC1,1,1.0,4,4,0,1.0,3,3,5,0.16,ok
CCCCn1c(=O)[nH]c(=O)c2c1nc(-c1ccc([N+](=O)[O-])cc1)n2CC,0,0.3333,9,3,6,8e-06,,,35,0.23,ok
COc1nc(Cl)nc(C)c1Nc1nc(Br)cn([C@@H](COCCF)C2CC2)c1=O,0,0.8,5,4,1,0.5,,,17,0.25,ok
Nc1nc(NCCc2cccnc2)nc2sc(-c3ccco3)nc12,1,1.0,5,5,0,1.0,4,4,32,0.39,ok
COC(=O)c1ccc(C2C(C(=O)c3cccnc3)=C(O)C(=O)N2CCc2coc3ccccc23)cc1,1,1.0,3,3,0,1.0,1,1,1,1.94,ok
O=C(/C(=C\c1ccc(F)cc1F)S(=O)(=O)c1ccc(Br)cc1)c1ccc(Br)cc1,0,0.5714,7,4,3,0.015625,,,28,0.16,ok
CCCCc1c(OC(C)=O)c2cccnc2n(-c2ccc(OC(C)=O)c(C(=O)O)c2)c1=O,1,1.0,5,5,0,1.0,4,4,18,0.34,ok
CC(=O)Nc1nc(CN2CCCC2Cn2cccn2)cs1,1,1.0,4,4,0,1.0,3,3,8,0.13,ok
COc1c(C)cc(N)c(C[S+]([O-])c2nc3ccccc3[nH]2)c1C,0,0.6667,3,2,1,0.5,,,7,0.07,ok
COc1cccc(-c2cc(F)ccc2[C@H]2Cc3nc(N)nc(C)c3C(NOCC3O[C@@H](OC)[C@H](O)[C@@H]3O)=N2)n1,0,0.6364,22,14,8,0.0,,,66,0.76,ok
O=C(c1ccccc1)c1c(-c2ccccc2)[nH]c2ccc(Cl)cc2c1=O,1,1.0,2,2,0,1.0,1,1,1,0.03,ok
COc1ccc(C2=NOC(C)(c3nnc(-c4ccc(F)cc4)o3)C2)cc1,0,0.25,4,1,3,0.015625,,,15,0.08,ok
CCOC(=O)O/C(=C1\C(=O)N(C(N)=O)c2cc(Cl)c(F)cc21)c1cccs1,1,1.0,3,3,0,1.0,2,2,5,0.15,ok
N[C@@H](Cc1ccc(O)cc1)C(=O)N1CCC[C@H]1C(=O)N[C@@H](Cc1ccccc1)C(=O)Nc1cccc2cnccc12,1,1.0,4,4,0,1.0,3,2,5,0.19,ok
O=C(CSc1cc(-c2nn(CC(O)CN3CCC(c4ccccn4)CC3)c3c2CNCC3)ccc1C(F)(F)F)N1CCOCC1,0,0.5455,11,6,5,0.000129,,,82,1.84,ok
NC(=S)N1N=C(c2ccc(Br)c(Br)c2)CC1c1ccc(O)cc1,1,1.0,4,4,0,1.0,2,2,4,0.11,ok
O=C(NCCNCC1COc2ccccc2O1)c1ccco1,1,1.0,4,4,0,1.0,3,3,12,0.19,ok
COc1ccccc1NC(=O)CSc1nc(N)c(-c2ccccc2)c(O)n1,1,1.0,2,2,0,1.0,1,1,1,0.04,ok
O=c1[nH]c(=O)n([C@H]2C[C@H](O[N+](=O)[O-])[C@@H](CO)O2)cc1I,0,0.1818,11,2,9,0.0,,,17,0.18,ok
O=C(CCCl)Nc1cccc2cccnc12,1,1.0,2,2,0,1.0,1,1,1,0.02,ok
COc1cccc(-c2nc(Nc3cccc(C#N)c3)c3ccccc3n2)c1,1,1.0,3,3,0,1.0,2,2,4,0.15,ok
CNc1cc[n+](C)c2ccccc12,0,0.6667,3,2,1,0.5,,,4,0.04,ok
CCOc1ccc(Nc2c(C)c(NCC3CCCN3)c(C#N)c3ccnn23)cc1,0,0.2308,13,3,10,0.0,,,82,0.69,ok
C[C@H](O)[C@@H](C)Nc1nc(Nc2ccc(S(=N)(=O)CCO)cc2)ncc1Br,0,0.75,8,6,2,0.111111,,,35,0.26,ok
CCOC(=O)c1c(-c2ccc(F)cc2)cc2c3ccccc3ccn12,0,0.1111,9,1,8,0.0,,,33,0.21,ok
COc1ccc2c(c1NC(=O)C(C)(C)CCCCCCOCC(C)C)OCCC2=O,1,1.0,8,8,0,1.0,7,4,25,0.33,ok
CC(C)Cn1nnnc1S(=O)(=O)CC#N,1,1.0,4,4,0,1.0,3,3,6,0.06,ok
O=C(Nc1cc(Cl)ccc1N1CCCC(O)C1)c1cnn2cccnc12,1,1.0,5,5,0,1.0,4,3,10,0.13,ok
C/N=C(\S)N(C)CCNc1c2ccccc2nc2c(C(=O)NCCOC(C)=O)cccc12,1,1.0,5,5,0,1.0,4,4,23,0.37,ok
Cn1cc[n+](CC(=O)c2ccc(-c3ccccc3)cc2)c1,1,1.0,3,3,0,1.0,2,2,4,0.1,ok
CCCCNC(=O)Oc1ccc(Cl)cc1C(=O)Nc1cccc(Cl)c1,1,1.0,3,3,0,1.0,2,2,4,0.11,ok
CCCCCC1=CC2=C(C(=O)OC)C(c3ccccc3)NC(=O)N2CC1,0,0.8,10,8,2,0.111111,,,25,0.41,ok
CCCCOC(=O)c1cccc(-c2cc(C(=O)Nc3ccncc3)ccc2CN)c1,1,1.0,3,3,0,1.0,2,2,5,0.17,ok
O=C(CN1CCOCC1)N1CC=C(c2ccc(NC(=O)N3Cc4ccccc4C3)cc2)CC1,1,1.0,3,3,0,1.0,2,2,4,0.2,ok
CCn1cc(NC(=O)NCC(c2ccsc2)N(C)C)cn1,0,0.5,8,4,4,0.0016,,,20,0.13,ok
COCCNC(=O)CCCn1c(SCC(=O)c2ccc(Br)cc2)nc2c(sc3ccccc32)c1=O,0,0.8,5,4,1,0.5,,,21,0.23,ok
CC(=O)c1ccc(-c2cccc(Nc3nccc(C(F)(F)F)n3)c2)cc1,1,1.0,3,3,0,1.0,2,2,4,0.14,ok
C=C1C[C@@]23O[C@]2(c2ccccc21)C1CC(OC(=O)[C@H](O)[C@@H](NC(=O)NC(C)C)c2ccccc2)C3(C)C1(C)C,0,0.5625,16,9,7,0.0,,,75,0.96,ok
O=C(CCOCCOCCO)Oc1ccc2c3c1O[C@H]1C(=O)CC[C@@]4(O)[C@@H](C2)N(CC2CC2)CC[C@]314,0,0.2,10,2,8,0.0,,,80,1.23,ok
Cc1cc(C(=O)N/N=C/c2ccc(N(C)C)cc2)c2ccccc2n1,1,1.0,2,2,0,1.0,1,1,1,0.03,ok
COc1ccc(OCC(O)CN2CCN(CC(O)COc3ccc(OC)cc3)CC2)cc1,1,1.0,4,4,0,1.0,3,2,5,0.2,ok
C/C(=N/NC(N)=S)c1ccccc1[N+](=O)[O-],1,1.0,2,2,0,1.0,1,1,1,0.02,ok
CCCCCCCCCCC(NC(=O)OC(C)(C)C)C(=O)N(CCC[N+](C)(C)C)OCc1ccccc1,1,1.0,4,4,0,1.0,3,2,5,0.1,ok
OC[C@H]1O[C@H](Cn2cc(-c3cccnc3)nn2)[C@@H](O)[C@@H](O)[C@@H]1O,0,0.5714,7,4,3,0.015625,,,55,0.29,ok
CCOC(=O)C1=C(C)N(c2cccc(C(F)(F)F)c2)C(=O)N(C)C1c1ccc(C#N)cc1-c1ccnn1C,1,1.0,5,5,0,1.0,2,2,5,0.16,ok
CCCCCC1CC(COc2ccccc2)OC1=O,1,1.0,5,5,0,1.0,4,3,17,0.27,ok
CCCN1CCCC1CNC(=O)c1ccc2c(c1)NC(=O)/C(=C/c1ccccc1F)S2,1,1.0,5,5,0,1.0,4,3,18,0.47,ok
N#Cc1ccc(Cn2ccnn2)cc1,1,1.0,1,1,0,1.0,,,0,0.0,ok
COC(=O)C1=C(N)Oc2c(oc(CO)cc2=O)C1c1c(F)cccc1Cl,1,1.0,11,11,0,1.0,10,5,48,0.45,ok
[O-]/[N+](=C\c1ccccc1)c1ccc(Br)cc1,1,1.0,2,2,0,1.0,1,1,1,0.02,ok
CC#C[C@H](c1ccc(Oc2ccc(C(F)(F)F)cc2OC(F)F)cc1)[C@H]1OC(=O)NC1=O,1,1.0,10,10,0,1.0,9,4,51,0.54,ok
CC(C)c1ccc(C(=O)Nc2ccc(-c3nc4ccccc4s3)c(Cl)c2)cc1,1,1.0,3,3,0,1.0,2,2,3,0.1,ok
Cc1nc2ccccc2c2c1O[C@]1(CC2)C[C@H]2C(=O)N[C@]3(C(=O)NS(=O)(=O)C4(C)CC4)C[C@H]3/C=C\CCCCC[C@H](NC(=O)OC(C)(C)C)C(=O)N2C1,0,0.5,22,11,11,0.0,,,122,3.27,ok
Fc1ccc2nc(-c3ccccc3)nc(Nc3ccccc3)c2c1,1,1.0,2,2,0,1.0,1,1,1,0.04,ok
O=C(CN1CCN(c2ccc(F)cc2)CC1)Nc1nc2c(o1)CCCC2,1,1.0,3,3,0,1.0,2,2,6,0.18,ok
O=C(NO)C1COC(c2cc(F)cc(C(F)(F)F)c2)=N1,0,0.4,5,2,3,0.015625,,,6,0.09,ok
COCC(=O)Nc1ccc2c(c1)[C@@H]1C[C@H](CC(=O)NCc3ccccc3)O[C@@H](CO)[C@@H]1O2,0,0.4444,9,4,5,0.000129,,,44,0.73,ok
Cn1nccc1C(=O)N1CCN(c2ccc(F)cc2)CC1,1,1.0,2,2,0,1.0,1,1,1,0.03,ok
O=C(/C=C(O)/C=C/c1cccnc1)/C=C/c1ccc(O)c(O)c1,1,1.0,3,3,0,1.0,2,2,4,0.1,ok
COC(=O)NCCCc1cc([C@@H](C)N(C(=O)[C@H]2CNCCO2)C2CC2)cc(OC)n1,0,0.625,8,5,3,0.015625,,,42,0.62,ok
CC(=O)C1C(c2ccncc2)NC(=O)NC1(O)C(F)(F)F,1,1.0,7,7,0,1.0,5,3,15,0.15,ok
COc1ccc2ncc(C(=O)N3CCC4(CC3)Cc3cn(C(C)(C)C)nc3C(=O)N4)cc2c1,1,1.0,9,9,0,1.0,8,4,35,0.45,ok
CC(C)[C@@H]1NC(=O)Cn2cc(nn2)-c2csc(n2)CNC(=O)C[C@@H](/C=C/CCS)OC1=O,1,1.0,14,14,0,1.0,13,4,64,0.91,ok
C/C=C(/C)C(=O)OC[C@H]1c2c(O)c(OC)c(C)c(OC(=O)c3cnc4ccccc4c3)c2C[C@H]2[C@H]3C4=C(C[C@H]([C@H](C#N)N12)N3C)C(=O)C(C)=C(OC)C4=O,0,0.1364,22,3,19,0.0,,,57,0.82,ok
CC(C)(C)OC(=O)NCCCCCCCCCCn1c2c(c3ccccc3c1=O)C(=O)c1ccccc1-2,1,1.0,3,3,0,1.0,2,2,4,0.11,ok
CN(C)CCN1CCC[C@H](NC(=O)N2CC[C@@H]3[C@H]2C(=O)N3S(=O)(=O)O)CC1,0,0.4375,16,7,9,0.0,,,83,0.54,ok
Cc1cccc(CN2CC[C@@H]3O[C@@H](C(=O)N4CCN(C)CC4)C[C@@H]32)n1,0,0.5556,9,5,4,0.0016,,,109,1.04,ok
COc1ccccc1C(=O)C[n+]1ccn(C)c1,1,1.0,2,2,0,1.0,1,1,1,0.02,ok
CCc1ccc2c(c1)c(-c1ccc[nH]c1=O)c(C(=O)NS(=O)(=O)C1CC1)n2Cc1cc(S(C)(=O)=O)c(C#N)cc1F,0,0.2083,24,5,19,0.0,,,77,0.84,ok
Cc1nc2c(c(-c3ccc(Cl)cc3Cl)c1CN)C(=O)N(Cc1ccn(C)n1)C2,0,0.4545,22,10,12,0.0,,,88,1.15,ok
CC(C)[C@H]1NC(=O)C[C@@H](/C=C/CCCC(=O)O)NC(=O)[C@@H](Cc2ccc(O)cc2)NC(=O)[C@@H](C)NC1=O,0,0.9333,15,14,1,0.5,,,99,2.09,ok
CCCn1c(=O)c2c(nc(-c3ccccc3)n2C)n(CCSCC)c1=O,1,1.0,4,4,0,1.0,3,3,16,1.45,ok
COc1cnc2nc(-c3ccc(C4(N)CCC4)cc3)c(-c3ccccc3)n2c1,0,0.6667,6,4,2,0.111111,,,49,0.66,ok
O=C(CNC(=O)c1ccccc1Cl)N/N=C/C=C/c1ccccc1,1,1.0,4,4,0,1.0,3,3,13,1.19,ok
CC(=O)OC[C@H]1O[C@@H](Sc2ccc(NC(=O)c3ccc4nc(C)ccc4c3O)cc2)[C@H](OC(C)=O)[C@@H](OC(C)=O)[C@@H]1OC(C)=O,0,0.3077,13,4,9,0.0,,,41,1.2,ok
O=C(O)c1cn(Cc2ccc(-c3ccccc3)cc2)c2cnccc2c1=O,1,1.0,4,4,0,1.0,3,2,5,0.12,ok
Cc1ccc(CCNC(=O)c2cn(C)c3ccc(S(=O)(=O)N(C)C4CCCCC4)cc3c2=O)cc1,0,0.6667,6,4,2,0.111111,,,26,0.29,ok
CCCCC(=O)O[C@H]1C[C@@H](C)C=C2C=C[C@H](C)[C@H](CC[C@@H]3C[C@@H](O)CC(=O)O3)C21,0,0.2917,24,7,17,0.0,,,99,1.67,ok
C[C@@H](CO)Nc1cc(-n2ncc3cc(C#N)cnc32)ncc1C(=O)NCCC1CC1,1,1.0,4,4,0,1.0,3,3,10,0.24,ok
CCCCCCCCCC(=O)C(O)c1ccc(Cl)cc1,1,1.0,2,2,0,1.0,1,1,1,0.03,ok
COc1ccc2c(O)c(Br)c(C)nc2c1,0,0.25,4,1,3,0.015625,,,12,0.09,ok
N#Cc1c(/N=C/c2ccccc2)sc2c1CCCC2,1,1.0,2,2,0,1.0,1,1,1,0.03,ok
O=C(NCCCN1CCOCC1)C(=O)NCc1ccco1,1,1.0,2,2,0,1.0,1,1,1,0.04,ok
CN1CCCC1CCNCc1coc(-c2ccc(OC3CCCC3)cc2)n1,1,1.0,4,4,0,1.0,3,2,6,0.14,ok
Nc1nc(C(CCN2CCCCC2)C(=O)NCc2cc(C(F)(F)F)cc(C(F)(F)F)c2)cs1,1,1.0,4,4,0,1.0,3,3,12,0.29,ok
Cc1c(-c2ccccc2)c(N2CC[C@H](N(C)C)C2)c2[nH]c(C(C)(C)C)nc2c1C#N,0,0.2222,9,2,7,0.0,,,48,0.7,ok
C#CC(CC)(CC)NC(=O)c1cc(S(=O)(=O)N2CCCCC2)ccc1N1CCOCC1,0,0.7143,7,5,2,0.111111,,,45,0.47,ok
CCCNC(=S)Nc1cc(-n2cccn2)ncn1,1,1.0,2,2,0,1.0,1,1,1,0.03,ok
NC1=NC(c2cccc(OCc3ccccc3)c2)N(c2ccc(Cl)cc2)C(N)=N1,1,1.0,3,3,0,1.0,1,1,1,0.04,ok
CN(CC(=O)Nc1cccc(F)c1)C(=O)c1cn(-c2ccccc2)nc1-c1ccccc1,1,1.0,3,3,0,1.0,2,2,4,0.11,ok
CC(C)(C)/C(COc1ccccc1[N+](=O)[O-])=N/O,1,1.0,3,3,0,1.0,2,2,4,0.04,ok
CCCC(=O)OC[C@H](O)[C@H]1OC(O)=C(O[C@@H]2OC(CO)[C@@H](O)C(O)[C@@H]2O)C1=O,0,0.4167,12,5,7,0.0,,,89,0.92,ok
CCCCc1ccc(Oc2nc(NCc3ccccc3)c3sccc3n2)cc1,1,1.0,3,3,0,1.0,2,2,5,0.13,ok
COc1cccc(C(=O)/C=C/c2cc3c(c4c2OC(C)(C)C=C4)OC[C@@H](c2ccc(OC)cc2OC)C3)c1,0,0.4286,7,3,4,0.0016,,,47,1.65,ok
COc1ccccc1Nc1nnc(SCC(=O)N2CCCC2=O)s1,1,1.0,2,2,0,1.0,1,1,1,0.03,ok
COc1ccc2c(Sc3ccccc3)c(C(=O)NCc3cccc(OC)c3OC)[nH]c2c1,1,1.0,3,3,0,1.0,2,2,4,0.17,ok
CS(=O)(=O)c1cccc(-c2nc(C3(c4ccc(-c5cnc(N)nc5)nc4)CCC3)no2)c1,0,0.5,4,2,2,0.111111,,,61,0.69,ok
CO[C@@H]1C=C[C@]23C(=O)CN(Cc4cc5c(cc42)OCO5)[C@H]3C1,0,0.1818,11,2,9,0.0,,,115,1.59,ok
COc1cccc(-c2cccc(C3(c4ccncc4)N=C(N)N(C)C3=O)c2)c1,0,0.4,5,2,3,0.015625,,,26,0.3,ok
CC(C)(C)NCC(O)CSc1nc(-c2ccc(C(N)=O)s2)cs1,1,1.0,3,3,0,1.0,2,2,5,0.09,ok
Cc1c(F)cccc1NC(=O)Nc1ccc(Cl)c(S(=O)(=O)[C@H]2CCNC2)c1O,0,0.5556,9,5,4,0.0016,,,55,0.33,ok
Clc1cc(CO/N=C/C2CN3CCC2CC3)on1,1,1.0,4,4,0,1.0,3,2,6,0.1,ok
O=C(NCCCCSSCCCCNC(=O)/C(Cc1ccc(O)c(Br)c1)=N/O)/C(Cc1ccc(O)c(Br)c1)=N/O,1,1.0,7,7,0,1.0,6,3,15,0.26,ok
CC(=O)Nc1ccccc1NC(=O)C/C(C)=N/NC(=O)C(=O)Nc1cccc(Cl)c1C,1,1.0,2,2,0,1.0,1,1,1,0.06,ok
CCOc1nc(-c2sc3sc(-c4ccc(C#N)c(OCC)n4)c(-c4ccccc4)c3c2C)ccc1C#N,0,0.1818,22,4,18,0.0,,,36,1.02,ok
CC(C)c1csc2ncnc(N3CC4CC3CC4OCCN3CC[C@@H](F)C3)c12,1,1.0,8,8,0,1.0,7,5,64,0.68,ok
CCN(C(=O)C1CCN(S(=O)(=O)c2ccc3c(c2)CCCN3C(=O)C2CCC2)CC1)c1cccc(C)c1,1,1.0,7,7,0,1.0,6,5,37,0.52,ok
CN(C(=O)c1cc2c(s1)-c1ccccc1OC2)c1cccc(F)c1,1,1.0,2,2,0,1.0,1,1,1,0.03,ok
O=C(CO)N1CCC(c2nnc3ccc(Sc4ccc(F)cc4F)cn23)CC1,1,1.0,4,4,0,1.0,3,3,7,0.14,ok
CNc1nc(Nc2cc(OC)c(C(=O)N3CCC(C#N)C3)cc2Cl)ncc1Cl,0,0.8,5,4,1,0.5,,,28,0.23,ok
Nc1ccn([C@@H]2O[C@H](CNCc3ccc(C#CCCO)cc3)[C@@H](O)[C@H]2O)c(=O)n1,0,0.875,8,7,1,0.5,,,83,0.61,ok
CCCCCCNC1=C(C)C(=O)c2ccccc2C1=O,1,1.0,2,2,0,1.0,1,1,1,0.03,ok
C=C1CCC2[C@@](C)(CO)CCC[C@]2(C)[C@H]1CC/C(C)=C/C(=O)O,0,0.7333,15,11,4,0.0016,,,70,0.73,ok
CCc1nc(CN2CCCN(C(=O)c3ccccc3)CC2)cs1,1,1.0,2,2,0,1.0,1,1,1,0.07,ok
CC(=O)OC1CCN(C(c2ccc(Cl)cc2)c2c(O)ccc3ccccc23)CC1,1,1.0,3,3,0,1.0,1,1,1,0.04,ok
CCCCNC(=O)Nc1ccc(-c2nonc2-c2ccc(C)cc2)cc1,1,1.0,11,11,0,1.0,8,5,41,0.4,ok
c1ccc2c(c1)C1CC(c3ccoc3)(c3ccoc3)C2c2n(Cc3ccc4ccccc4c3)cc[n+]21,0,0.5,8,4,4,0.0016,,,32,0.46,ok
N=C(N)N/N=C/c1cccc(C(=N)N)c1,1,1.0,2,2,0,1.0,1,1,1,0.02,ok
O=C(Nc1ccc(Cl)c(OCF)c1)c1ccccn1,0,0.75,4,3,1,0.5,,,10,0.06,ok
CN1CCN(/C=C2\N=C3CN=C(c4ccccc4F)c4cc([N+](=O)[O-])ccc4N3C2=O)CC1,1,1.0,8,8,0,1.0,7,4,44,2.66,ok
COc1cc2[nH]c(Cl)c([N+](=O)[O-])c2cc1OC,0,0.0,3,0,3,0.015625,,,6,0.07,ok
CCCn1c(Sc2ccc(Nc3c(C#N)cnc4cc(NCCCN(C)C)c(OC)cc34)cc2Cl)nc(C)c1C,1,1.0,5,5,0,1.0,4,3,16,0.34,ok
CCn1ncc2cc(Cc3cc([C@@H]4O[C@H](CO)[C@@H](O)[C@H](O)[C@H]4O)ccc3Cl)ccc21,0,0.6923,13,9,4,0.0016,,,111,0.67,ok
CCCCC1(C)CC(=O)N(Nc2ccccc2Cl)C1=O,1,1.0,5,5,0,1.0,4,3,21,0.16,ok
CNC(=O)[C@H](Cc1c[nH]c2ccccc12)NC(=O)[C@@H](CC(=O)NOCC(=O)OC)CC(C)C,0,0.75,4,3,1,0.5,,,12,0.27,ok
CC(=O)Nc1ccc(S(=O)(=O)Nc2ccc(S(=O)(=O)Nc3ncccn3)cc2)cc1,1,1.0,4,4,0,1.0,3,3,10,0.2,ok
NC(=O)CCC1CCCN(c2ncnc3c2Cc2ccccc2OC3)C1,0,0.8182,11,9,2,0.111111,,,121,1.34,ok
Nc1nonc1-n1nnc(C(=O)O)c1-c1cccs1,1,1.0,2,2,0,1.0,1,1,1,0.03,ok
O=C(NS(=O)(=O)c1ccc(COc2ccccc2)cc1)c1cccc(-c2cc(Cl)cc(Cl)c2)c1,1,1.0,5,5,0,1.0,4,3,12,0.23,ok
O=C(Nc1ccccc1)C1=Cc2cc(NC(=O)c3ccccc3)ccc2S1(=O)=O,1,1.0,6,6,0,1.0,5,4,20,0.29,ok
O=C(C1CCCC1)N1CCN(Cc2ccncc2)[C@@H]2CS(=O)(=O)C[C@@H]21,1,1.0,3,3,0,1.0,2,2,5,0.15,ok
Cc1ccnc(-n2[nH]cc(-c3cncc(C#N)c3)c2=O)c1,1,1.0,4,4,0,1.0,3,3,5,0.07,ok
COc1ccc(-c2cc(C(=O)Oc3ccccc3)c3cc(C)ccc3n2)cc1,1,1.0,3,3,0,1.0,2,2,4,0.1,ok
CC(=O)Nc1ccc(S(=O)(=O)NC2CCC(Nc3nc(Oc4c(C)cc(C#N)cc4C)c4sccc4n3)CC2)cc1,1,1.0,5,5,0,1.0,4,3,17,0.3,ok
CCCN1CCC(c2nc3c(C(N)=O)cccc3[nH]2)C1,1,1.0,3,3,0,1.0,2,2,6,0.14,ok
O=C(CN1C(=O)c2ccccc2S1(=O)=O)Nc1ccc(O)cc1,1,1.0,2,2,0,1.0,1,1,1,0.03,ok
COc1ccc(OC)c(/C=N/n2c(N)nc(C(F)(F)F)cc2=O)c1,1,1.0,2,2,0,1.0,1,1,1,0.03,ok
COC(=O)[C@@]1(C)[C@@H](OC(C)=O)CC[C@@]2(C)[C@H]1CC(=O)[C@H]1[C@@H](C)/C(=C/C(=O)N(C)CCO)CC[C@@H]12,0,0.5,6,3,3,0.015625,,,16,0.37,ok
COc1cccc(CNC(=O)Cn2nc3c(cc2=O)CCCC3)c1OC,1,1.0,2,2,0,1.0,1,1,1,0.03,ok
Cc1nn(C)c(Oc2cccc(Cl)c2)c1C#N,1,1.0,1,1,0,1.0,,,0,0.0,ok
CN1CCC(Oc2ccc(NC(=O)c3ccc4c(=O)n(Cc5ccccc5)cnc4c3)cc2Cl)CC1,1,1.0,4,4,0,1.0,3,2,6,0.15,ok
O=C(/C=C/c1cccc(C(F)(F)F)c1)NO,1,1.0,3,3,0,1.0,2,2,5,0.08,ok
COC(=O)c1nnc(C(=O)NCc2ccccc2)c2[nH]c3ccccc3c12,0,0.0588,17,1,16,0.0,,,24,0.27,ok
Cc1nn(C)cc1S(=O)(=O)N1CCN(c2ccc(F)cc2)CC1,1,1.0,2,2,0,1.0,1,1,1,0.04,ok
O=C(/C=C/c1ccc(F)cc1)N[C@H]1C(=O)N(c2ccc(F)cc2)[C@@H]1c1ccc(O)cc1,1,1.0,4,4,0,1.0,3,2,6,0.14,ok
Cc1ccc(-n2c(N)c(C(N)=O)sc2=S)cc1,0,0.4444,9,4,5,0.000129,,,23,0.11,ok
CN(C)CCOc1cncc(Br)c1,1,1.0,1,1,0,1.0,,,0,0.0,ok
Cn1c(SCc2cccnc2)nc2c(c1=O)SCC2,1,1.0,6,6,0,1.0,5,5,41,0.32,ok
O=P(O)(NN1CCCCC1)Oc1ccccc1,1,1.0,2,2,0,1.0,1,1,1,0.02,ok
CCCCCCCCCCCCCC[n+]1ccc(-c2cc[n+](C)cc2)cc1,1,1.0,5,5,0,1.0,4,4,30,0.6,ok
CCCNC(=O)N(C)c1nncnc1C(=O)NC,0,0.25,4,1,3,0.015625,,,7,0.1,ok
CCc1nc2c([nH]1)C(=O)/C(=N/CCN(C)C)C=C2O,1,1.0,6,6,0,1.0,5,4,54,0.4,ok
CCOc1nc(N2CC(=O)Nc3cc(OC)ccc32)c2ccccc2n1,0,0.25,12,3,9,0.0,,,35,0.38,ok
Cc1cc(Nc2ncnc3ccc(-c4ccc(CNCCS(C)(=O)=O)o4)cc23)ccc1Oc1ccn2ncnc2c1,1,1.0,5,5,0,1.0,4,3,9,0.36,ok
CCc1ccc(-c2sc3cc(O)ccc3c2C(=O)c2ccc(OCCN3CCCCC3)cc2)cc1,1,1.0,5,5,0,1.0,4,3,20,0.42,ok
N#CCCN1CCC(c2ccc(NC(=O)c3nc(C#N)cn3OC(=O)C(F)(F)F)c(C3=CCCCC3)c2)CC1,0,0.2692,26,7,19,0.0,,,71,1.03,ok
CN(C)Cc1ccc(-c2c(-c3ccc(N4CCNCC4)cc3)n(C)c3nc(C(N)=O)cc(Cl)c23)cc1,0,0.4,5,2,3,0.015625,,,72,1.05,ok
Cc1ccc(Oc2cccc(-c3ccc(OCCCC(=O)O)cc3)c2)cc1,1,1.0,4,4,0,1.0,3,2,6,0.18,ok
CC(C(=O)NCc1ccc(C(C)(C)C)cc1OCc1ccccc1)c1ccc(NS(C)(=O)=O)c(F)c1,0,0.5,8,4,4,0.0016,,,36,0.27,ok
Oc1nccc2ccccc12,1,1.0,1,1,0,1.0,,,0,0.0,ok
CCOc1ccccc1Cn1c(=O)sc2ccccc21,1,1.0,2,2,0,1.0,1,1,1,0.03,ok
COc1cc2nc(NC3CCCc4ccccc43)nc(N)c2cc1OC,0,0.5,4,2,2,0.111111,,,23,0.11,ok
NS(=O)(=O)c1ccc(Nc2nccc(-c3c(-c4cccc(NC(=O)c5c(F)cccc5F)c4)nn4ccccc34)n2)cc1,1,1.0,5,5,0,1.0,4,4,22,0.86,ok
Cc1nc(O)c2cc(CN(C)c3ccc(C(=O)N[C@@H](CCC(=O)N[C@H](CCC(=O)O)C(=O)O)C(=O)O)c(F)c3)c(C)cc2n1,0,0.75,8,6,2,0.111111,,,42,0.6,ok
CC(C)N1CCN(Cc2c(-c3ccccc3)nc3ccccc3c2C(=O)NC2CCCCC2)CC1,1,1.0,4,4,0,1.0,3,3,17,0.47,ok
O=C(c1cccc(CN2CCN(C(=O)n3nnc4ccccc43)CC2)c1)N1CCCCC1,1,1.0,3,3,0,1.0,2,2,4,0.19,ok
Fc1ccc(-n2cc(CCCCN3CCC4(CC3)OCc3ccc(F)cc34)c3ccccc32)cc1,1,1.0,4,4,0,1.0,3,3,17,0.43,ok
CCCCCCCC(c1c[nH]c2ccc(C#N)cc12)c1c[nH]c2ccc(C#N)cc12,1,1.0,3,3,0,1.0,1,1,1,0.05,ok
Cc1oc2c3c(ccc2c(=O)c1I)OC(C)(C)[C@H](OC(=O)[C@@]12CC[C@@](C)(C(=O)O1)C2(C)C)[C@@H]3OC(=O)[C@@]12CC[C@@](C)(C(=O)O1)C2(C)C,0,0.4286,7,3,4,0.0016,,,84,1.58,ok
COc1ccc(Cl)c(-c2ccc(NC(=O)c3conc3C)nc2N)c1,1,1.0,3,3,0,1.0,2,2,3,0.1,ok
O=C(CC[C@H](CCCC(=O)Nc1ccccc1)Cc1ccccc1)NO,1,1.0,4,4,0,1.0,3,3,6,0.18,ok
N=C1S/C(=C\c2c[nH]nc2-c2ccc(-c3ccccc3)cc2)C(=O)N1c1nccs1,1,1.0,3,3,0,1.0,2,2,5,0.17,ok
O=C(O)c1cc(C(=O)O)c2cc(OCCc3ccccc3)ccc2n1,0,0.1765,17,3,14,0.0,,,18,0.15,ok
CC(=O)Nc1ccc(S(=O)(=O)N2Cc3ccccc3C[C@@H]2C(=O)NO)cc1,0,0.5,4,2,2,0.111111,,,6,0.13,ok
O=C(NNC(=S)Nc1ccc(Br)cc1)c1cccc(Cl)c1,1,1.0,2,2,0,1.0,1,1,1,0.04,ok
Cc1ccc(-c2nn(-c3ccccc3)cc2/C=N/n2c(S)nnc2-c2ccncc2)cc1,1,1.0,4,4,0,1.0,3,3,12,0.25,ok
CC(C)(N)C(=O)N[C@H](COCc1ccccc1-c1cccnc1)c1nnnn1CCOC(=O)NCCCCO,1,1.0,7,7,0,1.0,6,5,49,1.05,ok
COc1cccc(F)c1C[C@@]1(O)CCC[C@@H](NC(=O)c2ccc3[nH]nc(-c4ccc5nccn5c4)c3c2)C1,0,0.9,10,9,1,0.5,,,36,0.49,ok
Oc1ccc(CCNc2nc(NCc3cccc(OCc4cccc(F)c4)c3)nc(N3CCNCC3)n2)cc1,1,1.0,4,4,0,1.0,3,3,10,0.32,ok
Cc1nc2ccccn2c1C(=O)N/N=C/c1ccc([N+](=O)[O-])cc1,1,1.0,2,2,0,1.0,1,1,1,0.03,ok
Cn1cnc2cc(-c3ccc(N4CCOCC4)cc3)nc(NCC3OCCO3)c2c1=O,1,1.0,5,5,0,1.0,4,3,12,0.29,ok
CN1CCN(c2nc(O)c(C#N)c(-c3ccc(N(C)C)cc3)n2)CC1,1,1.0,3,3,0,1.0,1,1,1,0.04,ok
CC(=O)Nc1cc(O)cc(N/C(C)=C2\C(=O)OC(=O)C(C(C)=O)=C2O)c1,1,1.0,10,10,0,1.0,9,4,59,0.84,ok
Cc1nccc(/C=C/c2ccccc2)n1,1,1.0,2,2,0,1.0,1,1,1,0.04,ok
COc1cc(NC(=O)N2CCCC2c2ccco2)cc(OC)c1,1,1.0,3,3,0,1.0,2,2,3,0.05,ok
CC(C)CC1=NN(c2ccc(F)cc2)C(=O)C1Sc1ccccc1,1,1.0,4,4,0,1.0,2,2,5,0.11,ok
O=[N+]([O-])c1cncs1,1,1.0,1,1,0,1.0,,,0,0.0,ok
O=C(Nc1ccc(Cl)cc1)c1cc([N+](=O)[O-])ccc1Cl,1,1.0,2,2,0,1.0,1,1,1,0.03,ok
O=C(NCCOCCOCCNC(=O)c1cc2cc(Cl)ccc2[nH]1)c1cc2cc(Cl)ccc2[nH]1,1,1.0,3,3,0,1.0,2,2,3,0.09,ok
O=c1[nH]c(=S)[nH]c2nc(Cc3ccc(Br)cc3)nn12,0,0.0,1,0,1,0.5,,,1,0.02,ok
COc1ccc(/C=C2\Oc3ccccc3C2=O)cc1O,1,1.0,2,2,0,1.0,1,1,1,0.03,ok
COc1ccc(-c2cc3cc(/C=C/c4ccccc4)ccc3oc2=O)cc1OC,1,1.0,4,4,0,1.0,3,3,15,0.34,ok
CNCC(NC(=O)c1ccc(-c2ccc(C)c(F)c2)[nH]1)c1nc(C)c(CO)s1,0,0.3333,3,1,2,0.111111,,,5,0.11,ok
FC(F)(F)c1ccc(N2CCNCC2)nc1Cl,1,1.0,2,2,0,1.0,1,1,1,0.03,ok
NC1CC2CC3CC(C2)C1C3,0,0.0,5,0,5,0.000129,,,21,0.4,ok
OCCN(CO)CO,1,1.0,1,1,0,1.0,,,0,0.0,ok
Cc1ccc(CC(CN)(Cc2ccc(C)cc2)C(=O)N[C@@H](CCCCNC(=N)N)C(N)=O)cc1,1,1.0,5,5,0,1.0,4,3,12,0.27,ok
CN1CC(CO)=C[C@@H]2c3cccc4[nH]cc(c34)C[C@H]21,0,0.0,3,0,3,0.015625,,,18,0.18,ok
CCCN(CCc1cccs1)[C@H]1CCc2c(O)cccc2C1,1,1.0,2,2,0,1.0,1,1,1,0.04,ok
CSCCC(NC(=O)OC(C)(C)C)C(=O)Oc1cccc2oc(=O)[nH]c12,1,1.0,3,3,0,1.0,2,2,4,0.09,ok
CCc1nc(NCC2CC2)c2nnn(Cc3ccccc3)c2n1,0,0.2222,9,2,7,0.0,,,24,0.21,ok
Cc1cc(CCN2CCN(c3noc4ccccc34)CC2)c2c(c1)C(C)CC(=O)N2,1,1.0,6,6,0,1.0,5,4,49,0.69,ok
Nn1c(S)nnc1Cc1ccc(Br)cc1,1,1.0,2,2,0,1.0,1,1,1,0.02,ok
CNC(C)C(=O)Nc1cc(-c2c(C)ccc3ncccc23)cc(NC(=O)c2ccc3cnccc3c2)n1,0,0.4,5,2,3,0.015625,,,8,0.27,ok
COc1ccccc1N1/C(=N/C(=O)C2CCCCC2)SC2CS(=O)(=O)CC21,0,0.6,10,6,4,0.0016,,,56,1.71,ok
COCC1CC2(CCN(C(=O)c3ccccc3C)CC2)CN1C(C)C,0,0.4286,7,3,4,0.0016,,,37,1.63,ok
O=C(COc1ccc(S(=O)(=O)N2CCOCC2)cc1)N1CCN(c2ccccc2)CC1,1,1.0,2,2,0,1.0,1,1,1,0.08,ok
CC(C)c1onc(-c2c(Cl)cccc2Cl)c1COc1ccc2c(ccn2C(=O)c2cccc(C(=O)O)c2)c1,1,1.0,6,6,0,1.0,5,3,15,0.25,ok
NCCCCNC1=NCCCCC1,1,1.0,2,2,0,1.0,1,1,1,0.02,ok
Nc1nc(Cl)c(-c2nccs2)c(N[C@@H]2C[C@H](CO)[C@@H](O)[C@H]2O)n1,1,1.0,3,3,0,1.0,2,2,4,0.12,ok
CCC1(O)C(=O)OCc2c1cc1n(c2=O)CC2Cc3ccccc3N(C=O)C12,0,0.375,16,6,10,0.0,,,78,1.21,ok
COc1ccc(OCCn2cnc(Cl)c2Cl)cc1,1,1.0,2,2,0,1.0,1,1,1,0.03,ok
Cc1cc2cc(NC(=O)c3ccco3)ccc2[nH]1,1,1.0,1,1,0,1.0,,,0,0.0,ok
O=C(c1ccc(I)cc1)N1CCCCc2ccccc21,1,1.0,2,2,0,1.0,1,1,1,0.03,ok
O=C(O)c1ccc(NC(=O)C(Cc2cccnc2)n2ccc(-c3cc(Cl)ccc3Br)cc2=O)cc1,1,1.0,4,4,0,1.0,3,2,5,0.16,ok
COC(=O)c1c(Oc2cc(C)cc(O)c2C(=O)OCC(C)C(=O)O)c(OC)cc(O)c1[N+](=O)[O-],0,0.1053,19,2,17,0.0,,,26,0.35,ok
O=C(O)CCCCCCCn1nc(-c2ccccc2)c(-c2ccccc2)nc1=O,1,1.0,2,2,0,1.0,1,1,1,0.05,ok
COC/C(=C/c1cc(OCc2ccsc2)ccc1C#N)c1ccccc1C,1,1.0,4,4,0,1.0,3,3,12,0.25,ok
CN1c2cccnc2Nc2ncccc2S1(=O)=O,0,0.5714,7,4,3,0.015625,,,17,0.16,ok
CC(C(=O)Nc1ccc(CC2=NNNN2)cc1)c1ccc2cc(OCc3ccc4ccccc4n3)ccc2c1,0,0.3333,9,3,6,8e-06,,,20,0.41,ok
C[C@H]1CCC[C@]2(C)C[C@H]3OC(=O)C(CN4CCCCCC4)[C@H]3C=C12,1,1.0,2,2,0,1.0,1,1,1,0.05,ok
O=C1NC(=O)C(=C2CCCCCC2)S1,1,1.0,1,1,0,1.0,,,0,0.0,ok
COc1cccc(N2CCN(C3CCOC3=O)CC2)c1,1,1.0,3,3,0,1.0,2,2,4,0.07,ok
NC(=O)C1Cc2ccccc2N1C(=O)Cc1nc(N2CCOCC2)cc(=O)[nH]1,1,1.0,3,3,0,1.0,2,2,4,0.09,ok
O=C(CSc1snnc1-c1ccc2ccccc2c1)Nc1ccccc1F,1,1.0,5,5,0,1.0,4,3,12,0.18,ok
COc1cccc(Oc2nc(Cl)ncc2[N+](=O)[O-])c1,1,1.0,2,2,0,1.0,1,1,1,0.04,ok
CC1=C(C)C(=O)O[C@@H]([C@@H](C)[C@H]2CC=C3[C@@H]4C[C@H]5O[C@]56[C@@H](O)C=CC(=O)[C@]6(C)[C@H]4CC[C@@]32C)C1,0,0.1875,16,3,13,0.0,,,126,3.21,ok
CC(C)N(C(=O)SCC(Cl)=C(Cl)Cl)C(C)C,1,1.0,3,3,0,1.0,2,2,4,0.04,ok
O=C(CN1C(=O)NC2(CCCC2)C1=O)N1CCN(S(=O)(=O)c2ccccc2Br)CC1,1,1.0,4,4,0,1.0,2,2,5,0.19,ok
O=C(CCN1CCc2ccccc2C1)Nc1cccc(F)c1,1,1.0,2,2,0,1.0,1,1,1,0.05,ok
CC1CCN(CC(O)COCCC23CC4CC(CC(C4)C2)C3)CC1,1,1.0,3,3,0,1.0,2,2,5,0.12,ok
CC(C)N1CC2CC(CN(C(=O)c3ccccc3)C2)C1,1,1.0,3,3,0,1.0,2,2,3,0.08,ok
CO/N=C(\C#N)C(=O)NC1=NOC(C)(CCl)C1,0,0.8571,7,6,1,0.5,,,46,0.17,ok
CC(C)=CCC/C(C)=C\CC/C(C)=C\Cc1cc(O)c(C)cc1O,1,1.0,10,10,0,1.0,9,4,39,0.42,ok
C#CCn1cc(C(=O)NC23CC4CC(CC(C4)C2)C3)c(=O)c2cc(Br)ccc21,1,1.0,4,4,0,1.0,3,3,8,0.15,ok
[N-]=[N+]=NC1CC(n2ccc(N)nc2=O)OC1COP(=O)(O)OP(=O)(O)OP(=O)(O)O,0,0.2,15,3,12,0.0,,,31,0.38,ok
COc1cccc(NC(=O)C2c3ccccc3C(=O)N(C3CCCC3)C2c2cccs2)c1,1,1.0,4,4,0,1.0,3,3,14,0.31,ok
N#Cc1c(C(F)(F)F)nn(-c2ccc(S(N)(=O)=O)cn2)c1NCC1CCCO1,0,0.3636,11,4,7,0.0,,,43,0.34,ok
C[C@H](CCCN1CCN(C)CC1)Nc1ccnc2cc(Cl)ccc12,1,1.0,6,6,0,1.0,5,3,18,0.29,ok
C=CCNc1nc(NCC=C)nc(N2CCC(NCC3c4ccccc4C=Cc4ccccc43)CC2)n1,1,1.0,5,5,0,1.0,4,3,16,0.38,ok
Cc1nc(CO)nc(N2C[C@@H](C)N(c3ccnc([C@@H](C)O)n3)[C@@H](C)C2)n1,0,0.5,6,3,3,0.015625,,,49,0.39,ok
CCCCCCCCNC(=O)N1CCC(Nc2ccc(CCNC[C@H](O)c3ccc(O)c(C(N)=O)c3)cc2)CC1,1,1.0,4,4,0,1.0,3,2,5,0.14,ok
CCCS(=O)(=O)NC(C)c1cccc(-n2cccn2)c1,1,1.0,3,3,0,1.0,2,2,5,0.07,ok
NC(=O)C1CCCN1C(=O)C(Cc1c[nH]cn1)NC(=O)C1CCCC1,0,0.3333,12,4,8,0.0,,,45,0.22,ok
O=C1NC(=O)[C@H]2C3C(C(O)(c4ccccc4)c4ccccn4)=CC(C3=C(c3ccccc3)c3ccccc3)[C@@H]12,1,1.0,4,4,0,1.0,3,3,10,0.28,ok
FC(F)(F)c1ccc(NCC2CCc3ccc4ccccc4c3O2)cc1,1,1.0,4,4,0,1.0,3,3,13,0.27,ok
CCCOc1ccc(C(=O)C2=C(O)C(=O)N(CCN(C)C)C2c2ccc(OC)c(OC)c2)cc1,1,1.0,5,5,0,1.0,2,2,4,0.11,ok
COc1ccccc1CNC1=C2C[C@@H](C)C[C@H](OC)[C@H](O)[C@@H](C)/C=C(\C)[C@H](OC(N)=O)[C@@H](OC)/C=C\C=C(/C)C(=O)NC(=CC1=O)C2=O,0,0.5,8,4,4,0.0016,,,119,5.26,ok
O=C(CSc1nnc(-c2ccccc2O)[nH]1)Nc1nc2ccc([N+](=O)[O-])cc2[nH]1,1,1.0,3,3,0,1.0,2,2,3,0.08,ok
CC(=O)OCCN1CCC(c2cc(-c3ccncc3)c(-c3ccc(F)cc3)[nH]2)CC1,1,1.0,7,7,0,1.0,6,3,17,0.58,ok
NC(=O)N1CCC(C(=O)NCc2nncn2-c2ccccc2)CC1,1,1.0,2,2,0,1.0,1,1,1,0.03,ok
OC[C@H]1O[C@@H](c2nc(-c3ccc(O)cc3)n[nH]2)[C@H](O)[C@@H](O)[C@@H]1O,0,0.6429,14,9,5,0.000129,,,71,0.46,ok
O=C(CCN1CCN(C/C=C/c2ccccc2)CC1)Nc1cccc(F)c1,1,1.0,4,4,0,1.0,3,2,6,0.24,ok
CN1Cc2c(C(=O)OC(C)(C)C)ncn2-c2cccc(F)c2C1=O,0,0.6,5,3,2,0.111111,,,11,0.11,ok
NC(=N[N+](=O)[O-])N1CCN(C(=O)c2ccc(Cl)cc2)CC1,1,1.0,3,3,0,1.0,2,2,3,0.06,ok
CC(=O)O[C@H]1C[C@@H]2C[C@@H](OC(=O)c3ccccc3Cl)C[C@@H]1N2C,0,0.4,5,2,3,0.015625,,,9,0.15,ok
O=C(O)/C=C/c1cccc(B(O)O)c1,1,1.0,2,2,0,1.0,1,1,1,0.03,ok
CCN(C(=O)C1CCN(c2ncnc3c2nc2n3CCCCC2)CC1)c1cccc(Cl)c1,1,1.0,6,6,0,1.0,5,5,33,0.33,ok
O=C(OC1CSSC1)c1cc([N+](=O)[O-])cc([N+](=O)[O-])c1,0,0.7143,7,5,2,0.111111,,,28,0.14,ok
Cc1ccc(CNC(=O)NC2CCCc3c2cnn3CCO)cn1,0,0.3636,11,4,7,0.0,,,29,0.2,ok
Cc1ccc(Cn2c(C(=O)O)c(CNC3CCCC3)c3ccc(C)cc32)cc1,1,1.0,4,4,0,1.0,3,2,5,0.1,ok
O=C1NC(=O)/C(=C/c2ccc(OCCOc3ccc(Cl)cc3Cl)cc2)S1,1,1.0,3,3,0,1.0,2,2,5,0.12,ok
CC(C)=CN1Cc2cc(Cl)cc3[nH]c(=S)n(c23)C[C@@H]1C,0,0.3333,15,5,10,0.0,,,60,0.45,ok
c1ccc(-c2csc3c4ccccc4c4ccccc4[n+]23)cc1,0,0.5,2,1,1,0.5,,,12,0.15,ok
Cc1ccc2c(N)nc(-c3ccc4c(c3)OCO4)cc2c1,1,1.0,3,3,0,1.0,2,2,4,0.08,ok
Cc1ccccc1CNC(=O)C(=O)N[C@@H](C)C(=O)N[C@@H](CC(=O)O)C(=O)COc1c(F)c(F)cc(F)c1F,1,1.0,5,5,0,1.0,4,3,15,0.27,ok
COc1ccccc1-c1csc2nc(N3CCC(O)C3)nc(N3C4CCC3COC4)c12,0,0.5263,19,10,9,0.0,,,118,1.04,ok
CCC[n+]1ccc(Nc2ccc(NC(=O)c3ccc(Nc4cc[n+](CCC)c5ccccc45)cc3N)cc2N)cc1,1,1.0,6,6,0,1.0,5,3,16,0.49,ok
CNNC1=NS(=O)(=O)c2cc(C(=O)OC)c(Cl)cc2S1,0,0.1111,9,1,8,0.0,,,16,0.19,ok
COc1ccc(Nc2nccc(NCCNC(=O)Nc3ccccc3F)n2)cc1,1,1.0,3,3,0,1.0,2,2,4,0.15,ok
Nc1ncnc(C#Cc2ccc(N3CCOCC3)nc2)c1Cc1cccc(Br)c1,1,1.0,3,3,0,1.0,2,2,5,0.15,ok
COc1ccc(N2/C(=N/c3ccc(C(F)(F)F)cc3)SCC2(O)C(F)(F)F)cc1,1,1.0,3,3,0,1.0,1,1,1,0.03,ok
CCN1CC[C@H]2[C@H](c3ccc(O)cc3)c3cc(C)ccc3[C@H]2C1,0,0.2727,22,6,16,0.0,,,126,1.24,ok
Cc1cccc(C)c1-c1noc(C)c1NC(=O)NCc1ccc(OC(C)C)nc1,1,1.0,5,5,0,1.0,4,3,11,2.13,ok
CCOC(=O)C1CCCN(S(=O)(=O)c2cc(C(=O)OC)n(C)c2)C1,0,0.6,5,3,2,0.111111,,,16,0.18,ok
O=C(N/N=C/c1c(-c2ccccc2)no[n+]1[O-])c1ccccc1,1,1.0,7,7,0,1.0,6,5,29,0.14,ok
Cc1nn(-c2ccc(C#N)cc2)c(C)c1Cc1ccc(F)cc1,1,1.0,3,3,0,1.0,2,2,3,0.08,ok
CC(=O)c1cccc(NC(=O)CCN2CCN(c3ccccn3)CC2)c1,1,1.0,3,3,0,1.0,2,2,6,0.19,ok
Cc1cc(C)nc(NS(=O)(=O)c2ccc(N)cc2)n1,1,1.0,2,2,0,1.0,1,1,1,0.02,ok
CCOC(=O)c1c(C)n(-c2ccccc2)c2ccc(OC(=O)c3cccc(Cl)c3)cc12,1,1.0,3,3,0,1.0,2,2,4,0.1,ok
Cc1nn(C)cc1-c1ccnc(N2CCSCC2)n1,1,1.0,3,3,0,1.0,2,2,4,0.11,ok
Cc1cn(N2CC(O)C(CO)C2)c(=O)[nH]c1=O,0,0.0,3,0,3,0.015625,,,31,0.14,ok
CC(=O)Nc1ccn([C@@H]2CO[C@H](CO)O2)c(=O)n1,1,1.0,2,2,0,1.0,1,1,1,0.03,ok
CN1CCC(NC(=O)c2cccc3c(NCCCCCCNc4c5ccccc5nc5c(C(=O)NC6CCN(C)CC6)cccc45)c4ccccc4nc23)CC1,1,1.0,7,7,0,1.0,6,3,12,0.41,ok
CC(=O)OCC1OC(n2c(-c3cccs3)c3c(c(C#N)c2=S)-c2ccccc2CC3)C(OC(C)=O)C(OC(C)=O)C1OC(C)=O,0,0.875,8,7,1,0.5,,,72,1.63,ok
C1CC2C3C4C5CCC4C24CNCC54C13,0,0.4,10,4,6,8e-06,,,128,2.18,ok
Cc1cnc(-c2ccccc2C(C)C)nc1NCc1cccnc1,1,1.0,3,3,0,1.0,2,2,4,0.11,ok
O=C(CNc1ccc(F)cc1)N/N=C1\CCCc2ccccc21,1,1.0,2,2,0,1.0,1,1,1,0.03,ok
CCN(Cc1nc(-c2ccccc2)no1)C(=O)COc1cccc(OC)c1,1,1.0,2,2,0,1.0,1,1,1,0.04,ok
COC(=O)C(CN)c1c[nH]c2cc(Cl)ccc12,1,1.0,2,2,0,1.0,1,1,1,0.02,ok
Cc1cc(NC(=O)NC(=O)c2ccccc2)c(C(C)C)cc1O,1,1.0,3,3,0,1.0,2,2,4,0.07,ok
O=C1CCCc2c1ccn2C(=O)c1cccc(-c2ccccc2)c1,1,1.0,2,2,0,1.0,1,1,1,0.04,ok
C=CC(=O)Nc1cccc(-n2c(=O)cc(C(F)(F)F)c3cnc(Nc4ccc(N5CCN(C)CC5)cc4OC)nc32)c1,0,0.5,6,3,3,0.015625,,,28,0.47,ok
CCCN1CCN(c2cc(-c3n[nH]c4ccc(OC(C)C)cc34)ncn2)CC1,1,1.0,4,4,0,1.0,3,3,15,0.33,ok
N#Cc1ccc(-c2ccc(OS(N)(=O)=O)cc2)cc1,0,0.1667,6,1,5,0.000129,,,44,0.09,ok
Cc1cc(=O)oc2cc(OCCCC(=O)N3CCC(O)(c4ccc(Br)cc4)CC3)ccc12,1,1.0,4,4,0,1.0,3,2,5,0.12,ok
CCOC(=O)[C@H](C)NP(=O)(OC[C@H]1O[C@@H](n2ccc(N)nc2=O)[C@](C)(O)[C@@H]1O)Oc1ccc(C[C@H](N)C(=O)OC)cc1,0,0.4615,13,6,7,0.0,,,61,0.55,ok
O=C1c2ccccc2S(=O)(=O)N1CCCCN1CCC(n2c(=O)oc3cc(F)ccc32)CC1,1,1.0,3,3,0,1.0,2,2,5,0.17,ok
O=C(Cc1c(Cl)cccc1Cl)N1CCN(Cc2ccccc2)CC1,1,1.0,2,2,0,1.0,1,1,1,0.05,ok
Cc1cc(C(=O)N(C)C)nc(C2(C)CCCN2c2ccccc2)n1,0,0.6667,6,4,2,0.111111,,,16,0.18,ok
CC1C(=O)N2CCCc3cc(S(=O)(=O)N4CCN(c5cccc(Cl)c5)CC4)cc1c32,1,1.0,10,10,0,1.0,7,5,61,0.69,ok
CCCCCNC(=O)[C@H](Cc1ccc(OCC(=O)O)c(C(=O)O)c1)NC(=O)[C@H](Cc1ccccc1)N1CCCC1=O,1,1.0,7,7,0,1.0,6,4,20,0.43,ok
COc1cccc(/C=C2\CCC/C(=C\c3cccc(Cl)c3Cl)C2=O)c1OC,1,1.0,3,3,0,1.0,1,1,1,0.05,ok
Cn1ncc(C(=O)N2CCC(Nc3cnnc4ccccc34)CC2)c1Cl,1,1.0,2,2,0,1.0,1,1,1,0.03,ok
O=C(O)[C@@H]1CCCN(CCOC=C(c2cc(F)ccc2F)c2cc(F)ccc2F)C1,1,1.0,4,4,0,1.0,3,2,6,0.14,ok
N#Cc1ccc(N2CCN3CC2CCC3C(c2ccccc2)c2ccccc2)cc1,0,0.3333,18,6,12,0.0,,,90,0.94,ok
CC(C)c1noc(CN2CCC(C3CCCCCN3S(C)(=O)=O)CC2)n1,1,1.0,7,7,0,1.0,6,4,55,0.96,ok
CN1CC(O)(c2ccc(-c3cccs3)cc2)OC2CCCCC21,1,1.0,4,4,0,1.0,2,2,5,0.12,ok
CC(C(=O)Nc1nnc(CCCCc2nnc(N)s2)s1)c1ccccc1,1,1.0,5,5,0,1.0,4,3,18,0.23,ok
COc1ccc(C2CC(c3ccc(Cl)cc3)=NN2c2ccc(S(N)(=O)=O)cc2)c(OC)c1,1,1.0,3,3,0,1.0,1,1,1,0.03,ok
CN(C)c1ccc2nc3ccc(N4CCOCC4)cc3[o+]c2c1,0,0.25,4,1,3,0.015625,,,15,0.13,ok
CCS(=O)(=O)Nc1cccc(-c2c(-c3ccc4nccnc4c3)n(C)n(C)c2=O)c1,0,0.6667,12,8,4,0.0016,,,76,0.65,ok
COc1cnccc1-c1cccnc1OC1CN(C(=O)OCc2ccccc2)C1,1,1.0,2,2,0,1.0,1,1,1,0.05,ok
CSc1c(F)c(N)c2c(=O)cc(-c3ccc(N)c(F)c3)oc2c1F,0,0.3333,3,1,2,0.111111,,,37,0.25,ok
Clc1ccc(Cn2nnc(-c3ccc(N4CCOCC4)cc3)n2)cc1,1,1.0,2,2,0,1.0,1,1,1,0.04,ok
C=CCO[C@H]1C[C@@H](C)C=C2C=C[C@H](C)[C@H](CCC3C[C@@H](O)CC(=O)O3)[C@H]21,0,0.3333,15,5,10,0.0,,,85,1.27,ok
Cc1c(NS(=O)(=O)c2cccc(C(=O)NCc3cccc(Cl)c3)c2)c(=O)n(-c2ccccc2)n1C,1,1.0,3,3,0,1.0,2,2,4,0.11,ok
Nc1cccc(C(=O)NCC(=O)c2ccc(C(=O)Nc3ccccc3N)cc2)c1,1,1.0,4,4,0,1.0,3,3,9,0.17,ok
CC(C)(C)CN1CCC2(CC1)CN(c1ccccc1NC(=O)Nc1nc3ccccc3s1)c1c(O)ccc(Cl)c12,1,1.0,8,8,0,1.0,7,5,62,1.07,ok
C[C@H]1CN(C)[C@@H](CCO)CN1C(=O)N1Cc2c(NC(=O)c3ccccn3)n[nH]c2C1(C)C,0,0.5455,11,6,5,0.000129,,,67,0.36,ok
COc1ccc(Cl)cc1NC(=O)CN1C(=O)NC(C)(Cc2ccc(OC)c(OC)c2)C1=O,1,1.0,10,10,0,1.0,9,5,58,0.57,ok
C[C@H](CC(=O)N1CCn2c(nnc2C(F)(F)F)C1)[C@H](N)C(=O)N1CCC[C@H]1C#N,1,1.0,3,3,0,1.0,2,2,4,0.11,ok
COc1cc2c(cc1OC)-c1n[nH]c(C#Cc3ccc(C#N)cc3)c1C2,0,0.4,5,2,3,0.015625,,,20,0.23,ok
COc1ccc(-c2cnn3cc(-c4ccsc4)cnc23)cc1,1,1.0,4,4,0,1.0,3,3,11,0.24,ok
O=C(O)C[C@H](NC(=O)C1CCN(C(=O)c2cccc(Cl)c2)CC1)C(=O)COc1c(F)c(F)cc(F)c1F,1,1.0,5,5,0,1.0,4,3,16,0.27,ok
CCN(CC)C(=O)Cn1cc(C(=O)C(=O)N2CCN(C)CC2)c2ccccc21,1,1.0,3,3,0,1.0,2,2,4,0.13,ok
CCCCOc1cc(C(F)(F)F)ccc1CNC(=O)C(C)c1ccc(NS(C)(=O)=O)c(F)c1,0,0.5,8,4,4,0.0016,,,37,0.25,ok
CCN(CCO)C(=O)c1cc2c(C)ccnn2c1-c1cccc(C(F)(F)F)c1,0,0.25,12,3,9,0.0,,,43,0.36,ok
COC(=O)/C=C/c1cccc2c1N(Cc1ccc(OC)cc1)C(=O)C2=O,1,1.0,3,3,0,1.0,2,2,4,0.11,ok
C#CCOCCOCCOCCNc1nc(N2CCOCC2)nc(N2CCN(C(=O)[C@H](CCCCN)n3cc([C@@H](N)C(C)CC)nn3)CC2)n1,0,0.4118,17,7,10,0.0,,,67,0.93,ok
C/C(=N/NC(=O)c1ccccc1)C1=C(O)CC(C)(C)CC1=O,1,1.0,2,2,0,1.0,1,1,1,0.03,ok
Nc1sc2c(c1C(=O)c1ccccc1)CCNC2,1,1.0,3,3,0,1.0,2,2,3,0.05,ok
Clc1ccc(C2[C@H]3CN(Cc4cccnc4)[C@H](c4ccccc4)C34CC2(c2cccnc2)C4)cn1,0,0.5,10,5,5,0.000129,,,71,0.91,ok
On1c(-c2ccccc2Cl)nc2ccccc21,0,0.6667,3,2,1,0.5,,,6,0.04,ok
COC(=O)N[C@@H](C(=O)N1CCC[C@H]1c1ncc(-c2ccc(-c3ccc(-c4cnc([C@@H]5CCCN5C(=O)[C@@H](c5ccccc5)N(C)C)[nH]4)cc3)cc2)[nH]1)c1ccccc1,1,1.0,21,21,0,1.0,14,4,36,1.58,ok
Cc1ccc(-c2nnc(-c3cc(C)on3)o2)cc1,1,1.0,2,2,0,1.0,1,1,1,0.17,ok
COc1ccc(C#Cc2ccc(C3=CC(=O)CC(C)(C)C3=O)cc2)cc1,1,1.0,5,5,0,1.0,4,4,18,1.42,ok
Cc1ccc(C)c(-c2ccc(/N=N/c3cc(S(=O)(=O)[O-])c4ccccc4c3N)cn2)c1,0,0.3077,13,4,9,0.0,,,53,1.8,ok
COc1cc(/N=N/c2ccccc2C(=O)O)ccc1O,1,1.0,2,2,0,1.0,1,1,1,0.03,ok
COc1ccc2c(c[n+]3c4c2ccc2c5c(cc(c24)CC3)OCO5)c1OC(C)=O,0,0.2857,7,2,5,0.000129,,,12,0.14,ok
CC(C)[C@H]1C(=O)N(C)[C@@H](C)C(=O)NCCC[C@H](NC(=O)/C=C/C=C/[C@@H](O)[C@@H](C)O)C(=O)N1C,0,0.8,10,8,2,0.111111,,,76,0.92,ok
CC(=O)C[C@@H](CC(=O)Oc1ccc(C#N)cc1)c1ccccc1,1,1.0,2,2,0,1.0,1,1,1,0.03,ok
O=C(NC1CCCCCCC1)c1cc2cc(Cl)ccc2o1,1,1.0,2,2,0,1.0,1,1,1,0.03,ok
COC1CCCc2nc3ccccc3c(N)c21,0,0.0,3,0,3,0.015625,,,5,0.06,ok
C#C[C@]1(O)CC[C@H]2[C@@H]3CCC4=C/C(=N/CCOC(=O)c5cccc6c(=O)c7ccccc7[nH]c56)CC[C@@H]4[C@H]3CC[C@@]21C,0,0.25,8,2,6,8e-06,,,24,0.48,ok
CC(CC1C(C#N)=C(N)OC2=C1C(=O)CCC2)c1ccccc1,1,1.0,4,4,0,1.0,2,2,3,0.06,ok
CNC(=O)NC(=O)COc1ccc2oc3c(c2c1)CCCC3,1,1.0,2,2,0,1.0,1,1,1,0.05,ok
CCC(C(=O)NCc1ccncc1)N(c1ccc(F)cc1)S(C)(=O)=O,0,0.4444,9,4,5,0.000129,,,36,0.16,ok
Cc1ccc(S(=O)(=O)Nc2cc(Cl)ccc2Cn2ccnn2)cc1C,0,0.7143,7,5,2,0.111111,,,39,0.2,ok
Cc1c(C)c2c(c(C)c1O)CCC(C)(CCN(C)C)O2,0,0.1429,7,1,6,8e-06,,,23,0.23,ok
COc1cc(-c2nc3ccccc3nc2-c2ccc(O)c(OC)c2)ccc1O,1,1.0,5,5,0,1.0,4,3,11,0.28,ok
CC1(C)C=C(N2CCCC2=O)c2ccc(Br)cc2C1=O,1,1.0,4,4,0,1.0,2,2,6,0.12,ok
Cc1ccc([C@]2(O)CC[C@H](N3CC[C@H](NC(=O)CNC(=O)c4cccc(C(F)(F)F)c4)C3)CC2)cc1,1,1.0,3,3,0,1.0,2,2,4,0.13,ok
O=C(Nc1ccccc1-c1cnco1)N1CCN2C(=O)N([C@H]3C[C@@H]3c3ccccc3)C(=O)C2C1,1,1.0,6,6,0,1.0,5,3,19,0.54,ok
O=C(CCCCc1ccn(Cc2ccc(OCc3ccccc3)cc2)n1)NO,0,0.25,4,1,3,0.015625,,,11,0.18,ok
Brc1ccc(-c2[nH]c3ccccc3c2-c2nc(-c3ccccc3)c(-c3ccccc3)n2-c2ccc(Br)cc2)cc1,1,1.0,7,7,0,1.0,6,4,22,0.54,ok
CCc1cc(-c2noc(-c3cc(C)cc(CC(C)C)n3)n2)cc(C)c1OC[C@@H](O)CNC(=O)CO,0,0.6,5,3,2,0.111111,,,26,0.29,ok
COc1ccc(NC(=O)Nc2ccc3c(c2)C(=O)N([C@H](C)CO)C[C@@H](C)[C@H](CN(C)Cc2ccc(C(=O)O)cc2)OCCCC[C@@H](C)O3)cc1,0,0.4375,16,7,9,0.0,,,68,1.37,ok
Cc1cc(C(=O)Nc2ccc(-c3ccccc3S(N)(=O)=O)cc2)n(-c2ccc(N)nc2)n1,1,1.0,4,4,0,1.0,3,2,5,0.15,ok
O=C(c1ccc(-c2cnc3ccc(NCc4ccc(Cl)c(Cl)c4)nn23)cc1)N1CCC(N2CCCC2)CC1,1,1.0,4,4,0,1.0,3,3,14,0.41,ok
O=C(Nc1cccc(C2=NCCCN2)c1)Nc1cccc(C2=NCCCN2)c1,1,1.0,7,7,0,1.0,4,2,6,0.18,ok
CCCCCc1ccc(-c2cn(Cc3cc4c(nc3C)-c3cc(C)c(C)cc3CCC4)nn2)cc1,0,0.6667,6,4,2,0.111111,,,89,0.99,ok
O=C(Nc1ccc(Cc2nnn(Cc3ccccc3)n2)cc1)C(F)(F)C(F)(F)C(F)(F)C(F)(F)C(F)(F)C(F)(F)C(F)(F)F,0,0.2667,15,4,11,0.0,,,30,0.36,ok
N#Cc1ccnc(N2CCC[C@H]2C(=O)N(c2cccc(F)c2)[C@@]2(C(=O)NC3CC(F)(F)C3)CCc3ccccc32)c1,1,1.0,4,4,0,1.0,3,3,11,0.36,ok
COc1ccc(N2C(=O)/C(=C\NNS(=O)(=O)c3ccc(C)cc3)c3ccccc3C2=O)cc1OC,1,1.0,3,3,0,1.0,2,2,4,0.12,ok
O=C(C1CC1)N1CCN(c2ccc(-n3cncn3)nn2)CC1,1,1.0,2,2,0,1.0,1,1,1,0.03,ok
Cc1[nH]cnc1Cn1ccc2cc(Br)c3ccccc3c2c1=O,0,0.5,2,1,1,0.5,,,2,0.04,ok
C=CCN1C(=O)C(C(=O)c2ccc(O)cc2)C(=O)N(CC=C)C1=O,1,1.0,3,3,0,1.0,2,2,5,0.14,ok
CS(=O)(=O)NCc1ccc(N2CCCCC2)c(NC(=O)c2ccc(C#N)o2)c1,1,1.0,4,4,0,1.0,3,3,14,0.17,ok
CC1(C)C2CCC1(C)C(NC(=O)CCN1CCOCC1)C2,0,0.2857,7,2,5,0.000129,,,52,0.38,ok
O=C(c1ccco1)N(c1nc2ccccc2o1)C1CCN(CCc2ccccc2)CC1,1,1.0,3,3,0,1.0,2,2,5,0.18,ok
Cc1cc(C(=O)N2CCC3(CCN(C(=O)OCC(C)(C)C)C3)CC2)cc2cn[nH]c12,1,1.0,3,3,0,1.0,2,2,5,0.13,ok
CC(=O)Nc1ccc(S(=O)(=O)Nc2nc3ccccc3nc2Cl)cc1,1,1.0,2,2,0,1.0,1,1,1,0.04,ok
Cc1oc(C(=O)O)cc1COc1cccc(-c2ccccc2)c1,1,1.0,3,3,0,1.0,2,2,4,0.08,ok
O=C(Nc1ncc([N+](=O)[O-])s1)c1ccccc1O,1,1.0,2,2,0,1.0,1,1,1,0.02,ok
NOCc1cccc(I)c1,0,0.3333,3,1,2,0.111111,,,7,0.03,ok
CC(C)(C)c1ccc(S(=O)(=O)NCCc2ccc(S(N)(=O)=O)cc2)cc1,1,1.0,2,2,0,1.0,1,1,1,0.03,ok
FC(F)(F)c1ccccc1/C=N/Nc1ncnc2sc3c(c12)CCCC3,1,1.0,2,2,0,1.0,1,1,1,0.03,ok
CCCCCCCCCCCCCCOc1ccc(/C=C(\C)C(=O)OCCN(C)C)cc1,1,1.0,7,7,0,1.0,6,5,42,0.69,ok
Cc1ccc(NC(=O)/C(C#N)=C2\S/C(=N\Nc3ccccc3)C(=O)N2c2ccccc2)cc1,1,1.0,4,4,0,1.0,2,2,5,0.15,ok
CCc1cccc(C(C)C)c1NC(=O)C(=O)C(CC(=O)Nc1ccc(Cl)c(Cl)c1)C(=O)OC,1,1.0,3,3,0,1.0,2,2,4,0.11,ok
COc1ccccc1C1C(C#N)=C(N)Oc2c1oc(CO)cc2=O,0,0.8333,6,5,1,0.5,,,17,0.14,ok
CCn1c(Cn2cncn2)nnc1C1CCN(C2CCNCC2)CC1,1,1.0,4,4,0,1.0,3,3,21,0.34,ok
COc1ccc2nccc([C@@H](O)CN3CCC(NCc4nc5ccccc5s4)CC3)c2c1,1,1.0,4,4,0,1.0,3,2,6,0.17,ok
COc1ccc(Cl)cc1-c1ncn(/C=C\C(=O)OC(C)C)n1,1,1.0,3,3,0,1.0,2,2,3,0.07,ok
NC(c1ccccc1)[PH](=O)O,0,0.2857,7,2,5,0.000129,,,17,0.06,ok
COC(=O)C(C)NP(=O)(OC[C@@H]1C=C[C@H](n2cc(C)c(=O)[nH]c2=O)O1)Oc1ccc(C(F)(F)F)cc1,0,0.5,6,3,3,0.015625,,,17,0.24,ok
O=C(CC(Nc1ccc([N+](=O)[O-])cc1)c1cccc(F)c1)c1ccccc1,1,1.0,3,3,0,1.0,1,1,1,0.03,ok
CCCCCCOc1ccc(C(=O)Nc2cccc3c2OC(c2nnn[nH]2)CO3)cc1,1,1.0,5,5,0,1.0,4,4,19,0.24,ok
COc1ccc(CCNCCC2CN(Cc3ccc(OC)c(OC)c3)c3ccccc3O2)cc1OC,1,1.0,5,5,0,1.0,4,3,15,0.37,ok
COC(=O)CNC(=O)c1cc(-c2ccncc2)nc2ccc(C)cc12,1,1.0,3,3,0,1.0,2,2,4,0.11,ok
COc1ccc(-c2csc(NC(=O)COC(=O)c3ccc(Br)o3)n2)cc1,1,1.0,2,2,0,1.0,1,1,1,0.03,ok
CCCCCCN(CCCCCC)C(=O)[C@H](C)NC(=O)[C@@H](NC(=O)[C@H](Cc1ccc(C(F)(F)P(=O)(O)O)cc1)NC(C)=O)C(C)C,1,1.0,8,8,0,1.0,7,4,18,0.38,ok
CC(C)c1ccc(NS(=O)(=O)c2ccc3[nH]cc(C(=O)NC4CCCC4)c(=O)c3c2)cc1,1,1.0,4,4,0,1.0,3,3,10,0.2,ok
CC(C)C(O)(c1ccc(-c2ccc(F)cc2)cc1)c1c[nH]cn1,1,1.0,3,3,0,1.0,2,2,6,0.15,ok
OCCC1CCCCN1CCc1ccc(Nc2nc(-c3ccc4ccccc4c3)cs2)cc1,1,1.0,5,5,0,1.0,4,3,15,0.36,ok
Cc1cccc(-c2nc(CN3CCCCC3Cn3cncn3)no2)c1,1,1.0,4,4,0,1.0,3,3,14,0.23,ok
c1ccc(-c2cc(CNCCN3CCCCC3)cc(CNCCN3CCCCC3)c2)c(CN2CCOCC2)c1,1,1.0,4,4,0,1.0,3,3,12,0.58,ok
CC[C@H](C)[C@@H](CO)NC(C)Cc1ccc(C)cc1,1,1.0,2,2,0,1.0,1,1,1,0.03,ok
C=C[C@@H]1C[N@@]2CC[C@@H]1C[C@H]2[C@H](O)c1ccnc2ccc(OC)cc12,1,1.0,4,4,0,1.0,3,3,14,0.16,ok
Cc1ccc(Cl)cc1NC(=O)c1cc(S(=O)(=O)N2CCCCCC2)cn1C,0,0.2857,14,4,10,0.0,,,31,0.19,ok
CSC12c3cc(C)n(-c4ccccc4)c3CC(C)(C)CN1C(=O)C2Oc1ccccc1,0,0.6923,13,9,4,0.0016,,,31,0.41,ok
Cc1ccc(Nc2ccnc(Nc3cccc(Br)c3)n2)cc1O,1,1.0,3,3,0,1.0,2,2,4,0.13,ok
COc1cc(OC2CCN(Cc3c(C)cc(C)[n+]([O-])c3C)CC2)c(F)cc1C(=O)N1CCC(N2C(=O)OCc3ccccc32)CC1,1,1.0,5,5,0,1.0,4,3,18,0.55,ok
C[C@H]1O[C@@H](O[C@H]2[C@@H](O)C[C@H](O[C@H]3[C@@H](O)C[C@H](O[C@H]4CC[C@@]5(C)[C@H](CC[C@@H]6[C@@H]5CC[C@]5(C)[C@@H](C7=CC(=O)OC7)[C@@H](OC=O)C[C@]65O)C4)O[C@@H]3C)O[C@@H]2C)C[C@H](O)[C@@H]1O,0,0.4074,27,11,16,0.0,,,88,2.67,ok
O=C(/C=C/c1ccc(O)c(O)c1)NCc1cccc(Cl)c1,1,1.0,3,3,0,1.0,2,2,4,0.08,ok
CC(C)=CCOc1cc(C(CO)Cc2cccc3ccccc23)ncc1C,1,1.0,4,4,0,1.0,3,3,10,0.21,ok
COc1ccc(-n2nc(C(=O)NCC(=O)N3CCCCC3)c3ccccc3c2=O)cc1,1,1.0,3,3,0,1.0,2,2,4,0.1,ok
Cc1cc2ccccc2nc1-c1ccc(N(Cc2ccc(CN3CCOCC3)cc2)C(=O)c2ccc(O)cc2O)cc1,1,1.0,4,4,0,1.0,3,3,8,0.29,ok
CCOC(=O)/C=C(C)/C=C/C=C(C)/C=C(/F)c1c(C)cc(OC)c(C)c1C,1,1.0,8,8,0,1.0,7,4,60,0.82,ok
CC1(C)C2CCC1(C)C(OC(=O)[C@H](NC(=O)[C@@H](N)CC(=O)O)c1ccccc1)C2,0,0.3333,9,3,6,8e-06,,,62,2.05,ok
[O-][n+]1nc2c(Cl)cnn2c2cc(Cl)ccc21,0,0.25,4,1,3,0.015625,,,14,0.09,ok
CCOC(=O)C[n+]1ccc(/C=C/c2cccc3ccccc23)c(C)c1,1,1.0,3,3,0,1.0,2,2,4,0.1,ok
Cc1ccc(C)c(NC(=O)CN(C)C(=O)c2ccc(COc3ccccc3)cc2)c1,1,1.0,2,2,0,1.0,1,1,1,0.04,ok
Cc1cc(S(=O)(=O)Nc2ccc(C(=O)NCCN3CCOCC3)cc2)ccc1F,1,1.0,3,3,0,1.0,2,2,4,0.09,ok
O=C(NCc1ccc(CN2CC[C@@H](O)C2)cc1)c1csc2nc[nH]c(=O)c12,1,1.0,2,2,0,1.0,1,1,1,0.05,ok
CCCCCC(=O)Nc1ccc(S(=O)(=O)Nc2nccc(C)n2)cc1,1,1.0,3,3,0,1.0,2,2,3,0.07,ok
CCOC(=O)c1sc(NC(=O)Cc2c(F)cccc2Cl)nc1C,1,1.0,2,2,0,1.0,1,1,1,0.03,ok
Cn1ccnc1CN(Cc1ccccn1)Cc1ccccc1Cl,1,1.0,2,2,0,1.0,1,1,1,0.04,ok
C[C@]12CC[C@H](O)CC1=CC[C@@H]1C2CC[C@]2(C)C(=O)N(N)C(=O)CC12,0,0.0,12,0,12,0.0,,,57,1.2,ok
CCOc1cc(S(=O)(=O)NCCc2ccc(OC)c(OC)c2)c(OCC)cc1-n1cnnn1,0,0.1176,17,2,15,0.0,,,40,0.41,ok
CNC(=O)c1c(C(N)=O)nc2n1C1CC(C1)c1ccc(C#CC3(O)CCC3)cc1-2,0,0.3333,3,1,2,0.111111,,,5,0.12,ok
CC1=CCC(C(C)(C)OC(=O)CN(C)CCO)CC1,0,0.8,5,4,1,0.5,,,11,0.12,ok
COc1ccc(S(=O)(=O)NC2CCCC2)c(Cl)c1Cl,1,1.0,3,3,0,1.0,2,2,4,0.06,ok
ON=C1C=CC(=NNc2nncc3ccccc23)C=C1,1,1.0,2,2,0,1.0,1,1,1,0.02,ok
O=C(NCC(c1cnc(C(F)(F)F)nc1)N1CCC(F)(F)CC1)c1c(Cl)cccc1Cl,1,1.0,4,4,0,1.0,3,3,7,0.16,ok
Cc1ccc(NC(=O)C2(C)CCN2C(=O)Cc2ccc(-c3ccccc3)cc2)cc1,0,0.1667,12,2,10,0.0,,,30,0.2,ok
CN(C)c1cccc2c(S(=O)(=O)Nc3cnc(Cl)cn3)cccc12,1,1.0,3,3,0,1.0,2,2,3,0.08,ok
O=c1[nH]nc([C@]2(Cc3cccc(Nc4cc[nH]n4)n3)CC[C@@H](S(=O)(=O)c3cccc(Cl)c3Cl)CC2)o1,0,0.2308,13,3,10,0.0,,,67,1.13,ok
Cc1cn(-c2ccc3n(c2=O)CCN([C@@H](C)[C@@H]2CC[C@H](c4cc(F)c(Cl)c(F)c4)O2)C3=O)cn1,1,1.0,9,9,0,1.0,8,4,48,0.71,ok
O=C(Nc1nonc1NC(=O)c1cccc(C(F)(F)F)c1)c1cccc(C(F)(F)F)c1,1,1.0,3,3,0,1.0,2,2,2,0.07,ok
Cc1ccc(C)c(OCc2nc3ccccc3[nH]2)c1,1,1.0,2,2,0,1.0,1,1,1,0.03,ok
O=C1Cc2c(OCCNc3ccc4ccccc4c3)ccc(F)c2N1,1,1.0,6,6,0,1.0,5,4,9,0.15,ok
Cn1ccnc1Cc1ccc2ccccc2c1O,1,1.0,2,2,0,1.0,1,1,1,0.04,ok
CCNC(=O)Nc1ccc(-c2nc(N3CCOC[C@@H]3C)c3nc(C(C)(C)O)n(CCO)c3n2)cc1,1,1.0,5,5,0,1.0,4,4,31,0.37,ok
COc1ccccc1NC(=O)C(=O)NCCC1CCCCN1S(=O)(=O)c1ccccc1,1,1.0,4,4,0,1.0,3,3,7,0.14,ok
COc1ccc(NC(=O)Cc2cs/c(=N\c3ccc(C)cc3C)n2C)cc1,0,0.75,4,3,1,0.5,,,28,0.18,ok
CC(C)c1c(S(=O)(=O)Nc2ccc(C(N)=O)cc2)c(-c2ccc(F)cc2)c(-c2ccc(F)cc2)n1CC[C@@H](O)C[C@@H](O)CC(=O)[O-],0,0.4615,13,6,7,0.0,,,83,1.15,ok
COC(=O)Nc1nc(CN=C=S)c[se]1,0,0.5714,7,4,3,0.015625,,,37,0.12,ok
O=C(CSc1nc2ccc(Nc3nc(N4CCCCC4)nc(N4CCCCC4)n3)cc2s1)c1ccc(F)cc1,1,1.0,4,4,0,1.0,3,2,5,0.17,ok
O=C1CCC2(O)[C@@H]3Cc4ccc(O)c5c4[C@]2(CCN3Cc2ccoc2)C1O5,0,0.2667,15,4,11,0.0,,,109,1.42,ok
O=C(O)/C(Cc1ccc(F)cc1)=N\O,1,1.0,2,2,0,1.0,1,1,1,0.01,ok
O=C(CC1CC1)N1CCCn2nnc(CNc3ncccn3)c2C1,1,1.0,3,3,0,1.0,2,2,3,0.09,ok
Cc1cc(Cn2nc(C(=O)O)cc2C)n2nc(-c3ccccc3)cc2c1,0,0.6667,9,6,3,0.015625,,,65,0.47,ok
CC(C)(C)C(=O)CNCC(=O)C(C)(C)C,1,1.0,2,2,0,1.0,1,1,1,0.01,ok
COc1ccc(-n2nc(C(=O)NCCC3=CCCCC3)c3ccccc3c2=O)cc1,1,1.0,3,3,0,1.0,2,2,4,0.05,ok
CCOC1=NO[C@]2(C1)C[C@H]1CC[C@@H](C2)N1,0,0.0909,11,1,10,0.0,,,40,0.22,ok
O=C(NCc1ccco1)[C@@H]1CCO[C@@H]2CCN(C3CCOCC3)C[C@H]21,0,0.5556,9,5,4,0.0016,,,80,0.96,ok
Cc1nn(Cc2ccc(Cl)cc2)c(C)c1NC(=O)CSc1nc2c(c(C(F)(F)F)n1)CCc1ccccc1-2,0,0.75,8,6,2,0.111111,,,17,0.25,ok
COc1cc2c(cc1OC)C(c1cc(OC)c(OC)c(OC)c1)N(CC(O)CO)CC2,1,1.0,4,4,0,1.0,3,2,7,0.2,ok
CC(=O)N[C@@H](Cc1ccccc1)C(=O)N[C@@H](C)C(=O)N[C@@H](CC(C)C)C(=O)N[C@@H](CCCC[N+](C)(C)C)C(=O)NC(CO)CO,1,1.0,5,5,0,1.0,4,2,13,0.74,ok
c1ccc2cc(OCC3CCN(CC4CC4)CC3)ccc2c1,1,1.0,2,2,0,1.0,1,1,1,0.05,ok
COc1ccc(OCC(=O)Nc2cc(S(=O)(=O)N3CCCC3)ccc2Cl)cc1,1,1.0,3,3,0,1.0,2,2,3,0.08,ok
Cc1ccc(S(=O)(=O)N2CCC(C(=O)N3CCN(Cc4ccccc4)CC3)CC2)cc1,1,1.0,3,3,0,1.0,2,2,5,0.18,ok
O=C(N1CCO[C@@H](CO)C1)N1CC[C@](c2ccc(C(OCc3c(F)cccc3F)(C(F)(F)F)C(F)(F)F)cc2)(S(=O)(=O)c2ccc(F)cc2)C1,1,1.0,5,5,0,1.0,4,3,12,0.35,ok
CCOC(=O)[C@H]1N[C@@H](c2ccc(OC)cc2)[C@@H]([N+](=O)[O-])[C@@H]1c1ccc2c(c1)CCC(C)(C)O2,1,1.0,4,4,0,1.0,3,2,6,0.14,ok
Cc1ccc(C(=O)Nc2ccccc2)cc1Nc1ncnc2cnc(N3CCCCC3)nc12,1,1.0,3,3,0,1.0,2,2,4,0.16,ok
Cc1ccc(S(=O)(=O)N2CCN(C(=O)/C=C/c3ccco3)CC2)cc1,1,1.0,3,3,0,1.0,2,2,5,1.34,ok
O=C(Nc1nc(-c2ccncc2)cs1)NC(CO)c1ccccc1,0,0.6,5,3,2,0.111111,,,19,0.2,ok
COc1ncnc2c1ncn2O[C@H]1CSC(CO)O1,0,0.2857,7,2,5,0.000129,,,15,0.17,ok
C1=CN2CCN=C2CS1,0,0.1905,21,4,17,0.0,,,64,1.68,ok
CCOC(=O)N1CCC(NC(=O)c2cc(-c3ccc(F)cc3)[nH]c2C)CC1,1,1.0,2,2,0,1.0,1,1,1,0.04,ok
CCCCOc1ccc(-c2cc(C(=O)O)c3cc(F)ccc3n2)cc1,1,1.0,2,2,0,1.0,1,1,1,0.03,ok
O=C1CCc2cc(-c3cncc4ccccc34)cc3c2N1CC3,1,1.0,7,7,0,1.0,4,4,31,0.5,ok
CN(CCCCN1CCN(c2cccc3c2ccn3S(=O)(=O)c2ccccc2)CC1)Cc1ccccc1,1,1.0,6,6,0,1.0,4,3,15,0.55,ok
OCCC#Cc1nc(-c2ccncc2)c(-c2ccc(F)cc2)n1C#Cc1ccccc1,1,1.0,6,6,0,1.0,5,5,53,0.89,ok
C[C@@H](c1nc2ccc(C(=O)N[C@H](C#N)CCCCN)cc2n1C)N1C(=O)CN(c2ccc(Oc3ccncc3)cc2)C1=O,0,0.75,8,6,2,0.111111,,,43,0.98,ok
O=C(Cn1cc(CN(C2=CC(=O)c3ccccc3C2=O)c2ccc(Cl)cc2Cl)nn1)c1ccccc1,1,1.0,3,3,0,1.0,2,2,3,0.09,ok
N/C(=N\C(=O)CCCCCCC(=O)/N=C(\N)NCCCc1c[nH]cn1)NCCCc1c[nH]cn1,1,1.0,5,5,0,1.0,4,3,9,0.22,ok
O=C1C(Cl)=C(Nc2ccc(Cl)c(Cl)c2)C(=O)c2[nH]c(-c3ccncc3)nc21,1,1.0,5,5,0,1.0,4,4,46,0.68,ok
CCc1ccc2nc(O)c(CN(Cc3ccc4c(c3)OCO4)C(=O)c3ccco3)cc2c1,1,1.0,3,3,0,1.0,2,2,3,0.12,ok
COc1ccc2sc(CNc3nncc(-c4c(C)cccc4O)n3)nc2c1,1,1.0,4,4,0,1.0,3,3,17,0.23,ok
O=C(/C=C/c1ccc(O)cc1)Nc1cccc(Cl)c1,1,1.0,3,3,0,1.0,2,2,4,0.07,ok
NC(=O)c1ccc(CC(=O)N2CC[C@](c3ccc(C(OCc4c(F)cccc4F)(C(F)(F)F)C(F)(F)F)cc3)(S(=O)(=O)c3ccc(F)cc3)C2)cc1,1,1.0,4,4,0,1.0,3,3,12,0.4,ok
CN1CCCN(c2nc(-c3ccncc3)cnc2N)CC1,1,1.0,3,3,0,1.0,2,2,4,0.13,ok
O=C(N1CCc2c([nH]c3ccccc23)C1)C(O)(c1ccccc1)c1ccccc1,1,1.0,2,2,0,1.0,1,1,1,0.04,ok
Cc1ccc(C(=O)c2sc3cc(O)ccc3c2Oc2ccc(/C=C/C(=O)O)cc2)c(C)c1,1,1.0,4,4,0,1.0,3,3,9,0.3,ok
Cc1ccc2cccc(Oc3ncnc4scc(-c5ccc(Cl)cc5)c34)c2n1,1,1.0,3,3,0,1.0,2,2,4,0.13,ok
O=C(Nc1cccc(S(=O)(=O)N2CCOCC2)c1)C1=NN(c2ccccc2)C(=O)CC1,1,1.0,2,2,0,1.0,1,1,1,0.04,ok
CCC(C)NC(=O)C1c2ccccc2Oc2ccccc21,0,0.5,6,3,3,0.015625,,,13,0.06,ok
CO[C@H](C)c1cn(C2=NCC(=O)N3CCc4c(ccc(F)c4C4CC4)C3=C2)cn1,1,1.0,17,17,0,1.0,16,5,119,1.57,ok
COC(=O)C(Cc1ccccc1)NC(=O)c1cccc(S(=O)(=O)N(C)C)c1,0,0.5,4,2,2,0.111111,,,13,0.12,ok
CCCCCCCCCCCCCC[N+](C)(C)CCN(C)CC[N+](C)(C)CCCCCCCCCCCCCC,1,1.0,9,9,0,1.0,8,4,29,0.48,ok
Cc1ccc2c(c1)cc(CN(Cc1cccnc1)C(=O)NCc1ccccc1)c1nnnn12,1,1.0,3,3,0,1.0,2,2,4,0.11,ok
C[C@@H]1CN(Cc2c[nH]nc2-c2ccc3c(c2)C(C)(C)NC(=O)O3)CCN1c1ccc(C(F)(F)F)cn1,1,1.0,12,12,0,1.0,9,5,86,1.03,ok
C[C@H](CO)N1C[C@H](C)[C@@H](CN(C)C(=O)NC2CCCCC2)Oc2ccc(NC(=O)c3ccncc3)cc2C1=O,0,0.6667,6,4,2,0.111111,,,44,0.83,ok
CNC(=O)[C@H](Cc1ccc(OC)cc1)NC(=O)[C@H](CC(C)C)[C@@H](S)CC(=O)OC(C)(C)C,0,0.5,4,2,2,0.111111,,,6,0.15,ok
C[C@H]([C@H](O)/C=C/C(C)(C)O)[C@H]1CC[C@@]2(C)C3=CC[C@H]4C(C)(C)[C@@H](O)CC[C@]4(C)C3=CC[C@]12C,0,0.0,3,0,3,0.015625,,,5,0.2,ok
O=C(O)c1cn2c3c(c(N4CCN(CC(F)(F)F)CC4)c(F)cc3c1=O)SCC2,0,0.1071,28,3,25,0.0,,,72,0.85,ok
CC(=O)Nc1ccccc1N(CC(O)Cn1c2ccccc2c2ccccc21)S(=O)(=O)c1ccc(C)cc1,1,1.0,5,5,0,1.0,4,3,12,0.2,ok
Cn1ccnc1CCC1CCCCN1Cc1nccn1C,1,1.0,5,5,0,1.0,4,3,13,0.24,ok
CC1(C)CC2(OC(=O)N(Cc3ccc(NS(C)(=O)=O)cc3)C2=N)c2ccccc2O1,0,0.6364,11,7,4,0.0016,,,83,0.68,ok
CCN(c1ccccc1)S(=O)(=O)c1cccc(C(=O)NCC(c2ccco2)N2CCCCC2)c1,0,0.75,8,6,2,0.111111,,,47,0.24,ok
O=C(Nc1ccc(CN2CCN(S(=O)(=O)c3cccc(Cl)c3)CC2)cc1)c1cccs1,1,1.0,5,5,0,1.0,3,3,12,0.31,ok
O=C(O)CSc1nnc(COc2ccc([N+](=O)[O-])cc2)n1-c1ccccc1,1,1.0,3,3,0,1.0,2,2,2,0.05,ok
CC(CCc1cccc(OCc2ccc3ccccc3n2)c1)Cc1nnn[nH]1,1,1.0,3,3,0,1.0,2,2,2,0.05,ok
CC(C)C[C@H](CO)Nc1nc(S[C@@H](C)c2cc(Cl)ccn2)nc2[nH]c(=O)sc12,0,0.625,8,5,3,0.015625,,,44,0.22,ok
O=C(O)C1=Cc2cc(Cl)c(OCC3CCCC3)c(Cl)c2OC1C(F)(F)F,1,1.0,4,4,0,1.0,2,2,6,0.11,ok
CC[P+](Cc1ccc(C(=O)c2ccc(C[P+](CC)(c3ccccc3)c3ccccc3)cc2)cc1)(c1ccccc1)c1ccccc1,1,1.0,4,4,0,1.0,3,2,20,0.37,ok
CC(C)C[C@H](NC(=O)Cc1cccc(F)c1)C(=O)N[C@@H](CC1CCCCC1)[C@@H](O)C(=O)Cc1ccccc1,1,1.0,5,5,0,1.0,4,3,10,0.21,ok
c1c[nH]c(SCCc2c[nH]c3ccccc23)c1,1,1.0,3,3,0,1.0,2,2,4,0.05,ok
N=C(N)NCCC[C@H](NC[C@H](Cc1ccccc1)NC(=O)[C@@H]1CCCN1)C(=O)O,1,1.0,4,4,0,1.0,3,3,6,0.17,ok
O=C(NC12CC3CC(CC(C3)C1)C2)N[C@H]1CC[C@H](Oc2ccc(C(F)(F)F)cn2)CC1,1,1.0,3,3,0,1.0,2,2,4,0.13,ok
COc1cc(-c2cccc(OC)c2F)cc(OC)c1O,1,1.0,2,2,0,1.0,1,1,1,0.04,ok
Cc1ccc(C)c(NC(=O)CSc2nnc(CNc3c(C)cccc3C)n2-c2ccccc2)c1,1,1.0,3,3,0,1.0,2,2,2,0.06,ok
NCc1c(O)c(Cl)cc(Cl)c1F,0,0.125,8,1,7,0.0,,,28,0.05,ok
O=C(NCCN1CCC(c2noc3cc(Cl)ccc23)CC1)c1nsc2ccccc12,1,1.0,7,7,0,1.0,6,4,31,0.37,ok
C[C@H](NC(=O)CNC(=O)Nc1ccc(C(=N)N)c(F)c1)c1cccc(Br)c1,1,1.0,3,3,0,1.0,2,2,5,0.14,ok
COc1ccc(NC(=O)NO)c(OC)c1,1,1.0,2,2,0,1.0,1,1,1,0.03,ok
CC(=O)c1cccc(OCCCC(=O)N(C)Cc2cccc(O)c2)c1,1,1.0,2,2,0,1.0,1,1,1,0.03,ok
C/C(=C\COP(=O)(O)OP(=O)(O)O)CCCCCCCOCc1ccccc1,1,1.0,9,9,0,1.0,8,5,35,0.48,ok
COc1ccc(-n2c(Cc3cccn3C)nnc2SCC(=O)Nc2ccc(F)cc2F)cc1,1,1.0,3,3,0,1.0,2,2,3,0.07,ok
Cc1cncc(C2C(C#N)=C(N)Oc3c2ccc2[nH]ccc32)c1,1,1.0,4,4,0,1.0,1,1,1,0.03,ok
COc1cccc(CC2(CO)CCN(C(=O)NCCc3ccccc3)CC2)c1,1,1.0,2,2,0,1.0,1,1,1,0.04,ok
COc1ccc(Nc2ncnc3c2C(c2cccc(O)c2)c2c(c(=O)oc4ccccc24)O3)cc1,1,1.0,5,5,0,1.0,2,2,4,0.13,ok
COc1ccc2[nH]c3c(c2c1)CCC1c2ccccc2C31O,1,1.0,4,4,0,1.0,3,2,5,0.12,ok
Oc1noc2cc(CCc3nn[nH]n3)ccc12,1,1.0,2,2,0,1.0,1,1,1,0.02,ok
OC(CN1CCC(c2nnc(-c3ccc(Cl)cc3)o2)CC1)(Cn1cncn1)c1ccc(F)cc1F,1,1.0,5,5,0,1.0,3,2,6,0.17,ok
COc1ccc2c(c1)C(=O)N(c1ccc(N3CCOCC3=O)cc1)CN2C(=O)Cc1ccc(Cl)c(Cl)c1,0,0.8,5,4,1,0.5,,,73,0.97,ok
Cc1cccc(C)c1N1CC2(C(=O)Nc3cc(C(F)(F)F)cc(C(F)(F)F)c3)C[C@@H](F)CC2C1=O,0,0.125,16,2,14,0.0,,,62,0.62,ok
CCc1ccc(OCCCON2C(=N)N=C(N)NC2(C)C)cc1,0,0.5,8,4,4,0.0016,,,53,2.14,ok
CNc1ncc2cc(-c3cccc(C(=O)Nc4cccc(C(F)(F)F)c4)c3)ccc2n1,1,1.0,3,3,0,1.0,2,2,5,0.17,ok
Nc1nc2ncc(CNc3ccc(C(=O)N[C@@H](CCC(=O)NCCCCCCC(=O)Nc4cc(-c5cccs5)ccc4N)C(=O)O)cc3)nc2c(=O)[nH]1,1,1.0,5,5,0,1.0,4,2,6,0.33,ok
Cn1cc(-c2cnc(N)c(NCc3c(Cl)cccc3Cl)n2)cn1,1,1.0,3,3,0,1.0,2,2,4,0.1,ok
Cc1cccc(/C=N\Nc2nnc(-c3ccccc3)c(O)n2)c1,1,1.0,2,2,0,1.0,1,1,1,0.03,ok
CN(C)C(=O)[C@H]1C[C@@H]1c1ccc(-c2ncn([11CH3])c2Sc2ccc(Cl)cn2)cc1,0,0.4,5,2,3,0.015625,,,49,0.5,ok
COc1cccc(-c2nc(C[S+]([O-])CC(=O)NCCc3ccccc3)c(C)o2)c1,0,0.5714,7,4,3,0.015625,,,57,0.33,ok
Nc1nc(-c2ccccc2)cn1/N=C/c1ccnc2ccccc12,1,1.0,2,2,0,1.0,1,1,1,0.03,ok
CCCCCCCCCCCCC(O)C1CCC(C(O)CCCCCCC(O)CCCCCCCC2=CC(C)OC2=O)O1,0,0.4444,27,12,15,0.0,,,116,1.88,ok
CNC(=Nc1ccccc1)SC1CC(=O)N(c2cccc(OC)c2)C1=O,1,1.0,2,2,0,1.0,1,1,1,0.02,ok
COc1ccc(CCNC(=O)c2ccccc2NS(=O)(=O)c2cc(C(=O)O)ccc2OC)cc1,1,1.0,3,3,0,1.0,2,2,5,0.13,ok
NCCSC(c1ccccc1)(c1ccccc1)c1ccc2ccccc2c1,1,1.0,4,4,0,1.0,3,3,13,0.22,ok
Clc1ccc(CN2C3=NCCCN3c3ccccc32)cc1Cl,1,1.0,3,3,0,1.0,2,2,4,0.09,ok
Oc1nc2c3c(ccc2[nH]1)CCC(CNCc1ccccc1)O3,1,1.0,5,5,0,1.0,4,3,13,0.2,ok
COc1ccc(S(=O)(=O)N2CCN(Cc3ccccc3OC)CC2)cc1,1,1.0,4,4,0,1.0,2,2,5,0.17,ok
Cc1ccc(CN2CCN(Cc3cc(C)n[nH]3)CC2CCO)cc1,1,1.0,6,6,0,1.0,5,4,37,0.44,ok
O=C1NC(=O)/C(=C/c2cn(-c3ccccc3)nc2-c2ccccc2)S1,1,1.0,2,2,0,1.0,1,1,1,0.04,ok
CC(=O)Nc1ccc(Nc2nccc(-c3ccc(Oc4ccccc4N)cc3)n2)cc1,1,1.0,3,3,0,1.0,2,2,4,0.17,ok
O=C([C@H](Cc1ccc(Cl)cc1Cl)NC(=O)C1(c2ccc(Cl)cc2Cl)CC1)N1CCNCC1,1,1.0,3,3,0,1.0,2,2,4,0.11,ok
CCCN(C)c1ncc(-c2ccc(OCC)cc2)cc1C(=O)c1ccc(F)cc1,1,1.0,4,4,0,1.0,3,3,11,0.29,ok
CCn1ccc2c(OCC(=O)Nc3ccc(C(C)=O)cc3)cccc2c1=O,1,1.0,2,2,0,1.0,1,1,1,0.03,ok
Cc1cc(N2CCC(NS(C)(=O)=O)CC2)nc(C(C)C)n1,1,1.0,2,2,0,1.0,1,1,1,0.02,ok
Cc1cc(C)n(CC(=O)Nc2ccc3c(c2)OCO3)c(=O)c1C#N,1,1.0,2,2,0,1.0,1,1,1,0.03,ok
OC(COc1cccc(CNC2CCOCC2)c1)CN1CCc2ccccc2C1,1,1.0,4,4,0,1.0,3,3,11,0.26,ok
Cc1nc(-c2ccccc2)sc1C1(C)CC(c2ccc([N+](=O)[O-])cc2)=NO1,0,0.7143,7,5,2,0.111111,,,22,0.18,ok
CC(C)(C)c1cc(O)cc(-c2ccc(C(=O)NCc3ccccc3)cc2)c1,1,1.0,3,3,0,1.0,2,2,5,0.15,ok
CN(C)CCCC1(c2ccc(F)cc2)OCc2cc(C(=O)NNC(=O)c3cccc([N+](=O)[O-])c3)ccc21,0,0.0667,15,1,14,0.0,,,33,0.52,ok
O=C(O)c1cn(C2CC2)c2cc(N3CCN(C4OC(CO)C(O)C(O)C4O)CC3)c(F)cc2c1=O,1,1.0,9,9,0,1.0,8,4,49,0.41,ok
CC(C)Oc1cccc(C(=O)NC2=NCCS2)c1,1,1.0,2,2,0,1.0,1,1,1,0.03,ok
O=C(c1ccc2[nH]ccc2c1)N1CCCSCC1CN1CCCC1,1,1.0,4,4,0,1.0,3,3,8,0.17,ok
COc1cc(-c2ccc(F)c(F)c2)c(F)cc1-n1c(=O)cnc2cc(S(=O)(=O)Nc3ccon3)ccc21,1,1.0,4,4,0,1.0,3,3,11,0.38,ok
O=S(=O)(O)CI,1,1.0,1,1,0,1.0,,,0,0.0,ok
COc1ccc(Cc2ccc3c(ccn3C)c2)c(OC)c1OC,1,1.0,2,2,0,1.0,1,1,1,0.05,ok
CNC(=O)c1ccc(NC(=O)c2n[nH]c3ccccc23)cc1,1,1.0,2,2,0,1.0,1,1,1,0.05,ok
Cc1ccc2c(c1)CC[C@@H]1[C@@H]2CCC(=O)N1C,0,0.5714,14,8,6,8e-06,,,41,0.3,ok
Cc1ccc(NC(=O)Cn2c(=O)n(Cc3ccc4c(c3)OCO4)c(=O)c3ccccc32)c(C)c1,1,1.0,3,3,0,1.0,2,2,3,0.1,ok
Cc1cc(C)c2cc(C(=O)NC3CCCCCCC3)[nH]c2c1,1,1.0,2,2,0,1.0,1,1,1,0.03,ok
O=C(c1cccc(F)c1Cl)C1CCN(c2nc3cnccc3nc2NC2CC2)CC1,1,1.0,4,4,0,1.0,3,2,5,0.13,ok
Nc1nc(N)c(C(CCc2ccccc2)C[N+](=O)[O-])c(=O)[nH]1,1,1.0,3,3,0,1.0,1,1,1,0.03,ok
CCCn1c(N)c(C(=O)CSc2nnc(C3CC3)n2Cc2ccccc2)c(=O)n(C)c1=O,1,1.0,3,3,0,1.0,2,2,3,0.06,ok
Cc1cc(OCCCc2c(C(=O)Nc3cccc(C(=O)O)c3)[nH]c3c(-c4c(C)nn(C)c4C)c(Cl)ccc23)cc(C)c1Cl,0,0.3333,12,4,8,0.0,,,54,0.95,ok
CC(C)CN1C(=O)c2ccc(NC(=O)c3cccs3)cc2C1=O,1,1.0,2,2,0,1.0,1,1,1,0.03,ok
N#Cc1nc(C2SCCCS2)oc1N,1,1.0,2,2,0,1.0,1,1,1,0.01,ok
O=S1(=O)C2CC3OC2(CN1Cc1ccc(C(F)(F)F)cc1)C1OC31,0,0.4286,14,6,8,0.0,,,120,1.29,ok
CC(=O)O[C@@]12COC1C[C@H](O)[C@@]1(C)C(=O)[C@H](O)C3=C(C)[C@@H](OC(=O)[C@H](O)Cc4ccccc4)C[C@@](O)([C@@H](OC(=O)c4ccccc4)[C@@H]12)C3(C)C,0,0.4286,7,3,4,0.0016,,,27,0.78,ok
Fc1ccc(-n2ncc(-c3nc(-c4cc(F)ccc4F)no3)c2-c2ccccc2)cc1,1,1.0,3,3,0,1.0,2,2,4,0.12,ok
CC[C@@H](CN(C)S(=O)(=O)C1CC1)N1C(=O)[C@](C)(CCC(=O)O)C[C@H](c2cccc(Cl)c2)[C@H]1c1ccc(Cl)cc1,0,0.4286,7,3,4,0.0016,,,15,0.26,ok
O=C(Nc1ccc(F)cc1)c1ccc(CNc2nc(NC3CC3)nc3ccccc23)cc1,1,1.0,3,3,0,1.0,2,2,4,0.16,ok
CCCCOC(=O)/C(C#N)=C1\SCC(=O)N1c1ccccc1F,1,1.0,3,3,0,1.0,1,1,1,0.03,ok
O=c1c(-c2nnn[nH]2)coc2ccc(CO)cc12,0,0.8,5,4,1,0.5,,,11,0.08,ok
Cc1sc2nc(CCN)nc(N(CCN(C)C)CC3CCCO3)c2c1C,1,1.0,5,5,0,1.0,4,4,34,0.26,ok
O=C(O)c1ccccc1C(=O)c1ccc(Sc2ccc(Cl)cc2)c([N+](=O)[O-])c1,1,1.0,3,3,0,1.0,2,2,4,0.16,ok
CN1C(=O)C(/C=N\Nc2ccc([N+](=O)[O-])cc2[N+](=O)[O-])C(=O)N(C)C1=O,1,1.0,2,2,0,1.0,1,1,1,0.03,ok
O=C(O)[C@H]1CCCC[C@H]1C(=O)Nc1ccc(S(=O)(=O)N2CCOCC2)cc1,1,1.0,2,2,0,1.0,1,1,1,0.04,ok
CC(=O)N(c1ccc(N2CCN(C)CC2)cc1)c1ncc2cc(C#N)c(=O)n(C3CCCC3)c2n1,0,0.4444,9,4,5,0.000129,,,34,0.48,ok
O=C(Nc1cccc2cccnc12)c1cccc(N2C(=O)CCC2=O)c1,1,1.0,2,2,0,1.0,1,1,1,0.04,ok
C[C@@H]1Cc2ccccc2N1C(=O)CN1CCN(Cc2ccc(Cl)cc2)CC1,1,1.0,2,2,0,1.0,1,1,1,0.11,ok
COC(=O)c1cc(/C(=C\CCc2nnn(C)n2)c2cccc(C#N)c2)cc(C)c1OC,1,1.0,10,10,0,1.0,7,4,46,0.66,ok
COc1ccc(-c2cn(CCO)nc2-c2ccc(OC)cc2)cc1,1,1.0,5,5,0,1.0,4,4,14,0.2,ok
C/C(=N\NC(N)=O)C1CC(Cc2ccccc2)C(=O)O1,1,1.0,5,5,0,1.0,4,3,17,0.24,ok
CCOc1c(C)c(C)c2c(c1C)C=CC1(CCCCC1)N2,1,1.0,11,11,0,1.0,10,4,56,0.45,ok
O=c1c2c(nc3ccccn13)CCCCCC2,1,1.0,5,5,0,1.0,4,3,9,0.13,ok
COc1cc2c(cc1OC1CCCC1)CN(C(=O)c1ccc(OC(F)(F)F)cc1)C(C(=O)O)C2,1,1.0,9,9,0,1.0,8,5,37,0.49,ok
Cc1nonc1CC(=O)NC1CC(C)(C)Cc2c1cnn2-c1ccc(F)cc1,1,1.0,6,6,0,1.0,5,4,30,0.16,ok
CCN1CCc2c(c(O)c(OC)c3c2ccc2cc(O)c(OC)cc23)C1,0,0.1579,19,3,16,0.0,,,79,0.9,ok
CC1CCC2=C(C1)c1c(O)cc(C(C)C(C)CCc3ccc(F)cc3)cc1OC2(C)C,0,0.3333,6,2,4,0.0016,,,90,3.12,ok
O=C(NCc1ccc(Cl)cc1Cl)N1CCC(O)(c2ccccc2)CC1,1,1.0,2,2,0,1.0,1,1,1,0.04,ok
Nc1ccccc1-c1nnc(C(=O)NCCCn2ccnc2)o1,1,1.0,3,3,0,1.0,2,2,4,0.1,ok
O=C(c1ncc(Cl)cc1-n1nccn1)N1C2CCC1C(COc1ccc(F)cn1)C2,0,0.75,8,6,2,0.111111,,,50,0.47,ok
CC1(C)CC=C(c2cc(C(C)(C)CN3CC4OC(C)(C)OC4C3)ccc2NC(=O)c2nc(C#N)c[nH]2)CC1,1,1.0,11,11,0,1.0,10,5,90,0.96,ok
CC1=CC(=C(C#N)c2nc3ccccc3s2)C=C(C)N1CC1CCCO1,1,1.0,5,5,0,1.0,4,3,21,0.27,ok
COC(=O)c1cc(OCC(=O)NC2CCCc3ccccc32)cc(C(=O)OC)c1,1,1.0,4,4,0,1.0,3,3,14,0.18,ok
CCCOc1c(OCCCn2ccnc2)cc([C@@H]2CC[C@@H](c3cc(OC)c(OC)c(OC)c3)O2)cc1S(=O)(=O)CC(C)=O,0,0.625,8,5,3,0.015625,,,24,0.73,ok
COc1ccccc1-c1cnccc1NS(=O)(=O)C(F)(F)F,1,1.0,8,8,0,1.0,5,4,30,0.19,ok
Clc1ccc2c(NCCCN(CCc3ccccc3)Cc3ncc[nH]3)ccnc2c1,1,1.0,3,3,0,1.0,2,2,5,0.18,ok
CCCNC(=O)c1cc(CN(C)C)c(O)c(C(C)(C)C)c1,1,1.0,3,3,0,1.0,2,2,6,0.09,ok
C=CCC(=O)N[C@@H](Cc1ccc(Cl)cc1)C(=O)N[C@@H](Cc1ccccc1)C(=O)N[C@@H](CCCNC(=N)N)C(=O)N[C@@H](Cc1c[nH]c2ccccc12)C(N)=O,1,1.0,5,5,0,1.0,4,3,19,1.26,ok
Cc1cccc2nc(-c3ccc(C(=O)N/N=C/c4ccccc4O)cc3)[nH]c12,0,0.5,8,4,4,0.0016,,,26,0.22,ok
COC(=O)c1cn(CCOc2ccccc2OC)c2ccccc12,1,1.0,2,2,0,1.0,1,1,1,0.04,ok
CCCc1cn2c(/C=N/N=C(N)N)c(-c3c(OC)ccc(OC)c3[N+](=O)[O-])nc2s1,1,1.0,5,5,0,1.0,4,4,19,0.33,ok
Oc1c(Cc2ccc(Br)cc2)ccc2ccccc12,1,1.0,2,2,0,1.0,1,1,1,0.04,ok
Cc1cc(C(=O)NCCN2CCOCC2)[nH]c1/C=C1\C(=O)N(C)c2ncnc(Nc3ccc(F)c(Cl)c3)c21,1,1.0,4,4,0,1.0,3,2,5,0.21,ok
Cc1ccc(S(=O)(=O)N2CCCC[C@@H]2C(=O)Nc2nc(-c3ccc4occc4c3)cs2)cc1,0,0.7143,7,5,2,0.111111,,,41,0.33,ok
CC(C)(C)C#Cc1nc(N)c2ncn([C@@H]3O[C@H](COS(=O)(=O)NC(=O)CCCC[C@@H]4SC[C@@H]5NC(=O)N[C@@H]54)[C@@H](O)[C@H]3O)c2n1,0,0.8,10,8,2,0.111111,,,96,1.41,ok
COc1ccc(-c2noc3cnc(N[C@@H](C)c4ccccc4)cc23)cc1OC,0,0.4,10,4,6,8e-06,,,57,0.47,ok
COc1ccc(C2NC(=O)c3ccccc3O2)c(OC)c1OC,1,1.0,3,3,0,1.0,1,1,1,0.03,ok
CC1(C)[C@@H](O[C@H]2O[C@H](C(=O)O)[C@@H](O)[C@H](O)[C@H]2O[C@@H]2O[C@H](CO)[C@@H](O)[C@H](O)[C@H]2O)CC[C@]2(C)[C@H]3C(=O)C=C4[C@@H]5C[C@@](C)(C(=O)O)CC[C@]5(C)CC[C@@]4(C)[C@]3(C)CC[C@@H]12,0,0.1667,12,2,10,0.0,,,124,2.67,ok
CC(=O)O[C@@H]1CC[C@@]2(C)[C@@H]3CC[C@](C)(O)CC=C3CC[C@@H]2C1(C)C,0,0.25,4,1,3,0.015625,,,7,0.13,ok
O=C1[C@@H](CCO)[C@@H](c2ccccc2)N1c1ccccc1,1,1.0,2,2,0,1.0,1,1,1,0.02,ok
O=C(Nc1ccc(OC(F)(F)F)cc1)c1ccc(N2CC[C@@H](O)C2)c(-c2cccnc2)c1,1,1.0,4,4,0,1.0,3,3,10,0.28,ok
CC(C)/C=N\n1c(N)c(C#N)c(C#N)c1C(C)C,0,0.5,6,3,3,0.015625,,,27,0.17,ok
Cc1sc(N)c(C(=O)c2cc(C)c3cc(Cl)ccc3c2)c1C,0,0.5,8,4,4,0.0016,,,12,0.12,ok
Cc1cc(-c2n[nH]c3ccc(C(=O)N[C@@H]4CCC[C@@](O)(Cn5ncccc5=O)C4)cc23)ccn1,1,1.0,5,5,0,1.0,4,3,13,0.3,ok
Cc1nc(COCC2CNCc3nccn3C2)cs1,1,1.0,5,5,0,1.0,4,3,13,0.17,ok
Cc1[se]c(/C=C2\C(=O)Nc3cc(-c4ccccc4O)ccc32)cc1C(=O)NCCN1CCCCO1,0,0.25,12,3,9,0.0,,,87,1.33,ok
OC[C@H]1OC(n2c(O)nc3cc(Cl)c(Cl)cc32)[C@H](O)[C@@H]1O,0,0.6667,3,2,1,0.5,,,46,0.2,ok
Cc1cc(O)nc(N/N=C/c2cccs2)n1,1,1.0,2,2,0,1.0,1,1,1,0.02,ok
CCOc1ncc(CCC(C)CC)nc1C,0,0.0769,13,1,12,0.0,,,40,0.1,ok
Oc1ccc(CCc2ccc(O)c(O)c2)cc1O,1,1.0,2,2,0,1.0,1,1,1,0.02,ok
O=C1NC[C@H](CCCCN2C[C@H](Cc3ccccc3)N(CCC3CCCCC3)C(=O)C2=O)N(CCC2CCCCC2)C1=O,0,0.7,10,7,3,0.015625,,,92,1.24,ok
CCC(=O)NCC(CO)c1cccc2ccc(OC)cc12,0,0.6667,3,2,1,0.5,,,6,0.06,ok
Cc1cccc2c1nc(-c1ccc3ccccc3c1)n2Cc1c(F)cccc1F,1,1.0,3,3,0,1.0,2,2,3,0.09,ok
CCN(C[C@H]1N[C@@](C)(C(=O)OC)[C@H]2C(=O)N(C)C(=O)[C@@H]12)C(=O)COC,0,0.4,10,4,6,8e-06,,,70,0.67,ok
c1ccc2c(c1)NC1SCCCN21,1,1.0,5,5,0,1.0,3,2,5,0.06,ok
CCCCN=C(S)NNC(=O)c1cc(-c2ccncc2)nc2ccccc12,0,0.4286,7,3,4,0.0016,,,26,0.29,ok
Cc1ccc(S(=O)(=O)N(C)C[C@@H]2Oc3c(NC(=O)Nc4ccccc4)cccc3C(=O)N([C@H](C)CO)C[C@H]2C)cc1,1,1.0,8,8,0,1.0,7,5,47,0.64,ok
COCCn1c(=O)c(-c2ccc(Cl)cc2)nc2cncnc21,1,1.0,3,3,0,1.0,2,2,5,0.16,ok
COCCc1noc(-c2cn(CCc3ccccc3)nn2)n1,1,1.0,2,2,0,1.0,1,1,1,0.02,ok
O=[N+]([O-])c1ccc(NCc2ccc(O)c(O)c2)cc1,1,1.0,2,2,0,1.0,1,1,1,0.02,ok
COC[C@H]1O[C@@H](OCc2ccc3ccccc3c2)[C@H](NC(=O)CCN)[C@@H](OCc2ccc3ccccc3c2)[C@@H]1O,0,0.6667,6,4,2,0.111111,,,24,0.61,ok
CC1(C)CCC(CN2CCN(c3ccc(C(=O)NS(=O)(=O)c4ccc(OCC5CCOCC5)c([N+](=O)[O-])c4)c(Oc4cnc(N)c(Cl)c4)c3)CC2)=C(c2ccc(Cl)cc2)C1,1,1.0,6,6,0,1.0,5,3,18,0.91,ok
CCNC(=O)c1oc2nc(-c3ccccc3)cc(C(F)(F)F)c2c1N,0,0.0667,45,3,42,0.0,,,67,2.2,ok
Cc1cc([C@](C)(N)C(=O)O)ccc1P(=O)(O)O,0,0.6,5,3,2,0.111111,,,32,0.15,ok
O=C(NC(c1ccccc1)c1c(O)ccc2ccccc12)c1ccccc1Cl,1,1.0,3,3,0,1.0,1,1,1,0.04,ok
O=C(CCNC(=O)C1CCN(S(=O)(=O)c2ccc(F)cc2)CC1)NCc1ccc(F)cc1,1,1.0,3,3,0,1.0,2,2,5,0.16,ok
[O-][S+](CCC(F)=C(F)F)c1nccs1,0,0.2857,7,2,5,0.000129,,,41,0.15,ok
COc1ccc(-n2nc(C(=O)Nc3ccc(C(C)=O)cc3)nc2-c2ccccc2)cc1,1,1.0,3,3,0,1.0,2,2,4,0.12,ok
CCCc1cc2c(cc1Cl)N(C(=O)Nc1cccnc1)CC2,1,1.0,3,3,0,1.0,2,2,3,0.05,ok
CC(C)[C@H](NC(=O)CNC(=O)[C@H](CO)NC(=O)c1ccccc1N)C(=O)N[C@@H](CS)C(=O)N[C@@H](Cc1ccc(O)c([N+](=O)[O-])c1)C(N)=O,1,1.0,6,6,0,1.0,5,2,15,0.71,ok
O=C(COC(=O)CCCOc1ccc(Cl)cc1Cl)Nc1cccc(Cl)c1,1,1.0,2,2,0,1.0,1,1,1,0.03,ok
C=CC[C@H](NC(=O)[C@H](Cc1ccccc1)NS(=O)(=O)N1CCOCC1)C(=O)N[C@@H](CC1CCCCC1)[C@@H](O)C[C@H](O)C(C)C,0,0.4167,12,5,7,0.0,,,67,0.47,ok
CC(C)C12CN3CC(C(C)C)(CN(C1)C3(C)C)C2=O,0,0.1429,7,1,6,8e-06,,,59,0.51,ok
c1ccc(Nc2ncncc2-c2ccoc2)cc1,1,1.0,3,3,0,1.0,2,2,4,0.12,ok
NS(=O)(=O)c1ccc(CCNC(=O)Cc2ccc(S(=O)(=O)N3CCCC3)s2)cc1,1,1.0,4,4,0,1.0,3,3,10,0.13,ok
COC[C@@H]1C[C@@H](OC)CN1S(=O)(=O)c1ccc2c(c1)C(=O)C(=O)N2,0,0.6667,6,4,2,0.111111,,,35,0.23,ok
COC1=C(C)C(=O)C2=C(C1=O)[C@H]1[C@@H]3CC4=C(C(=O)C(OC)=C(C)C4=O)[C@H](COC(=O)/C=C/c4c(F)c(F)c(F)c(F)c4F)N3[C@@H](C#N)[C@H](C2)N1C,0,0.4,5,2,3,0.015625,,,12,0.5,ok
CC(=O)Nc1ccc(C(=O)/C=C/c2ccc(O)c(O)c2)cc1,1,1.0,2,2,0,1.0,1,1,1,0.03,ok
C[C@@H]1CN([C@@H](CN(c2ccc(Oc3ccc(C(F)(F)F)cc3)cc2)S(C)(=O)=O)C(=O)NO)C[C@H](C)O1,0,0.1667,6,1,5,0.000129,,,13,0.28,ok
CN(C)CCn1c2c(c(SCC(=O)Nc3cccc(C(F)(F)F)c3)nc1=O)CCCC2,0,0.6,5,3,2,0.111111,,,20,0.17,ok
O=C1C[C@H](S(=O)(=O)O)c2ccccc2C1=O,1,1.0,1,1,0,1.0,,,0,0.0,ok
NS(=O)(=O)c1ccc(NC(=O)c2ccc(/N=C3\C(=O)Nc4ccc(Br)cc43)cc2)cc1,1,1.0,3,3,0,1.0,2,2,5,0.18,ok
COc1c(OC[C@H](O)CN2CCCC2)ccc2c1N=C(NC(=O)c1cncs1)N1CCN=C21,0,0.2222,18,4,14,0.0,,,76,1.58,ok
O=C(Nc1ccc(OC(F)(F)F)cc1)c1ccc(Cl)c(-c2cccnc2)c1,1,1.0,2,2,0,1.0,1,1,1,0.04,ok
CCCCCCCC1=CC(=O)C=C(OC)C1=O,1,1.0,2,2,0,1.0,1,1,1,0.02,ok
O=C(NCC(c1cccnc1)N1CCc2ccccc2C1)c1ccc(F)c(F)c1,1,1.0,3,3,0,1.0,2,2,3,0.08,ok
Nc1nc(N)c2cc(NCc3ccc(CCNC(=O)c4ccc([N+](=O)[O-])cc4)cc3)ccc2n1,1,1.0,3,3,0,1.0,2,2,4,0.11,ok
O=S(=O)(O)OC[C@@H]1CNC[C@H](OCc2ccc3ccccc3c2)[C@H]1c1ccc(OCCCOCc2ccccc2)cc1,0,0.75,8,6,2,0.111111,,,66,1.06,ok
COc1ccc(Cn2ncc(NC(=O)c3cc(NC(=O)c4ccc(-c5cc(C(F)(F)F)ccc5Cl)o4)ccc3C)c2N)cc1,1,1.0,5,5,0,1.0,4,2,6,0.22,ok
C/C=C/c1ccc2c(c1)[C@H]1[C@H](CCN1S(=O)(=O)c1ccccc1C)[C@@H](CO)N2,0,0.5,10,5,5,0.000129,,,59,0.71,ok
NS(=O)(=O)c1cc(C(=O)NCCCO)c(NCc2ccccc2)cc1Cl,1,1.0,4,4,0,1.0,3,3,11,0.19,ok
CN[C@@H](C)C(=O)N[C@H]1CCC[C@H]2C[C@H]3CCN(CCc4ccccc4F)C[C@H]3N2C1=O,0,0.3571,14,5,9,0.0,,,111,1.59,ok
Fc1cccc(Cl)c1CNn1cnnc1S,1,1.0,2,2,0,1.0,1,1,1,0.01,ok
CC(C)=CCC/C(C)=C/CC/C(C)=C/C(=O)OC/C=C/c1ccccc1,1,1.0,6,6,0,1.0,5,3,15,0.29,ok
O=S(=O)(NCc1ccccc1)c1ccccc1NCc1ccc(Cl)cc1,1,1.0,3,3,0,1.0,2,2,3,0.08,ok
CC(=O)Nc1ccc(CN2CCOC3(C2)CC(C)(C)Oc2ccccc23)cc1,0,0.4545,11,5,6,8e-06,,,91,0.89,ok
FC(F)(F)c1ccccc1C1CCN(Cc2[nH]nc3ccccc23)CC1,1,1.0,2,2,0,1.0,1,1,1,0.06,ok
COCCNc1nc(C)nc2c1nc(-c1ccccc1)n2CC1CCN(C)CC1,1,1.0,4,4,0,1.0,3,3,8,0.23,ok
CCCC(=O)N1CCN(c2ccc(NC(=O)c3ccc([N+](=O)[O-])o3)cc2)CC1,1,1.0,2,2,0,1.0,1,1,1,0.03,ok
C=C(C=O)[C@@H]1CC[C@]2(C(=O)OC)CC[C@]3(C)[C@H](CC[C@@H]4[C@@](C)(CC#N)[C@H](C(C)(C)C(=O)CBr)CC[C@]43C)[C@@H]12,0,0.125,8,1,7,0.0,,,15,0.27,ok
O=C(O)c1cnc2c(cnn2-c2ccccc2)c1Nc1cccc([N+](=O)[O-])c1,1,1.0,4,4,0,1.0,3,3,13,0.2,ok
Nc1nc(Cl)c2ncn([C@H]3CCC[C@H]3CO)c2n1,1,1.0,2,2,0,1.0,1,1,1,0.02,ok
CN(C(=O)Nc1nncs1)C1CCN(c2ccccc2Cl)C1=O,0,0.6,5,3,2,0.111111,,,29,0.25,ok
CN(C)c1ccc(-c2cncnc2NCc2ccccc2)cc1,1,1.0,3,3,0,1.0,2,2,4,0.11,ok
O=C(Nc1ccc(Cc2ccc(NC(=O)[C@@H]3CCCN3C(=O)Cc3ccccc3)cc2)cc1)[C@@H]1CCCN1C(=O)Cc1ccccc1,1,1.0,3,3,0,1.0,2,2,3,0.2,ok
C[C@H]1C(=O)O[C@@H]([C@](C)(O)[C@H]2CC[C@@]3(O)[C@@H]4CC=C5CC=CC(=O)[C@]5(C)[C@H]4CC[C@]23C)[C@@H](O)[C@@H]1CO,0,0.1429,7,1,6,8e-06,,,100,3.14,ok
CCN(CC)c1ccc(NC(=O)c2c(-c3ccccc3-c3ccccc3)noc2C)cc1,1,1.0,3,3,0,1.0,2,2,4,0.16,ok
c1ccc(Cc2nsc(C3CN4CCC3CC4)n2)cc1,1,1.0,6,6,0,1.0,5,3,30,0.51,ok
CN1CCN(c2nc(Oc3ccc(C#N)cn3)nc(-c3ccc(N4C(=O)CSC4c4ccccc4)cc3)n2)CC1,0,0.6,5,3,2,0.111111,,,18,0.41,ok
Oc1ccc(CCNc2ncnc3ccccc23)cc1,1,1.0,2,2,0,1.0,1,1,1,0.02,ok
CC(=O)OC1CC2C(C)(C)C(O)CCC2(C)C2CC[C@]3(C)C(=CC(=O)OC3c3ccoc3)C12C,0,0.5,12,6,6,8e-06,,,71,2.01,ok
CC1CN([C@H]2CC[C@H](n3cc(C(N)=O)c(Nc4ccc(S(=O)(=O)C(F)(F)F)cc4)n3)[C@@H](C#N)C2)C1,1,1.0,7,7,0,1.0,5,4,48,0.48,ok
COc1cccc(-c2nc(Nc3ccc(C#N)cc3)c3cc([N+](=O)[O-])ccc3n2)c1,1,1.0,3,3,0,1.0,2,2,4,0.14,ok
CCCN1C(=O)CCc2cc(-n3cnnc3)ccc21,1,1.0,2,2,0,1.0,1,1,1,0.02,ok
C=C1c2ccccc2C(=O)c2c1c1c(C(=O)OC)c(O)ccc1n2Cc1ccccc1,1,1.0,7,7,0,1.0,6,4,17,0.41,ok
CCOC(=O)CC1=NC(C)=C(C#N)C(c2ccccc2C(F)(F)F)/C1=C(\O)OCC,1,1.0,7,7,0,1.0,6,4,49,0.58,ok
CCn1nnc2c(N3CCOCC3)nc(-c3ccc(NC(=O)Nc4ccc(C(=O)NCCc5ccccn5)cc4)cc3)nc21,1,1.0,7,7,0,1.0,6,5,60,0.6,ok
CC(C)c1sc(Cl)nc1C(=O)N1CCN(c2ccccc2)CC1,1,1.0,2,2,0,1.0,1,1,1,0.04,ok
CC(C)(C)CNc1c(C#N)c(C(F)F)nn1-c1ccc(S(N)(=O)=O)cn1,0,0.3333,9,3,6,8e-06,,,30,0.25,ok
Cc1ccc(Cn2c(SCC(=O)NCc3ccco3)nc3ccsc3c2=O)cc1,1,1.0,3,3,0,1.0,2,2,3,0.08,ok
COc1cc(Nc2cncc(Oc3cccc(Cl)c3)n2)cc(OC)c1OC,1,1.0,3,3,0,1.0,2,2,4,0.15,ok
O=C(Nc1cccc(C(F)(F)F)c1)c1csc(-c2ccncc2)n1,1,1.0,2,2,0,1.0,1,1,1,0.04,ok
O=C(Nc1ccc(NC(=O)C2CC2)cn1)c1ccccc1,1,1.0,2,2,0,1.0,1,1,1,0.04,ok
Cc1cccc(NC(=O)Nc2cccc(CNc3ncnc4c(C(N)=O)cccc34)c2)c1,1,1.0,4,4,0,1.0,3,3,12,0.19,ok
O=C(CCC(F)(C(F)(F)F)C(F)(F)F)N1CCC(c2nc(-c3cccs3)no2)CC1,1,1.0,2,2,0,1.0,1,1,1,0.03,ok
Cc1ccc(/C=N/NC(=O)CC(=O)NCc2cccnc2)cc1,1,1.0,3,3,0,1.0,2,2,4,0.09,ok
COc1ccc(N2C(=O)/C(=C\c3ccco3)N=C2SCC(=O)N(C(C)C)C(C)C)cc1Cl,1,1.0,5,5,0,1.0,4,4,19,0.29,ok
O=C(CSc1nc(-c2ccccc2)c(-c2ccccc2)o1)Nc1nnc(-c2ccccc2)s1,1,1.0,5,5,0,1.0,4,3,11,0.2,ok
OCc1cc(C(O)CNCCc2ccc(Nc3cccc4ccccc34)cc2)ccc1O,1,1.0,4,4,0,1.0,3,2,6,0.13,ok
CNC[C@H]1CC[C@H](Nc2c(C(=O)C3CC3)cnc3ccc(-c4cc(Cl)c(O)c(Cl)c4)cc23)CC1,0,0.25,4,1,3,0.015625,,,7,0.22,ok
COc1cc(C2C(N3C(=O)c4ccccc4C3=O)C(=O)N2c2cccc(C)c2)cc(OC)c1OC,1,1.0,3,3,0,1.0,2,2,3,0.09,ok
CN1CCc2c(sc(NC(=O)C3CCCC3)c2C(N)=O)C1,1,1.0,2,2,0,1.0,1,1,1,0.03,ok
NCc1cccc(-c2ccccc2)c1,1,1.0,1,1,0,1.0,,,0,0.0,ok
CCOC(=O)c1cc(-c2ccccc2)nc2nc(N(CC)CC)sc12,1,1.0,6,6,0,1.0,5,5,69,0.71,ok
Cc1ccc(C)c(NC(=O)CSc2nc(=O)n(CCN3CCOCC3)c3c2CCCC3)c1,1,1.0,3,3,0,1.0,2,2,4,0.12,ok
